slice_guess,video_id,channel,title,published,comment_count,sample_n,ar_pct,en_pct,mixed_pct,query_tag
english,CJzUfj-5jFQ,Emma Jordyn,SUMMER SHEIN HAUL! 👙☀️#haul #shein #haulvideo #unboxing #viral #trending #summer #clothes #fyp,2025-05-21,1058,50,0.0,1.0,0.0,en_haul_us
arabic,z9r4kSdW_Kk,Sara's Makeup,مشترياتي العشوائية من موقع شي ان 😱 ثياب و اكسسوارات و ادوات تجميل 🤯,2026-08-30,636,50,1.0,0.0,0.0,ar_haul_eg
english,BjEliJBvntg,Gianna Joyce,summer shein haul :) #haul,2025-06-14,590,50,0.0,1.0,0.0,en_haul_us
arabic,wEdtO74Xcqo,Waed Qasem,تجربتي مع الأجهزة الأعلى تقييم من شي إن | رأيي الصريح 🤯,2026-01-06,426,50,1.0,0.0,0.0,ar_review
english,DhhD_DP1i5U,Clara Afua,SHEIN try on haul #sheinpartner #fashionhaul #sheingals,2025-07-19,417,50,0.0,1.0,0.0,en_haul_us
english,0oNcWJY08OM,Campbell Kiser,SHEIN HAUL!! #fyppp #viralvideo #haul #grwm #shoppinghaul #explorepage #discover #cute #clothing,2025-07-22,378,50,0.0,1.0,0.0,en_haul_us
arabic,wuis2AJ6s8Y,Sh5baar,منتجات شي ان مستحيل تصدق سعرها || أرخص منتجات شي ان على الاطلاق,2025-04-23,255,50,1.0,0.0,0.0,ar_review
english,ihWbVfWZuSw,Nariman,#funny #shein #sheinhaul #affordable #review #fashion,2025-03-11,250,50,0.0,1.0,0.0,en_review
english,pjjqNQABMb0,Missie,Shein squishy haul with codes ❤️,2026-08-20,213,50,0.0,1.0,0.0,ar_haul_sa
english,6nVlD0pHL1g,MyWifeQuitHerJob Ecommerce Channel,Buyers Beware! Is Shein Legit And Safe To Buy From? (My Unbiased Review),2024-05-07,183,50,0.0,1.0,0.0,en_review
english,dG7FXca9dKU,Zhi Yong Phang,MY SHEIN HAUL @SHEINOFFICIAL  #shein #haul #fashion,2024-07-09,170,50,0.0,1.0,0.0,en_haul_us
english,WjerrcSwOgw,Justina,SHEIN Made Me Buy This For FALL 🍂,2026-10-04,149,50,0.0,1.0,0.0,ar_haul_sa
english,Plb5ujjXFNQ,ohkgwen,Mini SHEIN haul #shein #haul #backtoschool,2024-08-04,128,50,0.0,1.0,0.0,en_haul_us
arabic,S9fnZoPMJdc,Yussra Mukarram Shopping Queen,مشتريات شي ان طلعت تجنن 😭,2025-08-30,125,50,1.0,0.0,0.0,ar_haul_eg
english,hjftU5SU0tU,Roxxsaurus,I Spent £200 On SHEIN Spring Clothing! Too Good To Be True!?,2026-03-20,124,50,0.0,1.0,0.0,en_review
english,dZ5vaNNTUYg,SHEROY,IS SHEIN WORTH IT? SHEIN MENSWEAR REVIEW,2024-11-10,115,50,0.0,1.0,0.0,en_review
english,Nvn2WLG8ypM,Ariya London ,Shein dresses HAUL - full haul on my channel! High quality and affordable! #sheinhaul #dresses,2024-10-02,113,50,0.0,1.0,0.0,mix_dubai
english,zlkI5lFemdU,Taylor Rankine ,WHAT TO BUY (&amp; NOT BUY) on SHEIN 🚨 | The ultimate SHEIN shopping guide on what’s WORTH your $$,2025-03-21,109,50,0.0,1.0,0.0,en_review
english,Rm5ekl6lQMY,Roxxsaurus,I Bought Unrealistic SHEIN Spring Clothes… Are They Actually Worth It?,2026-04-17,103,50,0.0,1.0,0.0,en_review
english,QhvTA81Z5a8,Cristina Liss,I Bought the Viral SHEIN Clothing *honest review* + Try On Haul,2026-06-14,98,50,0.0,1.0,0.0,en_review
english,Y6HFY10WIA0,Buildsbyb,Shein squishy haul + codes #squishy #squishyhaul #sheinhaul,2026-08-14,77,50,0.0,1.0,0.0,ar_haul_sa
english,9XLvXT8Z18w,Andrea Ruiz,Mega Shein haul | parte 1 (accessories)🌊🌺🏝️🌅#haul #shein #sheinhaul #summer #pinterestaesthetic,2025-06-28,70,50,0.0,1.0,0.0,en_haul_us
english,FV1d5jD5l8o,Sophii,HUGE $400 SHEIN HAUL *im broke now..*,2026-06-20,64,36,0.0,1.0,0.0,ar_haul_sa
english,hdAoDPd4ByY,Diksha Bhandari,Shein Haul 2025 💅 #shorts #shein #sheinhaul,2025-01-02,62,28,0.0,1.0,0.0,mix_dubai
english,AraVg-mSirM,Bronniee,"10 SHEIN Looks For The In-Between Season | Cool Girl, Edgy Vibes",2026-10-04,48,47,0.0,1.0,0.0,ar_haul_sa
english,vSIabyWbxME,Symphony Taylor,SHEIN FALL TRY ON HAUL 2026 🍂 Fall Capsule Pieces + Cozy Autumn Must Haves,2026-09-05,45,21,0.0,1.0,0.0,ar_haul_sa
english,Pl--rDaQ9ew,Cvrrent Flow,Honest clothing brand review @SHEINOFFICIAL #fashion #sheinhaul #shein #fashiontrends #clothes,2025-06-19,24,12,0.0,1.0,0.0,en_review
english,RIXts_PZJGg,Ella Pretty,Pink Shein Dress Haul #fashionfinds #sheinforall #saveinstyle #ootd #affordablefashion,2025-04-06,22,15,0.0,1.0,0.0,mix_dubai
english,wHT1VjXtH6o,Ria Sehgal,Is SHEIN outlet In Dubai A SCAM ? 🤯 How can this be so cheap ! #ytshorts,2024-03-27,21,18,0.0,1.0,0.0,mix_dubai
arabic,8560RK9-iWw,Beauty _basket95,تنسيقات من شي ان #explore #اكسبلور #shein #fashion #sheinshopping,2024-12-07,5707,50,0.98,0.02,0.0,ar_review
arabic,ZnH6YEjVuzI,منوعات seehes,ملابس شي ان تجربة مجانية,2021-08-06,224,50,0.98,0.02,0.0,ar_review
arabic,rsWiULlf0S0,Sara's Makeup,مشترياتي من شي إن 😱 مصيبة  #shein #sheinhaul #موقع_شي_ان #شي_ان,2023-05-22,222,50,0.98,0.0,0.02,ar_review
arabic,t9IdHeOfFiA,Sh5baar,أغرب اختراعات من شي إن… رخيصة لدرجة تخوف 😳,2025-12-17,159,50,0.98,0.02,0.0,ar_review
arabic,54qFWoz0cJM,Yussra Mukarram Shopping Queen,مشتريات شي ان طلعت تجنن 😭 SHEIN HAUL,2025-09-08,151,50,0.98,0.02,0.0,ar_haul_eg
arabic,Z56GFJBt5p0,rana.reviews ,منتجات من شي إن منضيعيش فلوسك عليها ❌💸 #shein,2021-12-12,112,50,0.98,0.0,0.02,ar_review
arabic,fLl_mp7nWqk,Yussra Mukarram Shopping Queen,مشتريات شي ان طلعت تجنن 😭SHEIN HAUL,2025-09-22,259,50,0.96,0.04,0.0,ar_haul_eg
arabic,4fEycJyCgZU,Sh5baar,اختراعات شي إن العجيبة: هل فعلاً تنفع؟ 🤔 || Testing Viral SHEIN Inventions,2026-07-29,194,50,0.96,0.04,0.0,ar_review
english,xBQVj6OjeQg,Alexandra Alvarez,SHEIN FALL TRY ON | OCTOBER 2025,2025-10-07,61,21,0.05,0.95,0.0,mix_dubai
arabic,oY6SJTidPk4,Nourhan Magdy - نورهان مجدي,جربت 10 اختراعات للمطبخ من شي إن … وندمت! 😱,2026-02-15,97,50,0.94,0.06,0.0,ar_review
english,j2yHRDYUUII,dυdα౨ৎ,SHEIN haul🎀📦#unboxing #sheinunboxing #sheinhaul #shein #aestheticvideo,2025-10-25,55,45,0.07,0.93,0.0,ar_haul_sa
arabic,qf17rookbO0,Mariam's Art,أدوات فاشلة من شى ان جبتها وندمت 🫠 رجعولي فلوسي 😭 #اكسبلور #شي_إن #shein #اكسبلور_explore #مصر,2025-08-01,21,14,0.93,0.07,0.0,ar_haul_eg
arabic,QHcufFSdkQ0,Yussra Mukarram Shopping Queen,مشتريات شي ان للخريف 🥹🫶SHEIN HAUL,2025-09-06,101,50,0.92,0.08,0.0,ar_haul_eg
arabic,iogIhP6pm-E,Yussra Mukarram Shopping Queen,مشتريات شي ان 😍 SHEIN 2026 Spring Sale,2026-04-02,97,50,0.92,0.08,0.0,ar_haul_eg
arabic,E3PqP5qqN34,Yussra Mukarram Shopping Queen,مشتريات شي ان طلعت تجنن 😭 SHEIN Ocili 2026,2026-07-23,57,50,0.92,0.08,0.0,ar_haul_eg
arabic,kQZ0Rvm4M0o,Yussra Mukarram Shopping Queen,مشتريات شي ان 😍 SHEIN FALL,2026-08-27,30,18,0.89,0.11,0.0,ar_haul_eg
arabic,J_n63DCvN7I,Yussra Mukarram Shopping Queen,مشتريات شي ان 😍SHEIN Ocili,2026-09-24,24,18,0.83,0.17,0.0,ar_haul_eg
