slice_target,video_id,channel,title,published,comment_count,ar_pct,en_pct,url,notes
arabic,8560RK9-iWw,Beauty _basket95,تنسيقات من شي ان,2024-12-07,5707,0.98,0.02,https://www.youtube.com/watch?v=8560RK9-iWw,high-volume AR haul; broadest topic coverage
arabic,z9r4kSdW_Kk,Sara's Makeup,مشترياتي العشوائية من موقع شي ان,2026-08-30,636,1.0,0.0,https://www.youtube.com/watch?v=z9r4kSdW_Kk,random-items haul; good for quality/price topics
arabic,wEdtO74Xcqo,Waed Qasem,تجربتي مع الأجهزة الأعلى تقييم من شي إن | رأيي الصريح,2026-01-06,426,1.0,0.0,https://www.youtube.com/watch?v=wEdtO74Xcqo,honest review (رأيي الصريح) — critical opinions
arabic,fLl_mp7nWqk,Yussra Mukarram Shopping Queen,مشتريات شي ان طلعت تجنن SHEIN HAUL,2025-09-22,259,0.96,0.04,https://www.youtube.com/watch?v=fLl_mp7nWqk,EG-dialect haul; bilingual title → chance of mixed
arabic,wuis2AJ6s8Y,Sh5baar,منتجات شي ان مستحيل تصدق سعرها,2025-04-23,255,1.0,0.0,https://www.youtube.com/watch?v=wuis2AJ6s8Y,price-focused review
arabic,4fEycJyCgZU,Sh5baar,اختراعات شي إن العجيبة | Testing Viral SHEIN Inventions,2026-07-29,194,0.96,0.04,https://www.youtube.com/watch?v=4fEycJyCgZU,bilingual title; good mixed-comment chance
english,CJzUfj-5jFQ,Emma Jordyn,SUMMER SHEIN HAUL,2025-05-21,1058,0.0,1.0,https://www.youtube.com/watch?v=CJzUfj-5jFQ,top-volume EN haul
english,BjEliJBvntg,Gianna Joyce,summer shein haul,2025-06-14,590,0.0,1.0,https://www.youtube.com/watch?v=BjEliJBvntg,casual EN haul
english,DhhD_DP1i5U,Clara Afua,SHEIN try on haul,2025-07-19,417,0.0,1.0,https://www.youtube.com/watch?v=DhhD_DP1i5U,sizing-topic rich (try-on)
english,0oNcWJY08OM,Campbell Kiser,SHEIN HAUL,2025-07-22,378,0.0,1.0,https://www.youtube.com/watch?v=0oNcWJY08OM,casual EN haul
english,6nVlD0pHL1g,MyWifeQuitHerJob Ecommerce Channel,Is Shein Legit And Safe To Buy From? (My Unbiased Review),2024-05-07,183,0.0,1.0,https://www.youtube.com/watch?v=6nVlD0pHL1g,critical review — negative sentiment + returns/customer_service
english,hjftU5SU0tU,Roxxsaurus,I Spent £200 On SHEIN Spring Clothing! Too Good To Be True?,2026-03-20,124,0.0,1.0,https://www.youtube.com/watch?v=hjftU5SU0tU,UK review; quality topic
english,zlkI5lFemdU,Taylor Rankine,WHAT TO BUY (& NOT BUY) on SHEIN,2025-03-21,109,0.0,1.0,https://www.youtube.com/watch?v=zlkI5lFemdU,buyer-guide; product_praise + warnings
english,wHT1VjXtH6o,Ria Sehgal,Is SHEIN outlet In Dubai A SCAM?,2024-03-27,21,0.0,1.0,https://www.youtube.com/watch?v=wHT1VjXtH6o,Dubai-topic → chance of Gulf audience / mixed comments
english,xBQVj6OjeQg,Alexandra Alvarez,SHEIN FALL TRY ON | OCTOBER 2025,2025-10-07,61,0.05,0.95,https://www.youtube.com/watch?v=xBQVj6OjeQg,only EN video with non-zero AR in sample
