id,video_id,comment_id,slice,text,like_count,reply_count,published_at
youtube_arabic_001,8560RK9-iWw,Ugw0pTVrKCVrBislGot4AaABAg,arabic,لأعلم إذا كانت جورجينا جيدة أم سيئة لكن أنا متأكدة أن كل شيء يهتم له كرستيانو يثير جدل ويكون مميز عند الكثير من الأشخاص مثلا الجميع يقول سيي فقط لأن رونالدو يقولها قال الدوري سعودي أفضل من الفرنسي قال أن فينيسيوس هو من يستحق الكرة الذهبية إتفق الجميع على هذا طبعا أنا أتحدث عن الكرة وليس الدين فلا داعي للمهاجمة وخلط الأمور,1,0,2025-04-21T16:30:38Z
youtube_arabic_002,8560RK9-iWw,Ugw1eiNKH9bbggDp4TJ4AaABAg,arabic,ولا وحدة فيهم جورجينا لبست اسود من حيث لون فخامة اما هي لبستو مانو متناسق مع جسمها صدرها بارز مو متناسق اما لباس الاخر محتشم نوعا ما,1,0,2025-01-07T22:17:59Z
youtube_arabic_003,8560RK9-iWw,Ugw2sTxK6XbHK3XVfkB4AaABAg,arabic,يعني الواحد ما يبغى يتنمر لكن رب العالمين خلقنا بأحسن تقويم يجون هم يخربون اشكالهم ويركبون ويغيرون اشياء كنهم موتر يعني صراحتا يلوعون الكبد أستغفر الله طالعين كنهم مسوخ🤦♀️,5,0,2025-06-26T15:37:59Z
youtube_arabic_004,8560RK9-iWw,Ugw4PSjgQwlJdg07ReZ4AaABAg,arabic,بالعكس كلهم عطوا عليها لبسها يفشل مو مناسب للحفل و حتى شعرها مو مسويته جايه تسليك لو مناسبه اجنبية جان جت فل اناقة بس واضح تقلل من مناسبات العرب و كذلك انتو تقللون من العربيات بهاي المنشورات 🥰,1,0,2026-05-12T14:30:21Z
youtube_arabic_005,8560RK9-iWw,Ugw7ZyRlwKszEruxB_Z4AaABAg,arabic,3:02 في زمن صار فيه كل شيء بمقابل، اخترت أنت أن تعطي بلا حدود، وأن تزرع العلم في دروبنا بالمجان، لا لشيء إلا لإيمانك بنا وبمستقبلنااستمرارك معنا رغم الضيق ورغم كلام الناس هو أكبر دليل على نبل أخلاقك أنت لا تُدرسنا مادة علمية فحسب،بل تُدرسنا درساً في الصمود والإخلاص أثرك باقٍ وكلامهم فانٍ استاذ مانتمنى نشوفك ضايج وأن شاءالله تعبك ميضيع احنه كاعد نتعب علمود ميضيع تعبكم ويانه وتشوفون درجاتنه ❤❤,1,0,2026-04-14T07:16:21Z
youtube_arabic_006,8560RK9-iWw,Ugw9KWcDpqTpSyYg-lp4AaABAg,arabic,ترا يجماعه لبس جورجينا مو من شي أن ترا من ماركات ذي الملونيره تلبس من شي أن ترا نفس الفستان بس الي يبوعوه بشي أن للصغاره وحقو اربع ليارت اردني تخيلو تلبس من شي ان,1,0,2025-06-21T07:55:52Z
youtube_arabic_007,8560RK9-iWw,UgwEzMZWku5v3wamPzV4AaABAg,arabic,ترا ذي فكرة جورجينا انو كتبت بالدعوة انو يلبسو زهري وليلكي وبيج وذي الدرجات عشان هي تلبس اسود وتكون مميزة عنهم(في ناس ما يقدرو يلبسو الوان يعني بس اسود),1,0,2025-02-05T19:28:24Z
youtube_arabic_008,8560RK9-iWw,UgwFJbUSaeJ5eLk1_fp4AaABAg,arabic,ضحكتم فيكم جورجينا تلقاها كتموت بالضحك عليكم غاصابرة حتى توصل لدار وتنفجر بالضحك ويلي على بينوار بريش نعام ديال بيت نعاس😂😂😂,1,0,2024-12-22T22:58:24Z
youtube_arabic_009,8560RK9-iWw,UgwIHnv1NvtgRnT_bcx4AaABAg,arabic,الصراحه الصراحه هنه كلش مبالغات بلزينه والالوان والملابس وجورجينا مبالغه بلبساطه درجة اللبس كلش عادي متعبانه غليه لا اكسسوارات لا شي,1,0,2026-09-19T16:01:38Z
youtube_arabic_010,8560RK9-iWw,UgwMfgkhhOpbE-cKL8p4AaABAg,arabic,كلهم لبسهم يفشل انوب جورجينا لابسه علاگه وجاية استحي البس لبسها مع نفسي والـ3 الي گدامها يمثلوني اني وبنات خالاتي لما كنة بالابتدائية ومتأثرين بالمسلسلات ونجي نرقع ملابسنا مع ملابس امهاتنا واخواننا وابائنا ونطلع بستايل خايس وفرحانين بيه فـ المهم كلهم منضرهم لايرضي الله سبحانه وتعالى ولاحتى البشر.,4,0,2024-12-12T00:38:05Z
youtube_arabic_011,8560RK9-iWw,UgwNflVpx8LXeDrkmBt4AaABAg,arabic,ايه الريش ده خجلتونا كنتو جيبو درة التونسية عشان تغطي عليها اي تونسية و خلاص تعرف تلبس مش زي المهرجات دي قال ريش قال 😂😂😂 حتى في غرفة النوم بقى موضة قديمةمن الخمسينات زمن نازك هانم الصلحدار 😂😂,1,0,2024-12-21T22:40:30Z
youtube_arabic_012,8560RK9-iWw,UgwVJbKdkWQ8vW5j0od4AaABAg,arabic,يوم لا ينفع مال ولا بنون إلا من أتى الله بقلب سليم 🤍🤲اللهم أحسن خاتمتنا وأغفر لنا ولوالدينا ولجميع المسلمين والمسلمات وأرحمنا برحمتك يا أرحم الراحمين 🤲 🕊️ 💞,22,0,2025-04-13T13:34:52Z
youtube_arabic_013,8560RK9-iWw,UgwZalTWVkRaiUr8ZHF4AaABAg,arabic,أصلا السعوديات ذوقهم صفر والله في المناسبات ولا أي شي كترت البريستيج ولبس لا علاقة و ذهب ومكياج أوڤر و عدسات جات جورجينا ببساطة صارت حلوة عليهمم كلهم,2,0,2025-08-01T18:20:10Z
youtube_arabic_014,8560RK9-iWw,UgwbXsH5np7Ow5wim6h4AaABAg,arabic,لا حول ولا قوة الا بالله اهلنا بغزة عم يموتو وبسودان عم يموتو وبسوريا العصابات مليانة والعراق كمان وآخر شي تجي تحكو علي إطلالات كفار,1,0,2025-08-06T15:51:06Z
youtube_arabic_015,8560RK9-iWw,UgwcIJd6k5j8ovEOkNN4AaABAg,arabic,يشهد علي الله ومحمد رسول الله انه البنات المتحجبات اجمل من ملكات جمال العالم انا كشب عمري 22 سنه انه البنات المتحجبات في الجامعه اجمل من كل وحده غير لابسه للحجاب,1,0,2025-04-21T16:29:51Z
youtube_arabic_016,8560RK9-iWw,UgwgdFFUUHlbnVXM3rB4AaABAg,arabic,تره حتى جورجينا ملابسها مو حلوه ابداً وجداً بسيطة لدرجة حتى بعرس ما اكدر البس هيج فستان مو انوب افتتاح عطر ! وهيج مشهور وحتى ستيانها مو على مقاسها واصغر ومبين شكل صدرها نشاز,1,0,2025-02-26T20:56:02Z
youtube_arabic_017,8560RK9-iWw,UgwiltZjQdjDmWG_TyF4AaABAg,arabic,والله العظيم اسوء اطلاله هيه اطلالة جورجينا زين بس اريد اعرف عده ثقه جيس حب خره بهيج ثقه واريد احجيه مباشر ودور شنو هذا سدره ايع 🤢 اه الله يثبتنه عله طريق الحجاب والستر بس 🙄😁,1,0,2025-05-26T19:56:39Z
youtube_arabic_018,8560RK9-iWw,UgwjVOwnD79mkQFGB3p4AaABAg,arabic,ايععععع ذنيي البناتتت ينرزفزنن وحدهه لابسهه ديج بي كم ريشه باقيه والثانيه لا دجاجه هم مهلسه بس بيها شعر اكثر من الديج والثالثه بيضه مسلوگه وبسس سويي لايكك باجرر عنديي امتحانن ادعولييي طالبههه سادسس 🌝✨🫰🏻,1,0,2025-05-18T22:34:38Z
youtube_arabic_019,8560RK9-iWw,Ugwq0SVLH6MI4neKzWt4AaABAg,arabic,بكل بساطة( لولا اختلاف الاذواق لبارت السلع) همة هيك اذواقهم بالبس وهية هيك ذوقها ف عادي المهم الشخص يكون عاجبه شكله طز بالباقي طالما هية راضية عن نفسها 😊,1,0,2024-12-14T16:02:16Z
youtube_arabic_020,8560RK9-iWw,UgwqzGRi-3JN6xFXmJh4AaABAg,arabic,بعد ما راحت جورجينا صاروا يحكيوا على جورجينا و على لبسها😢 واصلا جورجينا احلا وحدة فيهم..😢 انا اكره البنات و النسوان مع انو انا بنت,1,0,2025-12-29T18:23:12Z
youtube_arabic_021,8560RK9-iWw,Ugwr58uDBjNpS6-TpwR4AaABAg,arabic,مره مافي ثقه بالنفس ليه انا الوحيده الي مااشوف جورجينا حلووه المميز فيها انه فيها كريزما وجادبيه وثقه عاليه بالنفس اما جمال ابد حتى شكل جسمها مااحبه عاملين عليها ضجه لسه مدري,1,0,2024-12-17T22:29:42Z
youtube_arabic_022,8560RK9-iWw,UgwtBYXqRo6Pvr45vLN4AaABAg,arabic,قال رسول الله صلى الله عليه وسلم (( ونِساءٌ كاسِياتٌ عارياتٌ مُمِيلاتٌ مائِلاتٌ، رُؤُسُهُنَّ كَأسْنمَةِ البُخْتِ المائِلَةِ، لا يَدْخُلْنَ الجَنَّةَ، ولا يَجِدْنَ رِيحَها،وإنَّ رِيحَها ليُوجَدُ مِن مَسِيرَةِ كَذا وكَذا)) « صحيح مسلم » ( 2128 ) هذا رأيي اتمنى يعجبك و اتمنى محد يهجم ويقول مالك دخل لأنه المفروض ننهي عن المنكر مو نشجع عليه 🫶🏻🫶🏻,1,0,2025-07-23T04:37:09Z
youtube_arabic_023,8560RK9-iWw,UgwuUy4k7yujbKR4jst4AaABAg,arabic,كلهن لعبان نفس وتبرج ولا حدة بيهن قدوة القدوة الي توقف بوجه الميركافا الاسرائيلية القدوة الي تقدم اولادها فداء للمقاومة وتحرير الأرض,1,0,2025-02-04T16:38:05Z
youtube_arabic_024,8560RK9-iWw,Ugx08Zu9bUkiiNV31Eh4AaABAg,arabic,اكو تطبيق ملابسه من كوريه اصنعوه ويبوعوه بل امارات اسم التكبيق شيك بويت احله من شي ان وملابسه اتجنن والخامايه مالته اتخبل و عدهم بس ملابس رحالي ونسائي ولاظي وبناتي واطفال اهواي اشياء حلوه اكثير انصحكم في اسمه شيك بوين,1,0,2025-05-08T23:07:11Z
youtube_arabic_025,8560RK9-iWw,Ugx21U6zXVpHhUl4XHJ4AaABAg,arabic,يقهرني وجههم وتوترهم ترا كذا حسسوها انه فعلا هي مهمة او اعلى منهم المفروض يعاملونها عادي جدا ، انا قابلت مشهورة نسيت اسمها المهم سمراء متزوجة امريكي عاملتها عادي جدا هي بني ادمة زيي عادي,5,2,2024-12-11T13:46:25Z
youtube_arabic_026,8560RK9-iWw,Ugx3v4dVxKHgpY0Axdx4AaABAg,arabic,اسوء شيء جورجينا لا منظر شلون صدرها صاير ولا مناسب ولا شيء الحين هذا عجبكم بس لانه جورجينا لاتقصون على عقول ناس صغيرة ولا وحدة حلوة 😅,1,0,2025-12-27T02:53:13Z
youtube_arabic_027,8560RK9-iWw,Ugx5Ppa1rl6T6v-X81R4AaABAg,arabic,ولله صار معي هلموقف بخطبة قريب،علي. كتير فلازم كون متشيكة ف عرسوا قمت لبست فستان من خزانتي لكن فخم وموضة فا غطييييت ع لعروووووسة حرفيا 😂😂😂,5,2,2024-12-13T23:51:55Z
youtube_arabic_028,8560RK9-iWw,Ugx6n8aaoGAWh-r_L394AaABAg,arabic,البساطة و الأشياء السادة الي بيها تفاصيل صغيرة بس تأثر هواية على اللبس دائمًا تخلي شكل اللبس راقي و أنيق أكثر من اللبس المبهرج.,5,0,2024-12-25T13:22:16Z
youtube_arabic_029,8560RK9-iWw,UgxANnlQvuFjbgRaa554AaABAg,arabic,ترا جوجي الحين شايفتهم اوفر لانو بالنسبة لها هذا ايفينت عادي مو عرس وذول لابسين ريش يعني هما الي طالع شكلهم مو حلوة وسط ايفينت تبع عطر,1,0,2026-04-28T03:46:15Z
youtube_arabic_030,8560RK9-iWw,UgxAcAB1USDzKt5dmjl4AaABAg,arabic,سبحان الله الناس بوجهين ✨ تعديل : صرت مشهوره ب 72 لايك شكرا اول مره اوصل هذا العدد الكبير بالنسبة لي✨🫶🫂 تعديل مره اخرى✨ : صار عندي 80 لايك خلاص لحد يسوي لايك 🤣 اسفه تعديل مره اخرى : وصلت ٩١ لايك 🎀✨✨✨🥹,102,1,2024-12-08T17:07:40Z
youtube_arabic_031,8560RK9-iWw,UgxBAKpIkMNK7BRr8Ad4AaABAg,arabic,في حقيق حسيتهم مسترين احسن من جورجينا انتم تدعمون الجانب الخاطئ لو كنتم مسلمين لشكرتم تسترهم مش وحدة اجنبية لبس على المفضوح ملابس ضيق الغرب مح شيء اسمه حشم حسيتكم مغسولين دماغ فقلت اعاود ارجعهلكم لاشكر على واجب😊😊❤❤,11,0,2025-05-16T19:44:44Z
youtube_arabic_032,8560RK9-iWw,UgxBBmHQZkGShRDFHVp4AaABAg,arabic,ما تخافون من الله انتم تقولون انكم مسلمون بس تكذبون على انفسكم والله انكم مو مسلمون طيب وين الاسلام حسبي الله ونعم الوكيل فيكم 😊😊,2,0,2025-03-05T18:16:46Z
youtube_arabic_033,8560RK9-iWw,UgxQVe3vCJWOR-5FKfV4AaABAg,arabic,لو انهن قدمن ثقافتهن باللباسهن الاسلامي...العباءة الخليجية...والكحل العربي لقدمن الجمال العربي الحقيقي المتميز.... لكن ظهرن كالدجاجات في القفص...,1,0,2025-11-30T23:29:57Z
youtube_arabic_034,8560RK9-iWw,UgxTv52Xeyl_TJF-tQZ4AaABAg,arabic,وعليمن شايفه نفسها حتى زواج ممزوجها يعني ك ح ..ومامستور لبسها وعمليات التنحيف والتجميل مستمره وشكو اخليلها قيمه عديمة الش. Rف,2,0,2025-07-12T15:54:47Z
youtube_arabic_035,8560RK9-iWw,UgxWNOVNEihU61UNBKR4AaABAg,arabic,هذني خو الكاعدات فد حياية 🐍 ورة ضهرها يحجن عليها كدامها جورجينا ما جورجينا ولبسج حلو عود حسبالهن جورجينا ما ترجم الكلام وتعرف منو ألححت عليها ونوب يصورن ويحجن استخفر الله 😢,1,0,2025-05-16T04:29:09Z
youtube_arabic_036,8560RK9-iWw,UgxWql1KPdv_YpzSFtB4AaABAg,arabic,لبسها بسيط جدا بس الي خلاها مميزة انو ما اجت مثل العرب لابسين ريش 😂😂 واحلا وحدة في هذا الحفل هي نارين بساطة ولون ابيض غير عن الكل ❤,1,0,2025-03-22T09:09:25Z
youtube_arabic_037,8560RK9-iWw,UgxZVyBg_x_7S1B8wrB4AaABAg,arabic,﴿ يَوْمَ تُقَلَّبُ وُجُوهُهُمْ فِي النَّارِ يَقُولُونَ يَا لَيْتَنَا أَطَعْنَا اللَّهَ وَأَطَعْنَا الرَّسُولَا ﴾ [الأحزاب: 66].,14,0,2026-02-10T19:26:17Z
youtube_arabic_038,8560RK9-iWw,UgxhhASZbvyN9104QGh4AaABAg,arabic,جدا رخيص اللي لابسته مو بقيمته اتكلم عن الشكل ماكان وقتها فيه احد يلبسها السنتيان هل طبيعي يكون قاسم صدري نصين وانا لابسه ضيق ؟؟ جدا سئي اللي لابسته,1,0,2024-12-19T12:05:16Z
youtube_arabic_039,8560RK9-iWw,UgxhinEUZ1LfVF9lDZV4AaABAg,arabic,كلهم ملابس 👎🏻 خاصة دي الوردي الفاقع وجورجينا ما يناسبها الثوب خاصة من فوق ودي الي لابسه أبيض أو طالع وردي فاتح بسبب الاضاءة يعني عادي اهون منهم,1,0,2025-02-03T16:19:32Z
youtube_arabic_040,8560RK9-iWw,UgxmnuvEnVWueD2U0nZ4AaABAg,arabic,استغفرالله العظيم واتوب اليه تفضلوا وحده ماهي مسلمة علي هولاء العربيات الله يهديهم ويصلحهم ويدلهم علي طريق الحق والصواب الحمدلله الذين عافنا كيف البأس لزق عليها اية جمال واناقة الله يارب بس يصرفها علي بلدها من غير رجعة لا أعلم لما عاملين لها قيمة افنتات وكلام فاضي لا فايدة منها اعوذا بالله من غضب الله,3,0,2024-12-24T06:11:01Z
youtube_arabic_041,8560RK9-iWw,UgxnbAbVVVEfD4mRK_Z4AaABAg,arabic,علي فكرة جورجينا مو حلوة بس بتخلي في أي مكان الناس تنجذبلها من تصرفاتها بتحسسك انها حدا كتير مهم واثقة من حالها لدرجة تخليك تنبهر بيها و تتعامل معاها كانك أقل منها,2,0,2025-01-10T18:19:27Z
youtube_arabic_042,8560RK9-iWw,UgxpAI303Lss4PR3HFR4AaABAg,arabic,ترا يلعبن النفس جورجينا ترا احله شني دجاجه لابسين هيج وناشرين ستوري على سناب يعبو على لبسها خلي يشوفون شكلهم بالاول صدك من كال ما يعب الا الميعوب,1,0,2024-12-11T23:01:03Z
youtube_arabic_043,8560RK9-iWw,UgxpeF0dQsotEJV9Qux4AaABAg,arabic,العرب اعطوها قيمه أكثر من اللي تستاهل كريستيانو رجل جيد ولاعب مجتهد يستفيد منه العرب وابنائهم اما الزوجه ما هي الا طاقه سلبيه تنشر اللباس الفاسد في بنات المسلمين لكي تأثير على عقليتهم ولكن هيهات هيهات أنها المملكه العربيه السعوديه ديروا بالكم شويه أخوتكم من المغرب,1,0,2025-01-06T21:50:28Z
youtube_arabic_044,8560RK9-iWw,Ugxzm54sD2f-Wl1WEW14AaABAg,arabic,لااا بساطه و لا ثقه و لا هل الكلام كله جورجينا اكثر مشهوره معروفه شكد تحب تلبس أرقى لبس و أشهر مجوهرات و ماركات و هي سوت هيج حتى تصير ترند لان اللي متابعها بالاتستا راح يعرف هي شنو تلبس حتى عدها جلسه على البحر لابسه لبس سباحه وياه لابسه مجوهرات وين البساطه اللي تحجون عليها,1,0,2025-09-12T07:16:41Z
youtube_arabic_045,8560RK9-iWw,Ugy1Bj5973RVO1ASR654AaABAg,arabic,بعدين الاشئ مش بالملابس الاشئ بالأخلاق وثقه النفس مش المظهر وهي لأنها ناجحه عملت عطر مش مثلهم لو كانو ناجحات بكونو مثلها فما في حاجه يتكلمون عنها بالعاطل ناس قليلة أدب واحترام حسبنا الله و نعم الوكيل فيهن,1,0,2025-07-21T07:58:32Z
youtube_arabic_046,8560RK9-iWw,Ugy1Y-Y939E_dy3vJtZ4AaABAg,arabic,واقفين امامها كانهم خدم عندها يا بنات قفوا بشكل مستقيم ولا تنحنوا ولا تتململوا بل قفوا مثل الحائط وحركة الراس بطيئة وبلاش الريش في الملابس انتي مش في غرفة النوم وبلاش الزينة الكثيرة او الذهب الكثير لو عايزين تكونو مودرن مش بلدي وبلاش الوقوف لامراة هي تقعد وقوفكم ليها خلاها تضهر كانها صاحبت الشركة وانتوا جايين تقدموا على وضيفة,1,0,2025-06-27T01:34:02Z
youtube_arabic_047,8560RK9-iWw,Ugy6oPbL6xCz7CUUk414AaABAg,arabic,حبيباتي المنشور بالاخر فقط للضحك ومو قصدي في لبس اي شخص ويا ريت تدعموني بلايك وسبسكرايب وشير ل تشوفي فيدوهات عن شي ان وتنسيقات ونورتو القناة جميعا❤,2,1,2025-01-12T17:02:31Z
youtube_arabic_048,8560RK9-iWw,Ugy7RkgNTRLTvH8-xIp4AaABAg,arabic,أنا نشوف كل شي في الثقة بالنفس، تبارك الله كلهن جميلات بطريقة 🩷 لكن الثقة التي نهضن بها كانت منخفضة من الخجل بلبسهن أما هي العكس تماما، وفي النهاية السترة والحياء زينين,1,0,2024-12-27T10:02:40Z
youtube_arabic_049,8560RK9-iWw,Ugy7SixcTjtElmn4E3R4AaABAg,arabic,يا الله فاشيله الدكتوره خلود ونهى نبيل ولا اسوء على اللبس اللي لبسوه وتكشخو بالاخير لقوا جورجينا لابسه لبس من شي ان صدق 😂😂😂😂😊😊بس الصراحه انه حرام يعني هم مسلمين ويلبسون كذا بس الله يهديهم ❤❤😊,1,0,2024-12-19T20:55:19Z
youtube_arabic_050,8560RK9-iWw,Ugy7sFiR04MQbKmRfYV4AaABAg,arabic,بنات من وجهه نظري الفنانات العربيات لابسين لبس طويل ومحترم ويلحق باعمارهم رغم الريش اما جورجينا لبسها كثيييير ضيق وصدرها باين مقسوم نصين من فوق وكرشها واضح والفستان عباره عن كسرات وشفاف بلتصوير فه بلا تنمر وتشوفون الاجانب احسن مننا ع الاقل لبسو شي طويل ++وقفوا احتراما لها,23,7,2024-12-11T00:21:48Z
youtube_arabic_051,8560RK9-iWw,UgyAD2QIlWVVu53Dg814AaABAg,arabic,اللهم أنت ربي لا إله إلا أنت خلقتني وأنا عبدك وأنا على عهدك ووعدك ما استطعت أعوذ بك من شر ما صنعت أبوء لك بنعمتك علي وأبوء لك بذنبي فاغفر لي فإنه لا يغفر إلا أنت,2,0,2024-12-26T21:32:18Z
youtube_arabic_052,8560RK9-iWw,UgyDR08mdZqrpsirXfF4AaABAg,arabic,على فكرة استايل الفستان بتاع جوجينا كده اصلا مش من شي ان ولا حاجة وفي كذا واحدة لابسة نفس الفستان بنفس الطريقة .... وغير كده هي مش لابسة ريش يعني,1,0,2025-12-25T21:38:59Z
youtube_arabic_053,8560RK9-iWw,UgyEps-3SIO5jtl95Wh4AaABAg,arabic,شوف شلون ؟؟ يعني ابليس عابد لله سبعين الف سنة بسبب ذنب واحد خرج من رحمة الله شوف شلون ؟؟ انتِ ورا كل هاي الذنوب والمعاصي دَ تنامين وتكعدين ثاني يوم عادي شوف شلون ؟؟ يعني هو الي يكدر يقبض روحج بثانية وحدة لسة مخليج عايشة ع ذنوبج شوف شلون؟؟ الله شكد رحيم بعباده ..,18,0,2024-12-24T22:13:57Z
youtube_arabic_054,8560RK9-iWw,UgyJNgjiETQU90MRyk94AaABAg,arabic,في كل دول الاروبيه جورجينا هي لا تعدا كونها صديقه رونالدو.. اما دول الخليج هي اهم من رونالدو نفسو محشورة في كل مناسبة ختي احيانا احسها تسال نفسها انا ليش هون..,2,0,2025-01-08T09:45:37Z
youtube_arabic_055,8560RK9-iWw,UgyMJQGbB8fH5jDXpMR4AaABAg,arabic,يعني حتى مشد ملابسة و ملابسها بسيطة و المكياج خفيف و شعرها عادي و همة مخلين طن مكياج و ملابسهم كلها وبر و شعرهم جنهم راح يتزوجون و لابسين مليون مشد,1,0,2025-01-13T21:26:11Z
youtube_arabic_056,8560RK9-iWw,UgyT6Qtop8beQWZg6uV4AaABAg,arabic,صدك يحجون وحدة لابسة وردي وحدة لابسة فوشي وحدة لابسة بنفسجي 😂؟؟؟ بس اجت جورجينا وغطت عليهممممم بالفخامة والاناقة والشياكة 🙂↔️🪄,3,2,2024-12-19T21:37:53Z
youtube_arabic_057,8560RK9-iWw,UgyTVXPIyP24VhRy5zN4AaABAg,arabic,لماذا التنمر هن احلى منها مستورات لكن طريقة استقبالها هو احترام لها لانها ضيفة وغريبة عن البلد ...وحتى قوامها مو مزلوط😂😂😂,10,1,2025-01-21T14:20:15Z
youtube_arabic_058,8560RK9-iWw,UgyUuU3mznp9FB2tayN4AaABAg,arabic,اني من عشاق كريستيانو بس احس الناس مكبريهة حيل يعني هية حلوة بس مو الجمال الي الناس يحجون بي يعني عادية وحلوة بس اكو احلة. والله مو غيرة لو حقد بس صدك انتو تكبرون بل عالم,1,0,2026-05-07T13:12:07Z
youtube_arabic_059,8560RK9-iWw,UgyVzx3lUFTgAHtpu6x4AaABAg,arabic,والله مش بتريق بش اللبس اللي هما لابسينه ده لبس العراايس في مصر يوم الصباحية ومش بتطلع بيه حتي تستقبل ضيوف ده والله الاناقة في الرقي والبساطة,55,4,2025-06-23T06:05:44Z
youtube_arabic_060,8560RK9-iWw,UgyXtlYCJE_wUlJTd4p4AaABAg,arabic,المشكلة ليست في اللبس المشكلة في الثقة في النفس هما باين انهم اول ما شافوها احرجو و بيرتجفة كأنهم شايفين عزرائيل حتى وقفتهم صارت وقفة عجائز,17657,168,2024-12-18T19:08:49Z
youtube_arabic_061,8560RK9-iWw,UgyY0V4JTILYng4OC1Z4AaABAg,arabic,فعلن خير :ذي الي لبسه بنفسجي مدري شسمه بس خلونا نسميه رقيه والي لبسه وردي فوشي نسميه ساره والي لبسه وردي فاتح نسميه لطيفه رقيه صورت شورت وهي تطقطق على جورجينا عشان لبسه والي معه في بنت معه في الشورت بس ياربي نسيت اسمه وكانت ثلاثا قامو يتنمرو عليه وقدامه زي الكلب معليش بس ذي الحقيقه 🥹🌷قدروني بالايك,1,1,2024-12-14T19:59:09Z
youtube_arabic_062,8560RK9-iWw,UgyjFmPCVjQjrc-10t94AaABAg,arabic,المشكلة هي اعطاء قيمة لمن لا قيمة له ، فتترسخ في عقول الناس ويربتط في دهنهم ان فلانة خارقة الجمال فيصبح الكل يراها جميلة وحتى اجمل منه كما وقع مع الهيفة,61,2,2025-01-16T18:06:13Z
youtube_arabic_063,8560RK9-iWw,Ugymuw2mi3oUxC_82jt4AaABAg,arabic,ليش قله الثقه هذه منهم مع انو كل وحده بالسناب ما شاءالله على ثقتها و ردها 😂😂؟؟كانو مشرفه القاعه دخّلت عليهم و شافتهم بزي الهالويين مو الرسمي😂😂😂😂,1,0,2025-01-20T01:05:47Z
youtube_arabic_064,8560RK9-iWw,Ugyq8tU1MCMgTMEHJeV4AaABAg,arabic,عبالهن هنه احلى اطلاله وحده دكل الثانيه اني اغغلى من فستانج ميدرن جورجينا فستانهه نص كليهه وييحجن من وراهه نفس الجلب بس يعني جلب وفي ميصير اكول عليهن جلب,1,0,2025-04-27T21:09:43Z
youtube_arabic_065,8560RK9-iWw,UgytXREXmHxoL14P4Ml4AaABAg,arabic,تستحقون يا عرب ! أولا هذا تعبير منها على أنها لا تعطي قيمة للحضور أما لو كانت بدولة أوربية من طبيعة الحال سترتدي آخر ما دُرج ، ثانيا حضرت بعقلية امرأة الاعمال التي ستعقد صفقتها فبلد ينبهر بالتفاهات و تذهب و ليس لأمر آخر,4,0,2025-01-14T00:25:07Z
youtube_arabic_066,8560RK9-iWw,UgyuuO7bdNTa0RW8d3l4AaABAg,arabic,شكلي الوحيدة الي حاسة لبس جورجينا ابد مو زابط لان ضيق كتير وحتى من فوق ضيق ومو مقاسها وطالعة مبهدلة بس الخدعة فين انها مالبست شي يلفت النظر عشان التركيز كله على العطر وينشهر عطرها,1065,22,2025-05-20T21:15:32Z
youtube_arabic_067,8560RK9-iWw,UgywIc-VAvVF8rLYiJR4AaABAg,arabic,الغراب والدجاجات الثلاثة😂😂 تعديل : سعيدة جدا ان تعليقي خلا الابتسامة على وجوه بزاف ناس تحياتي .. نحن نمزح ولا نقصد اهانة أحد 😅,766,29,2024-12-20T22:24:54Z
youtube_arabic_068,8560RK9-iWw,UgyyzoX11-ZFchoIOmx4AaABAg,arabic,استغفر الله العظيم شو ذا اللبس والعياذ بالله استغفر الله 💚 الحمدالله 🩷 لا اله الا الله 🩵 🫐 الله أكبر 🫀❤️استغفر الله 💚 الحمدالله 🩷 لا اله الا الله 🩵 🫐 الله أكبر 🫀❤️استغفر الله 💚 الحمدالله 🩷 لا اله الا الله 🩵 🫐 الله أكبر 🫀❤️استغفر الله 💚 الحمدالله 🩷 لا اله الا الله 🩵 🫐 الله أكبر 🫀❤️استغفر الله 💚 الحمدالله 🩷 لا اله الا الله 🩵 🫐 الله أكبر 🫀❤️,1,0,2024-12-28T20:20:48Z
youtube_arabic_069,8560RK9-iWw,UgzArw9JhL6KDXzeFZx4AaABAg,arabic,المال يصنع الثقة مثلا قولولي لو انا صح ولا لا اذا دخلت محل بقالة سوبر ماركت وما معاك الا قليل من المال التردد والقلق واحيانا الخوف من ان مالك لن يكفيك وستخرج هنا كيف تكون نفسيتك رغم انك لم تصل لتحاسب بعد ولما يكون محفظتك مليانة ودخلت السوبر ماركت كيف بتكون نفسيتك وانت بتتسوق وكيف نفسيتك وانت امام الكاشير انا رايي ان الثراء الذي وصلتلو أعطاها الثقة والأريحية في التصرف والتعامل مع الناس,32,2,2025-09-17T22:33:10Z
youtube_arabic_070,8560RK9-iWw,UgzE8rlq8zDSJxS2HNt4AaABAg,arabic,كانوا يفتحوا فيديوهات هذول البنات قليلات الأدب و يسبوها و هي عازمتهم و قدامها على أساس يحترموها و وحدة قالت جورجيا حسدتني عشان عيني على أساس مهمة بيكم عزمتكم شفقة,1,0,2025-09-15T23:58:14Z
youtube_arabic_071,8560RK9-iWw,UgzFNynPAnvqBLLQUY94AaABAg,arabic,نصيحة صغيرة، ياليت ما ننشر موسیقی وصور نساء❤خوفًا من حمل ذنب كل شخص سمعها وشافها ، وخوفًا من حمل ذنب المجاهرة بالمعصية، وطاعةً للهِ، وحبًا لجنتهِ,1,0,2024-12-24T19:54:29Z
youtube_arabic_072,8560RK9-iWw,UgzI09BjTYk3S5jkMfB4AaABAg,arabic,اخطاء بالجمله في لبس طورشينا اللون مش حلو عليها ابدااااا طفيها التفصيله جدا مبينه ديفوهات الجسم خصوصي من منطقه الصدر جدا غير مناسب اللوك بوجهه عام مو مناسب للمناسبه عادي جدا جدا وأقل من العادي لكنكم تحبون الغرب وعجبي 🙄🙄,1,0,2025-01-06T08:14:14Z
youtube_arabic_073,8560RK9-iWw,UgzLhiRer12n5n1ycY14AaABAg,arabic,الي يقولون جورجيا لبسها اغلى طيب يمكن غالي بس الافضل ك شكل البنات⚡🌷 ادري كلهم يمدحون جورجينا عشان يحبونها بس⚡⚔️ ما يقولون الصدق 💕 بدون تهجم...🌷💗,1,0,2025-02-19T06:59:23Z
youtube_arabic_074,8560RK9-iWw,UgzNWb9z3iPrG9Q2hel4AaABAg,arabic,احنا شي ان يوصل 6/27سبعه وعشرين سته الحين 6/23 يوم الاثنين طلبت اشياء تجنن انصحكم تطلبون من شي ان والله يجنن فيه كل شي هههه❤,1,0,2025-06-22T23:02:05Z
youtube_arabic_075,8560RK9-iWw,UgzR_a4X5-lwbY4zuvh4AaABAg,arabic,من ابتغى العزة بغير الاسلام ذل و الله لو لبستم عباية بسيطة و حجابكم فوق راسكم و كنتم مقتنعين بانفسكم ما تجي لا هادي و لا الف زيها يهزوا شعرة من راسكم بس يا اسفي,1,0,2026-01-21T12:55:26Z
youtube_arabic_076,8560RK9-iWw,UgzTUUr3TxUUGrcwjwh4AaABAg,arabic,من شي أن أو غيرها البنت احلا منهم هم شنو لابسين لبسهم يلعب النفس عبالك هذا مال النوم كله ريش و جورجينا احلا منهم باضعاف على شنو شايفات روحهن كلهم عمليات تجميل وثاني شي ترا مو عيب وحده تلبس من شي أن على الأقل مرتب وحلو بس بس هن مو صوجهن صوج اللي عزم هيج نماذج مقرفه,1,0,2024-12-14T07:38:35Z
youtube_arabic_077,8560RK9-iWw,UgzUSk2JmR5fv-oPC0B4AaABAg,arabic,نصيحه حاولو تنتبهو من وضع ونشر صور النساء عشان الذنوب فلا يجوز وضع صور النساء بحيث يطلع عليها الرجال سواء في مواقع التواصل أم غيرها، وسواء وضعت الفتاة صورتها أم وضعت صورة غيرها، فكل ذلك من أسباب الفتنة، وقد ثبت في الحديث الصحيح عن أسامة بن زيد ـ رضي الله عنهما ـ قال: قال رسول الله صلى الله عليه وسلم: ما تركت بعدى فتنة هي أضر على الرجال من النساء.,3,0,2024-12-09T22:22:56Z
youtube_arabic_078,8560RK9-iWw,UgzWYTrQ22ReiliDPLB4AaABAg,arabic,ليش كلهم لابسين ريش ماني فاهمة اكمام الريش راحت موضتها اصلا مو حلوة بس ضحكوني كيف قعدو يتمسخرو على نفسهم بعد ما راحت جورجينا😭😭,2,0,2025-07-12T16:51:12Z
youtube_arabic_079,8560RK9-iWw,UgzWsaBjIDrOeATS8eV4AaABAg,arabic,بصراحه مو علشان ديني وبس وربي اصلا ملابسهم الذوق بالسالب لاني ما احب الضيق -الفاقع-التصميم القديم مرا فساتين الحريم والبنت ذي معفنه 🗿💔☝🏻,1,0,2025-04-09T13:30:51Z
youtube_arabic_080,8560RK9-iWw,UgzXV34TEzI10E9SnKd4AaABAg,arabic,سمعت كلامهن على هاد اللقاء هم كاو طلبو منهم يلبسو الوان ولباس مناسبات زبالة جرجينا لبست فستان سانمبل عادي وخلاتهم كيشوفو فبعضهم,1,0,2024-12-22T10:36:17Z
youtube_arabic_081,8560RK9-iWw,Ugz_w0caRJX8gBvA0LF4AaABAg,arabic,اصلا شخص باليوتيوب كال هن البنات ماشيات صح لان فد شي مال عطر وردي لازم كان يلبسون وردي لذلك هن طبقن بس جورجينا خالفت فهي الغلط ونشاز وهن الصح. كافي تقلدون على ناس من جلدتكم,1,3,2024-12-10T21:00:25Z
youtube_arabic_082,8560RK9-iWw,Ugzcf_NwQaoZOO4NCtd4AaABAg,arabic,ترا طبلتوا لها اوفر وربي ستايلها خايس والسنتيانه ضيقه واضح مو مرتاحه لبسها ضيق طلع لها كرش وربي العربيات افضل منها وشذا الانبطاح يا عرب رفعتوها سماء صح اني ما احب البنات العربيات الي بالفيديو ولكن اطلالاتهم صدق كشخه وبارزه وفخمه,2,2,2024-12-22T15:20:22Z
youtube_arabic_083,8560RK9-iWw,UgzdCKIlJBKfYCOdj1N4AaABAg,arabic,خواتهن في الحاره 1_اختي ف إجتماع مع جورجينا 2_ استودعتك الله ي أختي لقطة تجمع اختي الكبيره مع جورجينا 3_سندي مع جورجينا في بارتي خاص,1,0,2024-12-28T01:07:27Z
youtube_arabic_084,8560RK9-iWw,Ugzu2w7gjgtOJmnWZu94AaABAg,arabic,اولا الفرو والترتر استايل تسعينات انا امي هي اللي كانت بتلبس فرو وترتر مش فاهمه استايل اي اللي غالي دا بصراحه اللبس مش بغلاه بالزوق,1,0,2024-12-11T20:37:46Z
youtube_arabic_085,8560RK9-iWw,Ugzu4cUOcYfGkZ9391B4AaABAg,arabic,وحدة جالسة جنبهم ماسكة تلفونها لابسة اسود ماقامت من مكانها ما بعرف بس حسيتها قاصدة انها ماتعطيها وجه يمكن من الغيرة كأنو مااشفتك بس ماعلينا من هدا كله...ياريت سوو متلها ولا البهدلة هادي 😂😂😂,1,0,2025-08-12T15:12:55Z
youtube_arabic_086,8560RK9-iWw,UgzxiXVuHZwuMJPBwpB4AaABAg,arabic,نصيحه حاولو تنتبهو من وضع ونشر صور النساء والموسيقى عشان الذنوي ورسم ووضع صور الرسومات الي تشبه الحقيقه كثير وانكم تقولو لناس عن اسماء المسلسلات او الاغاني او البرنامج او القنوات عشان يمكن يكون فيها موسيقى ولا بنات ول رسومات واحد يروح لهم و الله اعلم جزاكم الله خير,9,0,2024-12-09T22:24:12Z
youtube_arabic_087,8560RK9-iWw,Ugzxob0TE2GVqLqiJNR4AaABAg,arabic,لبسهم صح شوي اوفر بس هاد ايفنت مشهور اكيد رح يلبسو شي اوفر تما اللي يحكي لبس جورجينا حلو فهاد ذره الزوق مو عندو وما يفهم بالبس,1,0,2024-12-11T19:50:39Z
youtube_arabic_088,8560RK9-iWw,Ugzya5Pl1Qz8dCesKFp4AaABAg,arabic,يعني محدا شاف صدر جورجينا والبرا الي شكلا غلط اوك اطلاله بسيطه بس مو كلاس وكمان الباقي مو حلو بس ما شفت حدا علق على هالنقطه,138,15,2025-01-09T13:11:09Z
youtube_arabic_089,z9r4kSdW_Kk,Ugw05SF2FuVyyNVY3294AaABAg,arabic,حقيقة محزنة: احاول تقديم محتوى جيد 😢 لكن لااحد يشجعني، يارب ارزق الصحة والعافية لكل من يشجعني يارب احفظ له والديه يارب ارزق الذرية الصالحة لكل محروم الله يبيض وجهك❤😢..,1,1,2026-08-30T11:57:46Z
youtube_arabic_090,z9r4kSdW_Kk,Ugw2xHi5qeDBzz3Zhp94AaABAg,arabic,والله احب هاي البنيه ما اعرف ليش فد حبابه واحسها انسانه طيبه وحسها تساعد الناس وحسها يعني قلبها ابيض نظيف ما بي حقد ما ابي كراهيه احسها نظيفه من كل النواحي احسها ام حنونه تحب اطفالها تحب زوجها ربي يحفظهم ان شاء الله,377,5,2026-08-30T12:21:00Z
youtube_arabic_091,z9r4kSdW_Kk,UgwIdtt9gsQcmyfPY-B4AaABAg,arabic,حبيبتي ليش الفديوهات الأخيرة الك كلها كانت قصيرة 💔😞بصراحة مااحب هيك فديوهات احبها تكون طويلة لان هيك مانفهم شي ودغري يخلص,1,0,2026-08-30T16:24:41Z
youtube_arabic_092,z9r4kSdW_Kk,UgwK6y1Ela6rbvG_gqh4AaABAg,arabic,7:31 انتبهى ..كانوا ولادى كبروا وحبت مثل الاساور دول ..قامت بنت أخى فرطتتهم بفمها 😮..وكانت هتبلع منهم بالغلط فى ثانية ..الله ستر وخرجتهم بسرعة من فمها ..لكن رعبتنى وما عاد لبستهم وفى اطفال ابدااا لكن عندى كتير شيلاهم بعيييييد,10,0,2026-08-30T17:03:52Z
youtube_arabic_093,z9r4kSdW_Kk,UgwWN0um82WPXQwjPiR4AaABAg,arabic,سجاده تبع المطبخ الي بيهه رسمات خضروات تركيهه الشتاء دفي تحت رجلين بالشتاء خليهه من توقفو على مجا أو من توقفون على طباخ أو بصف براد الثلاجه دفي بلشتويه,15,0,2026-08-30T11:38:40Z
youtube_arabic_094,z9r4kSdW_Kk,Ugwla3QfXlZ1WFNbaKF4AaABAg,arabic,ساره اني قبل ماكنت اعرف اسوي ميكب بس هلا حتى ائرايبي يتون اليه عمود اعمللهم ميكب وقبل كنت اوجه هواي تنمر من وره سماري وعلى رغم اني عاجبني سماري وحيل اضوج من شخص يكلي سمره انت بس اني مو سمره اني حنطاويه ف مذيتني هاي كلمه 🌷,1,0,2026-08-30T18:02:27Z
youtube_arabic_095,z9r4kSdW_Kk,Ugxg0fe696IEl1LpdIR4AaABAg,arabic,سارة امانة لمن تحكي كلمات انجليزي حاولي اكتبي ترجمتها تحت مع المونتاج لانو كلامتك حلوة وانا بسمعها كتير لكن ما بعرف شو معناها وبتعب بش اضل اكلع من الفيديو واترجمها ومتاكدة في كتير بنات عندهم نفس الطلب بليييز يا حبييي ❤,180,3,2026-08-30T12:10:03Z
youtube_arabic_096,z9r4kSdW_Kk,UgyatIBjIqg38ddxqeZ4AaABAg,arabic,مساء الخير كيفكم أنا من سكان أهل غزة و اسفة ع الدخول بالتعليقات والله بس انا طالبه جامعية و الله أنه ساكنين بخيمة و الوضع المالي سيئ كتتير انا مش طالبه غير ادفع حق الساعات الدراسية للجامعة بس لو 3 ساعات والله انا تخصصي تمريض سنة تالته و الحمد لله ومعدلي حلو و بنزل تدريب بتمني تساعديني و كل املي فيك بتمني حدا يساعدني لو بمبلغ بسيط من كل شخص واذا حابب تساعديني ببعتلك رقم جامعتي وانت تسجلهم و ببعتلك كل شي عن الخيمة و كيف وضعنا أمانة تساعدوني 😭😭😭,1,0,2026-09-11T18:57:32Z
youtube_arabic_097,z9r4kSdW_Kk,UgydbQAUVwtrEjSfPkF4AaABAg,arabic,ضحى مو مجرد قصة نشوفها ونسكر الفيديو... ضحى إنسانة تستحق الأمان والحق والوقفة الصادقة. يمكن صوتنا ما يغيّر الماضي، بس ممكن يغيّر مستقبلها. لا تخلّون صوت ضحى يضيع، انشروا قصتها وكونوا سند إلها. 🤍 #انقذوا_ضحى #ساعدوا_ضحى,8,0,2026-08-30T22:57:38Z
youtube_arabic_098,z9r4kSdW_Kk,Ugz50WtwJrHEQYYpkgd4AaABAg,arabic,اعملي ملابس شتاء للجامعة ولخروجات شي ان لانو فايتين على شتاء وجامعة 🤍🦋🎀 وكتيرررر نبسطت انها تحكي مع ابنها عربي مش زي لباقي ❤,3,0,2026-08-30T18:55:16Z
youtube_arabic_099,z9r4kSdW_Kk,UgzXAur_4jM6ckmmfsB4AaABAg,arabic,شكد حلوه طريقه لاينر الي مسويتها يجنن ميكاب مالتج وانتي حلوه بس فيديوهات قصيره واحنه نحبج ياريت طولين فيديو واذا ماعندج افكار هواي افكار ف مثلا احنه هسه بنات مقبلين ع داوم جامعات شوفينه تنسيقات ميكاب مناسب للمكان نصائح أو مثلا الاغلاط الي نجنبها وإذا انتي ماعندج اطلاع تكدرين تسئلين متابعين ويشاركوج اغلاطهم وانتي عرضيهم حته افكار مال مناسبات فساتين ميكاب هيج احنه نحتاج أو مثلا نصائح للبشره روتينات عنايات تجاربج للمنتجات الي تطلع ترند + احبج واثق بكلشي تمدحين بي❤❤❤❤,1,0,2026-08-31T15:23:36Z
youtube_arabic_100,z9r4kSdW_Kk,UgzucqOW_lTuzd5yiTd4AaABAg,arabic,سااارة 🥺🥺🥹 حبيبي سويلنا ڤيد عن تجهيز كامل لأساسيات الجامعة شفت هواية فيدوهات بس كل وحدة تحچي حسب النقص الي عدها نريد ڤيد للبنات البيوتات الي ماعندهم تجهيز سابق .. يكون بي القطع الأساسية الي نحتاجهم ومو فقط الوان رسمية بنهاية لازم الوان تكسر 🥹 رفعو تعليقي بنات 🩵,2,0,2026-08-30T13:57:18Z
youtube_english_001,8560RK9-iWw,Ugw-e0sOpvSRqXKSs3V4AaABAg,english,Kan ky3aybo fiha meli jat 3a dhom welaw ki lklbat tfo ki dayrat hiya be3da hsen menhoum,1,0,2025-01-10T20:58:55Z
youtube_english_002,8560RK9-iWw,UgwtPoP3V7FCRz8J47N4AaABAg,english,"😊Georgina is malicious, she thought all the actresses wore pink, but she even wore black at a party.",1,0,2024-12-18T17:59:15Z
youtube_english_003,8560RK9-iWw,Ugx7iwXPA-YL62_ZCpp4AaABAg,english,Happy birthday to happy birthday cardi b I live in the internet❤❤ how do you say happy,1,0,2025-07-13T15:47:34Z
youtube_english_004,8560RK9-iWw,Ugxb1bb7SpO2luiYeqB4AaABAg,english,"I’m surprised to read comments saying how elegant Georgina is. As a woman, I love seeing other women who are beautiful and elegant, but Georgina looks like she’s going to a SHEIN spandex party—even her bra looks too tight. She’s the perfect example of “new rich” trying too hard but not quite pulling it off 😂",1,0,2026-04-01T15:06:58Z
youtube_english_005,CJzUfj-5jFQ,Ugw0r03xje9bHiDYDJJ4AaABAg,english,GURL! Did you forget about us and the 10 days!? Because hun I need my man!😭😭,2,0,2025-05-23T03:32:27Z
youtube_english_006,CJzUfj-5jFQ,Ugw2JAoMtSzD4c3Ul4N4AaABAg,english,Counted how many times she said matching and she said it 32 times,1,0,2025-06-05T19:58:04Z
youtube_english_007,CJzUfj-5jFQ,Ugw2lYdIBiwKJsweJPt4AaABAg,english,This is the definition of overconsumption like do you really need that many bikinis,1,1,2025-08-09T21:52:27Z
youtube_english_008,CJzUfj-5jFQ,Ugw3YT8PbVKwsz39Vup4AaABAg,english,please don't buy from shein if you have enough money to buy from brands that don't underpay their workers and use child labor!,40,1,2025-05-23T20:38:27Z
youtube_english_009,CJzUfj-5jFQ,Ugw5rir7lN9EHpZCTQh4AaABAg,english,The entire haul is AMAZINGGGGG!!!!🥳❤️❤️❤️❤️❤️💗💗💗😍😍😍😍,1,0,2025-05-21T20:42:45Z
youtube_english_010,CJzUfj-5jFQ,Ugw6TfC_94ItkPKW-_R4AaABAg,english,Btw dont shop from shein they are know to use child labour and pay their workers literally pennies,1,0,2026-01-05T15:01:12Z
youtube_english_011,CJzUfj-5jFQ,UgwCq965JTZMWz9ypsF4AaABAg,english,"is their anyway you could make a video on the SHEIN app showing what they are called, I loved everything! I understand if not, I know it is probably very difficult.",1,0,2025-05-29T01:21:57Z
youtube_english_012,CJzUfj-5jFQ,UgwG-IrqGKODTTi7gKV4AaABAg,english,ok but like when is ONE person gonna use ALL of this along with their current wardrobe??? i smell overconsumption...,1,0,2025-05-30T04:02:38Z
youtube_english_013,CJzUfj-5jFQ,UgwG7pVM61DiOSlp2_F4AaABAg,english,Do you need a new swimsuit each day or!?? And yes I liked my own commenttahh,1,0,2026-05-27T08:28:49Z
youtube_english_014,CJzUfj-5jFQ,UgwHtRe4IMHmhHwVxLJ4AaABAg,english,"the all bikinis so cute but i think don't show your bottoms in the video because there are a lot of malicious ""MEN"" on the internet",1,0,2025-05-24T19:24:14Z
youtube_english_015,CJzUfj-5jFQ,UgwKFnHz0hY_iQxmvD14AaABAg,english,"There’s no reason to get 50 bikinis, especially from shein... consumerism like this is not cute",405,19,2025-05-24T05:00:16Z
youtube_english_016,CJzUfj-5jFQ,UgwKTOOODrA91K8m4WB4AaABAg,english,You said math/matching 37 times yes I took the time to count it,2,0,2025-05-27T03:30:03Z
youtube_english_017,CJzUfj-5jFQ,UgwO1aHCVy7oiPCYEcB4AaABAg,english,who in their right mind needs that many swim suits,1,1,2025-06-24T20:29:38Z
youtube_english_018,CJzUfj-5jFQ,UgwOVbXdDraNJyCIp-B4AaABAg,english,Omg your parents must be so controlling! This year I had to wear a peice of see- through tape to the beach and I thought it was full coverage!! Poor baby.,1,0,2025-07-02T03:48:09Z
youtube_english_019,CJzUfj-5jFQ,UgwTcKcX-Rh5Al-e9Z14AaABAg,english,what are the bottoms covering? They are so tiny. (not tryna be rude js saying)😊,1,0,2025-07-02T20:49:30Z
youtube_english_020,CJzUfj-5jFQ,UgwUwcSLGx1t1i_BPhB4AaABAg,english,She’s bought more bathing suits then there are days in the summer 😂😭😭,6,1,2025-06-12T15:51:58Z
youtube_english_021,CJzUfj-5jFQ,UgwgZv4MP_WKVTzjUOd4AaABAg,english,Not to be mom but are you sure those are the full matching bottoms?😅 but besides that they are super cute! ❤,1,0,2025-05-24T22:09:00Z
youtube_english_022,CJzUfj-5jFQ,UgwhJJzU5SyyT5vzVlF4AaABAg,english,Do you even Really care about the World around you or do you just live in your own overconsumption bubble?,1,0,2026-03-21T19:38:31Z
youtube_english_023,CJzUfj-5jFQ,Ugwkt3gNNPwnw3sESRd4AaABAg,english,why so many😭 like there’s literally no way she’ll wear them all this summer,3,0,2025-05-24T06:34:18Z
youtube_english_024,CJzUfj-5jFQ,UgwnNCTMoH1RGMHANGR4AaABAg,english,Future self is it going to be anything else than bikini’s?,1,1,2026-02-20T09:50:32Z
youtube_english_025,CJzUfj-5jFQ,UgwpNnkNfvJn9dYAsA54AaABAg,english,Is it just me or is it that the older u get the smaller the bathing suits get😅😅😅😅,1,0,2025-08-28T03:12:13Z
youtube_english_026,CJzUfj-5jFQ,UgwqcUUU07y72nc_2gt4AaABAg,english,"Omg. I can't believe you are doing this. Shein is sooooo bad for the environment. Also, 100% possible child labor. I can't believe that people who have the means to buy higher quality clothes that help our planet are supporting businesses that should be shut down. This is wild. Horrible consumerism.",2,0,2025-06-14T12:22:00Z
youtube_english_027,CJzUfj-5jFQ,UgwrBL2riY7xhonQJ-R4AaABAg,english,shein scammed me so my mom won’t let me order from it anymore😢,3,0,2025-05-21T20:40:09Z
youtube_english_028,CJzUfj-5jFQ,Ugwrwd_HYlEWzsxjBfF4AaABAg,english,Now the question is how much money did she spend lol😂,2,0,2025-06-17T03:24:43Z
youtube_english_029,CJzUfj-5jFQ,Ugwu_lBvSrRI7Eescl54AaABAg,english,She said matching not including match 33 times 🤭😦😯 i think.,1,0,2025-05-25T18:37:21Z
youtube_english_030,CJzUfj-5jFQ,UgwzztAuDfMwD4NAL-V4AaABAg,english,I HAVE LIKE 100 THINGS IN MY CART FOR THE SUMMER THAT IMMA ORDER,1,0,2025-05-26T08:10:23Z
youtube_english_031,CJzUfj-5jFQ,Ugx6TBAk8cIENgRXmF54AaABAg,english,sorry emma but why does one need so many bikinis... like do u need a new one every week?,3,0,2025-06-12T22:05:22Z
youtube_english_032,CJzUfj-5jFQ,Ugx8cTf-G2tYhMZ4D1B4AaABAg,english,do you think a small would be good for a 12-13 year ?,1,0,2026-05-25T18:00:23Z
youtube_english_033,CJzUfj-5jFQ,UgxAzKjjggoVvC0xl0N4AaABAg,english,so we just going to forget about child labor now? btw im not trying to hate!,1,0,2025-05-28T13:50:28Z
youtube_english_034,CJzUfj-5jFQ,UgxGEPzF0N0l7bflDet4AaABAg,english,I love that you are happy but she in is a scam and not the best material at all so try shopping for cloths some where else love you so much love the energy❤️❤️,1,0,2025-07-01T12:01:08Z
youtube_english_035,CJzUfj-5jFQ,UgxGsVDaRvbFXG7FePx4AaABAg,english,It is disgusting how tiny and inappropriate those bikinis were!🙄🤮,1,0,2025-07-26T21:04:12Z
youtube_english_036,CJzUfj-5jFQ,UgxMDQJpTFSAVcmAHfZ4AaABAg,english,"For yall wondering, she said ""matching"" 89 times❤❤",1,0,2025-08-17T21:17:44Z
youtube_english_037,CJzUfj-5jFQ,UgxOv17tADX7LMFXe_V4AaABAg,english,I’m glad you liked the things my siblings and I made !,3,0,2025-05-22T19:51:06Z
youtube_english_038,CJzUfj-5jFQ,UgxS5ZOF3SjkFJ66KKZ4AaABAg,english,Isn’t this the influencer who is part of that trending sound “how to be the prettiest girl at your school”😭😭,36,3,2025-06-14T05:52:04Z
youtube_english_039,CJzUfj-5jFQ,UgxWeMWA31-4YisYpGx4AaABAg,english,Can we talk about climate change and the fact that over consumption and buying to many clothes is harming the environment,3,0,2025-05-24T21:37:42Z
youtube_english_040,CJzUfj-5jFQ,UgxX-OEdqDxnXF3tADZ4AaABAg,english,Yea we know the bottoms are tiny also SHEIN really,1,0,2025-06-07T00:28:16Z
youtube_english_041,CJzUfj-5jFQ,Ugx_7ELxflbgfm0JAc54AaABAg,english,Those 2 pieces were soo cuteee🤭💙 but if i had the body i would wear it to😔✌🏿🥀,2,0,2026-04-20T15:14:38Z
youtube_english_042,CJzUfj-5jFQ,Ugx_EYZgEe9IyauSm0N4AaABAg,english,Baby girl calm down I know your not that exited for some swim suites that will break in one day,1,0,2025-05-25T17:18:25Z
youtube_english_043,CJzUfj-5jFQ,UgxaOhyXQtrVlhHMWx14AaABAg,english,I never thought I’d actually see someone this excited to support SHEIN.,1,0,2025-05-29T03:12:15Z
youtube_english_044,CJzUfj-5jFQ,UgxcOrVVQK9mptiv-eh4AaABAg,english,"The amount of times she said “Bikini top, matching bottoms.” was crazy😂😂😂",5,0,2025-05-24T22:45:49Z
youtube_english_045,CJzUfj-5jFQ,UgxgEzaUWlmJ8w_3kON4AaABAg,english,I love that she’s excited but shein is so bad girl.. child labor and fast fashion,1,0,2025-05-26T23:14:07Z
youtube_english_046,CJzUfj-5jFQ,Ugxo-1odTUaf262-DL14AaABAg,english,I don’t even want to know how much that cost you 😭,2,0,2025-05-24T15:09:11Z
youtube_english_047,CJzUfj-5jFQ,Ugxrak6ypMIgy2xA7Zx4AaABAg,english,Guys for anyone wondering clothes come in at 1:22 😂❤acc 2:04 bcs it was pjs,1,0,2025-07-06T21:28:54Z
youtube_english_048,CJzUfj-5jFQ,UgxuFmZ0Px_3CvZvvx94AaABAg,english,How can somone even use that many bikinis in one summer😅,1,0,2025-06-15T22:20:48Z
youtube_english_049,CJzUfj-5jFQ,UgxvM9NgvR5_58xHEq14AaABAg,english,I think she said matching like around 40 times lolll,1,0,2025-06-06T03:56:27Z
youtube_english_050,CJzUfj-5jFQ,Ugxxmsl3tDBdcZompLF4AaABAg,english,Where are the rest of the bottoms? IM JUST SAYING THEY ARE REVEALING A LOT OK NO HATE,2,0,2025-05-28T15:07:26Z
youtube_english_051,CJzUfj-5jFQ,Ugy1ClVoOnhF_PbEc054AaABAg,english,This lady just called me broke in 39473939287 different languages,2,1,2025-05-28T00:19:33Z
youtube_english_052,CJzUfj-5jFQ,Ugy2bQ3vyfs6VIUBAdx4AaABAg,english,I’ll never forget that one video you are how u are I know you haven’t changed,2,0,2025-11-15T16:23:40Z
youtube_english_053,CJzUfj-5jFQ,Ugy4LNPL68eyTToAp8t4AaABAg,english,"“how to go from ugly, TO PRETTY” “How to be the pretty friend and not the ‘oh yeah she’s nice’ friend” “here’s how to glow up the night before school” “here how to be the PRETTIEDT girl at ur school”",1,0,2025-06-11T21:32:32Z
youtube_english_054,CJzUfj-5jFQ,Ugy69X_NdQijODb5uIB4AaABAg,english,I swear the words top and bottoms are the only words in my vocabulary now🙏,1,0,2026-07-18T03:45:29Z
youtube_english_055,CJzUfj-5jFQ,Ugy7R9y0IQDJ5UGVdq54AaABAg,english,The children in china are crying 😭😭 Edit: omg I'm famous 😂,3750,77,2025-05-21T22:38:07Z
youtube_english_056,CJzUfj-5jFQ,Ugy8nMBNWDeGffShzlp4AaABAg,english,those bikinis are more than every single thing in my room combined 🙏🙏🙏,1,0,2025-05-24T23:48:03Z
youtube_english_057,CJzUfj-5jFQ,Ugy91yppo0NjP_LVb8V4AaABAg,english,OMG you should do the red and white striped bikini top with the blue and white bikini bottoms or the other way around and like make a match for the 4th of July. I know it’s a bit late. 😅😂❤,1,0,2025-07-24T10:06:42Z
youtube_english_058,CJzUfj-5jFQ,UgyA6tO3rQs3m_ka3Tx4AaABAg,english,She said matching so many times I tried to count but I lost count after 20 but I think it was 35,1,0,2025-10-07T08:17:37Z
youtube_english_059,CJzUfj-5jFQ,UgyDeVm2-t_63K8R8Bh4AaABAg,english,Not to be rude but those bottoms are not covering anything 😬,1,0,2025-05-31T14:44:02Z
youtube_english_060,CJzUfj-5jFQ,UgyJ5PoWIus64mBsAaN4AaABAg,english,Girl theyre so cute but how do you afford all that😭😭😭,2,1,2025-05-24T20:09:03Z
youtube_english_061,CJzUfj-5jFQ,UgyL-XLVcTr18nevOTd4AaABAg,english,”I don’t have a bank account. I have a husband” type shi 😂😂,1,0,2026-04-09T17:34:39Z
youtube_english_062,CJzUfj-5jFQ,UgyLJMX8zRKcYH-ZdaJ4AaABAg,english,This girl has a whole life’s worth amount of bikinis,1,0,2025-05-22T23:48:56Z
youtube_english_063,CJzUfj-5jFQ,UgyN7wH5t9hWjLTKTet4AaABAg,english,how are you supposed to tell which is the front and back!!!! They look the same!😭,1,0,2025-05-25T13:52:41Z
youtube_english_064,CJzUfj-5jFQ,UgyPaz5jaKz_KDl1R3Z4AaABAg,english,Are you even gonna get the chance to wear all those bikinis....?,1,0,2025-06-13T06:56:39Z
youtube_english_065,CJzUfj-5jFQ,UgygQN7hVRo9MimucfN4AaABAg,english,1: shein uses child labour 2: those bikinis look like they’re bad quality 3: NO ONE NEEDS THAT MUCH BIKINIS,2,0,2025-06-08T06:04:16Z
youtube_english_066,CJzUfj-5jFQ,UgyiN-oyw4vumVqriSF4AaABAg,english,WHO NEEDS THAT MANY BIKINIS??? CHILD LABOUR ALERT !!️ 🚨,1,0,2025-05-29T19:51:45Z
youtube_english_067,CJzUfj-5jFQ,UgypZzK_tp4rbwoeprt4AaABAg,english,Love ❤❤❤🎉🎉🎉 Btw emma PLS FINISH HOW TO GET A BOY IN 10 DAYS IM ON A CLIFFHANGER HERE 😭,3,0,2025-05-22T18:07:37Z
youtube_english_068,CJzUfj-5jFQ,Ugyqbas7FM0ZVyE_S4l4AaABAg,english,The amount of times she said “matching” is crazyyy,3906,25,2025-05-25T00:33:55Z
youtube_english_069,CJzUfj-5jFQ,UgyqiJ_5HL29e5BAZcV4AaABAg,english,I hope you can sleep at night knowing children made those clothes for nothing,2,1,2025-05-24T20:39:31Z
youtube_english_070,CJzUfj-5jFQ,Ugyslqcug_3PMYVFM_d4AaABAg,english,I love how she called the one bikini bottom that was the same size as all the other bikini bottoms a little bit small like girl did you see the other ones,1,0,2025-07-12T14:17:09Z
youtube_english_071,CJzUfj-5jFQ,UgywV7xtLKXTeReQj714AaABAg,english,guys no hate js curious isnt shein like rly bad :0 don't they use rly inhumane methods to make the clothes,2,0,2025-06-21T04:22:46Z
youtube_english_072,CJzUfj-5jFQ,UgyyvAkkVL9IzCBA-WB4AaABAg,english,Oh my gosh I love people that shop from SHEIN proudly and give hauls that help know that their quality actually is good and I can trust them more,1,3,2025-06-26T23:00:14Z
youtube_english_073,CJzUfj-5jFQ,Ugz0V8P9LyHkMQcIA0B4AaABAg,english,The definition of consumerism 😂 Like I'm a competitive swimmer and I swim like 4 days a week and I have 3 swim suits for practice and 3 for fun. I thought that was a lot!,943,15,2025-05-22T21:44:54Z
youtube_english_074,CJzUfj-5jFQ,Ugz0g0IwMrvtrHWBY5d4AaABAg,english,The clothes are cute children in other countries are being forced to work there for long hours and you’re just like “ooh look at this bikini” idk if you knew about it but please just don’t buy from SHEIN.,1,2,2025-05-24T22:40:03Z
youtube_english_075,CJzUfj-5jFQ,Ugz1gbGn-eYVUmxYsbV4AaABAg,english,You really only need 1 swimsuit and she ordered so many from shein so Js basically a bunch of child labor PS I am not targeting if you shop on shein Ik it’s very cheap so it’s nice for people!,1,0,2025-05-27T14:56:34Z
youtube_english_076,CJzUfj-5jFQ,UgzAPSHVPmvwyBCO_Bp4AaABAg,english,Imagine never wearing a swimsuit twice!(no hate girl❤it was a joke,3,0,2025-05-23T20:07:25Z
youtube_english_077,CJzUfj-5jFQ,UgzB_1dnX_BkMoQlCxd4AaABAg,english,Can someone tell me why SHEIN hasn’t got shut down bc of child labor?,7,1,2025-06-12T10:31:45Z
youtube_english_078,CJzUfj-5jFQ,UgzFVv99H0aZHrfKwbN4AaABAg,english,Please someone count how many times she says matching bottoms 💀,1,0,2025-05-25T00:14:55Z
youtube_english_079,CJzUfj-5jFQ,UgzHtPnpZAU2QMXdFBt4AaABAg,english,the amount of clothes in her hall is the amount of clothes in my closet 😢,1,0,2025-07-11T15:34:50Z
youtube_english_080,CJzUfj-5jFQ,UgzII1-EqKsVJplHumh4AaABAg,english,I’m sorry but nobody needs that many bikinis especially from SHIEN!!!,2,0,2025-05-24T14:14:53Z
youtube_english_081,CJzUfj-5jFQ,UgzKDt0dKQc4u1eZGxR4AaABAg,english,Who needs this many bikinis 😂 Btw I counted and I think around 19 bikinis 😅,1,0,2025-06-11T07:08:57Z
youtube_english_082,CJzUfj-5jFQ,UgzPLdM8Ixzi4vjd5pZ4AaABAg,english,Her saying the full coverage ones are a bit small but than saying NOTHING about the ones that are lit so this😅,1,0,2025-05-25T01:11:53Z
youtube_english_083,CJzUfj-5jFQ,UgzS0MlAfzK2pOjIODd4AaABAg,english,Those are actually some of the smallest bottoms I’ve done did ever seen ngl 💀,1,0,2025-06-12T02:46:29Z
youtube_english_084,CJzUfj-5jFQ,UgzSeNuqcXi1MrYLCo94AaABAg,english,How can you even possibly use all of those wtf ☠️ peak overconsumption,2,0,2025-05-24T08:54:54Z
youtube_english_085,CJzUfj-5jFQ,UgzTQtyeMUZ--WrIwWx4AaABAg,english,Those are NOT bathing suit bottoms they look more like thongs to me,1,0,2025-06-18T23:27:57Z
youtube_english_086,CJzUfj-5jFQ,UgzaQ1ffzd0H8ku24N94AaABAg,english,No one like this comment if you do your #1 fan of her,1,0,2025-05-22T18:54:22Z
youtube_english_087,CJzUfj-5jFQ,UgzaeMwdn6kcmhn4haF4AaABAg,english,The things for me is that when you have to money to shop ethically but you don’t. For some people SHEIN is all they can afford but when you have the money to get that much I’m sure you can afford to shop ethically.,1,0,2025-07-08T06:02:59Z
youtube_english_088,CJzUfj-5jFQ,UgzcqJF5RCI96kbCjbh4AaABAg,english,Just so u know I love you but u should be buying from SHEIN it is homophobic anti semtic fast fashion sexist and racist do ur own research and help spread awareness,1,0,2025-06-16T20:41:11Z
youtube_english_089,CJzUfj-5jFQ,UgzfWnO297rtf4dCMS94AaABAg,english,Wait but girl how are u supposed to work out in a tube top..,4,0,2025-06-14T23:26:25Z
youtube_english_090,CJzUfj-5jFQ,Ugzg6KLz1hbnrg6Dxnx4AaABAg,english,"Did anyone else comprehend a thing she said? All I heard was “matching, matching, matching, so cute!”",1,0,2025-06-30T19:40:33Z
youtube_english_091,CJzUfj-5jFQ,Ugzge5iEGaHrMc77w4d4AaABAg,english,“All this is such great quality” —— who’s gonna tell her...,1,0,2025-05-26T14:41:29Z
youtube_english_092,CJzUfj-5jFQ,UgzhGEtK6VP2fe4m-U94AaABAg,english,holy over-consumerism.. she bought every bikini so i didn’t have to.. 🫢,1,0,2025-06-18T15:22:34Z
youtube_english_093,CJzUfj-5jFQ,UgzkjfAoI7Q0ep9ZqSZ4AaABAg,english,Girl bought more clothes than I own.. lol I have ALOT,1,0,2025-06-27T22:45:14Z
youtube_english_094,CJzUfj-5jFQ,Ugzlkg2JM5Fd3N_Ir1h4AaABAg,english,Is there ANY WAY u would be able to share the price?? I totally get if it’s your business and don’t want to share but I do want to know bc I would loveeee to get some of those atleast,1,0,2025-06-08T13:43:38Z
youtube_english_095,CJzUfj-5jFQ,Ugzpx3eeFEMIDmjKtuF4AaABAg,english,I think shein’s bikinis and pj’s are probs out of stock now..😂❤,1,0,2026-03-01T14:54:40Z
youtube_english_096,CJzUfj-5jFQ,UgzqWY0LPj9ZFdW0ckB4AaABAg,english,the 1st bottoms look like they ain’t gunna cover nothing 😭,1,0,2025-05-28T01:20:29Z
youtube_english_097,CJzUfj-5jFQ,Ugzu1JH32rdqglVuXwF4AaABAg,english,Omg I can see all of this clothes going in the garbage in years taking YEARS to decompose and all the kids and adults working dollars an hour for these clothes .the over consumption is insane,2,0,2025-05-31T06:21:05Z
youtube_english_098,CJzUfj-5jFQ,Ugzvp-OdVog5hb1VTfF4AaABAg,english,She has a different bikini for every time she goes swimming 😭😭,2,0,2025-05-26T18:58:19Z
youtube_english_099,CJzUfj-5jFQ,UgzxCM-xxx39rQ-Tjkh4AaABAg,english,i can’t even tell which side of bottoms is the front vs back omg those are tiny,1,0,2025-07-10T16:02:25Z
youtube_english_100,CJzUfj-5jFQ,UgzyJA1lxFgwVHu6iJN4AaABAg,english,The fact that she’s so grateful about it warms my heart,81,2,2025-05-22T22:27:15Z
youtube_mixed_001,8560RK9-iWw,Ugw8KgON1Zv1tHq-x2p4AaABAg,mixed,مسالة Elegance ومش كلشي يفهم فيها 😂😂❤,0,0,2025-08-08T21:57:35Z
youtube_mixed_002,8560RK9-iWw,UgwLczkwwLPDrGLj4NV4AaABAg,mixed,"الصراحة كلهن يلعبن النفس خصوص ام الاسود She is wearing tight clothes, her charm is obvious, and her underwear is clear",0,0,2025-06-27T00:55:04Z
youtube_mixed_003,8560RK9-iWw,UgxDiyJ1Bi8czkWzm2l4AaABAg,mixed,مخكم من SHEIN لبسها حقه 2400دولار يعني9000ريال,0,0,2025-07-26T03:42:10Z
youtube_mixed_004,8560RK9-iWw,Ugx_774Mv0lWUdwEUO94AaABAg,mixed,دوق جرجنا دون المستوى ،vulgaire,0,0,2025-09-04T21:55:34Z
youtube_mixed_005,8560RK9-iWw,UgxfjCbUlBFg1EH9zK94AaABAg,mixed,هي طلبت منهم دريس كود فساتين Pink وهما مقصروش 😂😂😂 بس ده اختلاف ثقافات يعني لو بنت من بنات العرب لابسه نفس فستان جورجينا كانت اتهاجمت طالعين زي الاميرات ومتسترين ❤️❤️,7,0,2025-01-01T03:48:48Z
youtube_mixed_006,8560RK9-iWw,UgxnHNeVOc2cd2tjPqZ4AaABAg,mixed,"جورجينا لابسه شي بسيط وحلو وكمان اسود وهم زرق ورق وفوگ كل هذا ريش حمام 😂😂😂😂😂🎉 I loved Georgina's outfit so much, it's beautiful, wow 🖤🖤🖤🖤",13,2,2025-04-29T16:01:33Z
youtube_mixed_007,8560RK9-iWw,UgxrJ7Tsnfr6O18tb2p4AaABAg,mixed,معجونيش حتى لبسهم 🥴🥴🥴 بس جورجينا لابسا simple même maquillage simple les accessoires شوية ⁦❤️⁩😎😍,2,0,2024-12-12T01:05:35Z
youtube_mixed_008,8560RK9-iWw,UgyApazoSXbqLsqKS8Z4AaABAg,mixed,من جنت مراهقه وشفت الكيبوب وbts و exo و بلاك بينك هم تخبلت عليهم وكرهت حياتي والواقع الي عايشته وجنت بس لازمه التلفون و اكره امي وابوي لان جانو يمنعوني و فكرت انتحر هواي مرات وابتعدت عن الصلاه ورب العالمين من كبرت فهمت الوضع وعرفت اهلي ماجانو يكرهوني بس اني جنت على غلط ف بالنسبه لقضية البنات ما اعتقد والدهن اله ايد بقتلهن هنه سون هذا الشي بنفسهن وداخلات هواي بجو المراهقه,0,0,2026-03-05T09:09:04Z
youtube_mixed_009,8560RK9-iWw,Ugyays4dQXGFAfB2W714AaABAg,mixed,الbra اللي لابستها مرة غلط 😑💔,0,0,2025-02-24T17:00:07Z
youtube_mixed_010,8560RK9-iWw,Ugz55J9Pt9TEXSJvYKZ4AaABAg,mixed,La simplicité fait la beauté. الأناقة في البساطة,0,0,2025-12-02T13:29:22Z
youtube_mixed_011,8560RK9-iWw,UgzEVuC_pW9NN_MSB814AaABAg,mixed,ليش لبسهم كله ريش ومكياجهن over بيشبهن Drag Queens😂,0,0,2024-12-14T19:36:40Z
youtube_mixed_012,8560RK9-iWw,UgzJW61QJoyYGzs-BNN4AaABAg,mixed,رح اقول لكم حاجه بالانجليزي She Clever idea معناها هذه فكرة ذكيه قصدي على فكره جورجينا,0,0,2025-03-06T20:18:39Z
youtube_mixed_013,8560RK9-iWw,UgzOcONHT4RRmD--xP94AaABAg,mixed,صدق وناسه وجينا Vip هذا لا لحد يشوفه عيب مفصخ بعد,0,0,2026-07-02T21:42:58Z
youtube_mixed_014,8560RK9-iWw,UgzR5AQq0mVOnOil-9h4AaABAg,mixed,هما لابسين pink بس جورجينا لابسة plake,1,0,2026-02-06T15:54:15Z
youtube_mixed_015,8560RK9-iWw,UgzT7qhhZnBAkutDxv14AaABAg,mixed,ملابس النوم لابسين nuisette,4,0,2025-01-07T17:16:57Z
youtube_mixed_016,8560RK9-iWw,UgzXPfJxdrLHFzl8wA14AaABAg,mixed,SHEIN ❌ كلية ونص✅,0,0,2025-04-07T17:09:31Z
youtube_mixed_017,8560RK9-iWw,UgzY5Pyev8vjOWTBkHd4AaABAg,mixed,sagx6f6 كود شي ان خصم,0,0,2026-08-25T11:44:56Z
youtube_mixed_018,8560RK9-iWw,UgzdBXQMGFALylfsfnN4AaABAg,mixed,كأنهن طالعات من غرف نومهن hhh,0,0,2025-02-27T11:18:11Z
youtube_mixed_019,8560RK9-iWw,UgzhprMDjPvlIw9xjTZ4AaABAg,mixed,صراحه لبسهم ومكياجهم over 🥲,0,0,2025-10-31T20:23:43Z
youtube_mixed_020,8560RK9-iWw,Ugzlod8_bRt405GcGu14AaABAg,mixed,في مثل فرنسي بيقول “plus simple plus beau”جورجينا طبقت هذا المثل,0,0,2025-08-08T00:23:57Z
youtube_mixed_021,8560RK9-iWw,UgzsAQR5mg-vc6xpfjx4AaABAg,mixed,Georgina is the most beautiful girl in the world ترجمووو,0,0,2025-06-15T10:33:09Z
youtube_mixed_022,8560RK9-iWw,Ugzt1ac9eZCYn_cogRp4AaABAg,mixed,Ana bou7di li la7t ponge li labsa awilii انا الوحيده إلي لاحظت ص*درها لابسه ...,0,0,2025-11-07T01:02:08Z
youtube_mixed_023,8560RK9-iWw,Ugzx60CJTWFewtA9wTJ4AaABAg,mixed,ليه يا عرب تعطو للاجانب قيمة و هم في بلدكم dont care them🎉 نحب اصولنا و تقافتنا و عروبتنا لنعتز بانفسنا متل اجدادنا,0,0,2025-03-07T19:07:02Z
youtube_mixed_024,z9r4kSdW_Kk,UgwLj1xTVSeAwlT7B1B4AaABAg,mixed,حاولت طبق ال make up الكوري اللي عملتيه من فترة.. وما زبط معي😂,0,0,2026-08-30T13:03:42Z
youtube_mixed_025,z9r4kSdW_Kk,UgwQmPwxNC3A72WJM8x4AaABAg,mixed,10:58 شكلو كان حلمان بالCow😂,0,0,2026-08-30T17:04:38Z
youtube_mixed_026,z9r4kSdW_Kk,UgwYyFyHO4Qys4G2pVB4AaABAg,mixed,ساره ع طاري بتحضري كوري ليه ماتجربي ميكب glow ودي اجرب منتجاتهم بس خايفه يكون كله كذب وما اوثق الا فيك 😭😭😭,0,0,2026-08-30T17:30:16Z
youtube_mixed_027,z9r4kSdW_Kk,UgxDve4NdKhOvRjtqaB4AaABAg,mixed,يقصدنا احنا الـ cow 😂🥲,0,0,2026-08-30T16:05:28Z
youtube_mixed_028,z9r4kSdW_Kk,UgxWFzdEC2mSipfYcbd4AaABAg,mixed,👶: في cow 🤷♀: يا ماما وين الcow؟ sooo cute🤏🥰,2,0,2026-09-11T14:41:45Z
youtube_mixed_029,z9r4kSdW_Kk,UgxmlUCGhZcsnMPgBHR4AaABAg,mixed,ساره كنت عم اكل كوكيز لما قال cow بطلت بدي اكل خلاني اتذكر الدايت😭😭😭,0,0,2026-08-31T15:49:15Z
youtube_mixed_030,z9r4kSdW_Kk,UgyxfH4BWplbp3CjIFt4AaABAg,mixed,سارة سوي فديو clean girl,3,0,2026-08-30T15:57:27Z
youtube_mixed_031,z9r4kSdW_Kk,Ugz4PZU7yqSC3WZ2shR4AaABAg,mixed,هاي سارة بليز جربي مكياج رينا الجزائرية وأعملي عليه ردة فعل love you❤❤,6,0,2026-08-30T11:27:55Z
youtube_mixed_032,z9r4kSdW_Kk,UgzUscjjlDLLnTKBXfh4AaABAg,mixed,انا ابني تقريب نفس عمر ويليام مهوس بحيوان بس مو cow لا😂 cat يتجنن من يشوفها,0,0,2026-08-30T15:20:28Z
youtube_mixed_033,z9r4kSdW_Kk,Ugzd7bym-dKSsDiC2Q54AaABAg,mixed,الله يسامحك ويليام انا 🐮cow,0,0,2026-08-31T15:26:22Z
youtube_mixed_034,z9r4kSdW_Kk,Ugzs1DdgtjwYthWK28V4AaABAg,mixed,سارة 👈👉فيكي تسوي ميكاب بابلز يلي لونها اخضر💚 من كرتون فتيات القوة وبس بحبك من الجزائر و You are my favorite makeup artist,1,0,2026-08-30T13:01:43Z
