id,text,gold_sentiment,slice,split,source,gold_topics
youtube_arabic_001,لأعلم إذا كانت جورجينا جيدة أم سيئة لكن أنا متأكدة أن كل شيء يهتم له كرستيانو يثير جدل ويكون مميز عند الكثير من الأشخاص مثلا الجميع يقول سيي فقط لأن رونالدو يقولها قال الدوري سعودي أفضل من الفرنسي قال أن فينيسيوس هو من يستحق الكرة الذهبية إتفق الجميع على هذا طبعا أنا أتحدث عن الكرة وليس الدين فلا داعي للمهاجمة وخلط الأمور,neutral,arabic,test,youtube:shein_clothing_hauls,"[""other""]"
youtube_arabic_002,ولا وحدة فيهم جورجينا لبست اسود من حيث لون فخامة اما هي لبستو مانو متناسق مع جسمها صدرها بارز مو متناسق اما لباس الاخر محتشم نوعا ما,neutral,arabic,test,youtube:shein_clothing_hauls,"[""other""]"
youtube_arabic_003,يعني الواحد ما يبغى يتنمر لكن رب العالمين خلقنا بأحسن تقويم يجون هم يخربون اشكالهم ويركبون ويغيرون اشياء كنهم موتر يعني صراحتا يلوعون الكبد أستغفر الله طالعين كنهم مسوخ🤦♀️,negative,arabic,test,youtube:shein_clothing_hauls,"[""other""]"
youtube_arabic_004,بالعكس كلهم عطوا عليها لبسها يفشل مو مناسب للحفل و حتى شعرها مو مسويته جايه تسليك لو مناسبه اجنبية جان جت فل اناقة بس واضح تقلل من مناسبات العرب و كذلك انتو تقللون من العربيات بهاي المنشورات 🥰,negative,arabic,test,youtube:shein_clothing_hauls,"[""other""]"
youtube_arabic_005,3:02 في زمن صار فيه كل شيء بمقابل، اخترت أنت أن تعطي بلا حدود، وأن تزرع العلم في دروبنا بالمجان، لا لشيء إلا لإيمانك بنا وبمستقبلنااستمرارك معنا رغم الضيق ورغم كلام الناس هو أكبر دليل على نبل أخلاقك أنت لا تُدرسنا مادة علمية فحسب،بل تُدرسنا درساً في الصمود والإخلاص أثرك باقٍ وكلامهم فانٍ استاذ مانتمنى نشوفك ضايج وأن شاءالله تعبك ميضيع احنه كاعد نتعب علمود ميضيع تعبكم ويانه وتشوفون درجاتنه ❤❤,positive,arabic,test,youtube:shein_clothing_hauls,"[""customer_service"", ""other""]"
youtube_arabic_006,ترا يجماعه لبس جورجينا مو من شي أن ترا من ماركات ذي الملونيره تلبس من شي أن ترا نفس الفستان بس الي يبوعوه بشي أن للصغاره وحقو اربع ليارت اردني تخيلو تلبس من شي ان,neutral,arabic,test,youtube:shein_clothing_hauls,"[""other""]"
youtube_arabic_007,ترا ذي فكرة جورجينا انو كتبت بالدعوة انو يلبسو زهري وليلكي وبيج وذي الدرجات عشان هي تلبس اسود وتكون مميزة عنهم(في ناس ما يقدرو يلبسو الوان يعني بس اسود),negative,arabic,test,youtube:shein_clothing_hauls,"[""other""]"
youtube_arabic_008,ضحكتم فيكم جورجينا تلقاها كتموت بالضحك عليكم غاصابرة حتى توصل لدار وتنفجر بالضحك ويلي على بينوار بريش نعام ديال بيت نعاس😂😂😂,negative,arabic,test,youtube:shein_clothing_hauls,"[""quality"", ""other""]"
youtube_arabic_009,الصراحه الصراحه هنه كلش مبالغات بلزينه والالوان والملابس وجورجينا مبالغه بلبساطه درجة اللبس كلش عادي متعبانه غليه لا اكسسوارات لا شي,negative,arabic,test,youtube:shein_clothing_hauls,"[""quality"", ""other""]"
youtube_arabic_010,كلهم لبسهم يفشل انوب جورجينا لابسه علاگه وجاية استحي البس لبسها مع نفسي والـ3 الي گدامها يمثلوني اني وبنات خالاتي لما كنة بالابتدائية ومتأثرين بالمسلسلات ونجي نرقع ملابسنا مع ملابس امهاتنا واخواننا وابائنا ونطلع بستايل خايس وفرحانين بيه فـ المهم كلهم منضرهم لايرضي الله سبحانه وتعالى ولاحتى البشر.,negative,arabic,test,youtube:shein_clothing_hauls,"[""quality"", ""other""]"
youtube_arabic_011,ايه الريش ده خجلتونا كنتو جيبو درة التونسية عشان تغطي عليها اي تونسية و خلاص تعرف تلبس مش زي المهرجات دي قال ريش قال 😂😂😂 حتى في غرفة النوم بقى موضة قديمةمن الخمسينات زمن نازك هانم الصلحدار 😂😂,negative,arabic,test,youtube:shein_clothing_hauls,"[""quality"", ""other""]"
youtube_arabic_012,يوم لا ينفع مال ولا بنون إلا من أتى الله بقلب سليم 🤍🤲اللهم أحسن خاتمتنا وأغفر لنا ولوالدينا ولجميع المسلمين والمسلمات وأرحمنا برحمتك يا أرحم الراحمين 🤲 🕊️ 💞,positive,arabic,test,youtube:shein_clothing_hauls,"[""other""]"
youtube_arabic_013,أصلا السعوديات ذوقهم صفر والله في المناسبات ولا أي شي كترت البريستيج ولبس لا علاقة و ذهب ومكياج أوڤر و عدسات جات جورجينا ببساطة صارت حلوة عليهمم كلهم,negative,arabic,test,youtube:shein_clothing_hauls,"[""other""]"
youtube_arabic_014,لا حول ولا قوة الا بالله اهلنا بغزة عم يموتو وبسودان عم يموتو وبسوريا العصابات مليانة والعراق كمان وآخر شي تجي تحكو علي إطلالات كفار,negative,arabic,test,youtube:shein_clothing_hauls,"[""other""]"
youtube_arabic_015,يشهد علي الله ومحمد رسول الله انه البنات المتحجبات اجمل من ملكات جمال العالم انا كشب عمري 22 سنه انه البنات المتحجبات في الجامعه اجمل من كل وحده غير لابسه للحجاب,positive,arabic,test,youtube:shein_clothing_hauls,"[""other""]"
youtube_arabic_016,تره حتى جورجينا ملابسها مو حلوه ابداً وجداً بسيطة لدرجة حتى بعرس ما اكدر البس هيج فستان مو انوب افتتاح عطر ! وهيج مشهور وحتى ستيانها مو على مقاسها واصغر ومبين شكل صدرها نشاز,negative,arabic,test,youtube:shein_clothing_hauls,"[""quality"", ""sizing"", ""other""]"
youtube_arabic_017,والله العظيم اسوء اطلاله هيه اطلالة جورجينا زين بس اريد اعرف عده ثقه جيس حب خره بهيج ثقه واريد احجيه مباشر ودور شنو هذا سدره ايع 🤢 اه الله يثبتنه عله طريق الحجاب والستر بس 🙄😁,negative,arabic,test,youtube:shein_clothing_hauls,"[""other""]"
youtube_arabic_018,ايععععع ذنيي البناتتت ينرزفزنن وحدهه لابسهه ديج بي كم ريشه باقيه والثانيه لا دجاجه هم مهلسه بس بيها شعر اكثر من الديج والثالثه بيضه مسلوگه وبسس سويي لايكك باجرر عنديي امتحانن ادعولييي طالبههه سادسس 🌝✨🫰🏻,negative,arabic,test,youtube:shein_clothing_hauls,"[""other""]"
youtube_arabic_019,بكل بساطة( لولا اختلاف الاذواق لبارت السلع) همة هيك اذواقهم بالبس وهية هيك ذوقها ف عادي المهم الشخص يكون عاجبه شكله طز بالباقي طالما هية راضية عن نفسها 😊,neutral,arabic,test,youtube:shein_clothing_hauls,"[""other""]"
youtube_arabic_020,بعد ما راحت جورجينا صاروا يحكيوا على جورجينا و على لبسها😢 واصلا جورجينا احلا وحدة فيهم..😢 انا اكره البنات و النسوان مع انو انا بنت,negative,arabic,test,youtube:shein_clothing_hauls,"[""other""]"
youtube_arabic_021,مره مافي ثقه بالنفس ليه انا الوحيده الي مااشوف جورجينا حلووه المميز فيها انه فيها كريزما وجادبيه وثقه عاليه بالنفس اما جمال ابد حتى شكل جسمها مااحبه عاملين عليها ضجه لسه مدري,negative,arabic,test,youtube:shein_clothing_hauls,"[""other""]"
youtube_arabic_022,قال رسول الله صلى الله عليه وسلم (( ونِساءٌ كاسِياتٌ عارياتٌ مُمِيلاتٌ مائِلاتٌ، رُؤُسُهُنَّ كَأسْنمَةِ البُخْتِ المائِلَةِ، لا يَدْخُلْنَ الجَنَّةَ، ولا يَجِدْنَ رِيحَها،وإنَّ رِيحَها ليُوجَدُ مِن مَسِيرَةِ كَذا وكَذا)) « صحيح مسلم » ( 2128 ) هذا رأيي اتمنى يعجبك و اتمنى محد يهجم ويقول مالك دخل لأنه المفروض ننهي عن المنكر مو نشجع عليه 🫶🏻🫶🏻,negative,arabic,test,youtube:shein_clothing_hauls,"[""other""]"
youtube_arabic_023,كلهن لعبان نفس وتبرج ولا حدة بيهن قدوة القدوة الي توقف بوجه الميركافا الاسرائيلية القدوة الي تقدم اولادها فداء للمقاومة وتحرير الأرض,negative,arabic,test,youtube:shein_clothing_hauls,"[""other""]"
youtube_arabic_024,اكو تطبيق ملابسه من كوريه اصنعوه ويبوعوه بل امارات اسم التكبيق شيك بويت احله من شي ان وملابسه اتجنن والخامايه مالته اتخبل و عدهم بس ملابس رحالي ونسائي ولاظي وبناتي واطفال اهواي اشياء حلوه اكثير انصحكم في اسمه شيك بوين,positive,arabic,test,youtube:shein_clothing_hauls,"[""quality"", ""product_praise"", ""other""]"
youtube_arabic_025,يقهرني وجههم وتوترهم ترا كذا حسسوها انه فعلا هي مهمة او اعلى منهم المفروض يعاملونها عادي جدا ، انا قابلت مشهورة نسيت اسمها المهم سمراء متزوجة امريكي عاملتها عادي جدا هي بني ادمة زيي عادي,negative,arabic,test,youtube:shein_clothing_hauls,"[""other""]"
youtube_arabic_026,اسوء شيء جورجينا لا منظر شلون صدرها صاير ولا مناسب ولا شيء الحين هذا عجبكم بس لانه جورجينا لاتقصون على عقول ناس صغيرة ولا وحدة حلوة 😅,negative,arabic,test,youtube:shein_clothing_hauls,"[""quality"", ""other""]"
youtube_arabic_027,ولله صار معي هلموقف بخطبة قريب،علي. كتير فلازم كون متشيكة ف عرسوا قمت لبست فستان من خزانتي لكن فخم وموضة فا غطييييت ع لعروووووسة حرفيا 😂😂😂,positive,arabic,test,youtube:shein_clothing_hauls,"[""product_praise"", ""other""]"
youtube_arabic_028,البساطة و الأشياء السادة الي بيها تفاصيل صغيرة بس تأثر هواية على اللبس دائمًا تخلي شكل اللبس راقي و أنيق أكثر من اللبس المبهرج.,positive,arabic,test,youtube:shein_clothing_hauls,"[""product_praise"", ""other""]"
youtube_arabic_029,ترا جوجي الحين شايفتهم اوفر لانو بالنسبة لها هذا ايفينت عادي مو عرس وذول لابسين ريش يعني هما الي طالع شكلهم مو حلوة وسط ايفينت تبع عطر,negative,arabic,test,youtube:shein_clothing_hauls,"[""other""]"
youtube_arabic_030,سبحان الله الناس بوجهين ✨ تعديل : صرت مشهوره ب 72 لايك شكرا اول مره اوصل هذا العدد الكبير بالنسبة لي✨🫶🫂 تعديل مره اخرى✨ : صار عندي 80 لايك خلاص لحد يسوي لايك 🤣 اسفه تعديل مره اخرى : وصلت ٩١ لايك 🎀✨✨✨🥹,positive,arabic,test,youtube:shein_clothing_hauls,"[""other""]"
youtube_arabic_031,في حقيق حسيتهم مسترين احسن من جورجينا انتم تدعمون الجانب الخاطئ لو كنتم مسلمين لشكرتم تسترهم مش وحدة اجنبية لبس على المفضوح ملابس ضيق الغرب مح شيء اسمه حشم حسيتكم مغسولين دماغ فقلت اعاود ارجعهلكم لاشكر على واجب😊😊❤❤,negative,arabic,test,youtube:shein_clothing_hauls,"[""returns_refunds"", ""quality""]"
youtube_arabic_032,ما تخافون من الله انتم تقولون انكم مسلمون بس تكذبون على انفسكم والله انكم مو مسلمون طيب وين الاسلام حسبي الله ونعم الوكيل فيكم 😊😊,negative,arabic,test,youtube:shein_clothing_hauls,"[""customer_service"", ""other""]"
youtube_arabic_033,لو انهن قدمن ثقافتهن باللباسهن الاسلامي...العباءة الخليجية...والكحل العربي لقدمن الجمال العربي الحقيقي المتميز.... لكن ظهرن كالدجاجات في القفص...,negative,arabic,test,youtube:shein_clothing_hauls,"[""other""]"
youtube_arabic_034,وعليمن شايفه نفسها حتى زواج ممزوجها يعني ك ح ..ومامستور لبسها وعمليات التنحيف والتجميل مستمره وشكو اخليلها قيمه عديمة الش. Rف,negative,arabic,test,youtube:shein_clothing_hauls,"[""other""]"
youtube_arabic_035,هذني خو الكاعدات فد حياية 🐍 ورة ضهرها يحجن عليها كدامها جورجينا ما جورجينا ولبسج حلو عود حسبالهن جورجينا ما ترجم الكلام وتعرف منو ألححت عليها ونوب يصورن ويحجن استخفر الله 😢,negative,arabic,test,youtube:shein_clothing_hauls,"[""other""]"
youtube_arabic_036,لبسها بسيط جدا بس الي خلاها مميزة انو ما اجت مثل العرب لابسين ريش 😂😂 واحلا وحدة في هذا الحفل هي نارين بساطة ولون ابيض غير عن الكل ❤,positive,arabic,test,youtube:shein_clothing_hauls,"[""product_praise"", ""other""]"
youtube_arabic_037,﴿ يَوْمَ تُقَلَّبُ وُجُوهُهُمْ فِي النَّارِ يَقُولُونَ يَا لَيْتَنَا أَطَعْنَا اللَّهَ وَأَطَعْنَا الرَّسُولَا ﴾ [الأحزاب: 66].,neutral,arabic,test,youtube:shein_clothing_hauls,"[""other""]"
youtube_arabic_038,جدا رخيص اللي لابسته مو بقيمته اتكلم عن الشكل ماكان وقتها فيه احد يلبسها السنتيان هل طبيعي يكون قاسم صدري نصين وانا لابسه ضيق ؟؟ جدا سئي اللي لابسته,negative,arabic,test,youtube:shein_clothing_hauls,"[""quality"", ""price"", ""sizing""]"
youtube_arabic_039,كلهم ملابس 👎🏻 خاصة دي الوردي الفاقع وجورجينا ما يناسبها الثوب خاصة من فوق ودي الي لابسه أبيض أو طالع وردي فاتح بسبب الاضاءة يعني عادي اهون منهم,negative,arabic,test,youtube:shein_clothing_hauls,"[""quality"", ""other""]"
youtube_arabic_040,استغفرالله العظيم واتوب اليه تفضلوا وحده ماهي مسلمة علي هولاء العربيات الله يهديهم ويصلحهم ويدلهم علي طريق الحق والصواب الحمدلله الذين عافنا كيف البأس لزق عليها اية جمال واناقة الله يارب بس يصرفها علي بلدها من غير رجعة لا أعلم لما عاملين لها قيمة افنتات وكلام فاضي لا فايدة منها اعوذا بالله من غضب الله,negative,arabic,test,youtube:shein_clothing_hauls,"[""other""]"
youtube_arabic_041,علي فكرة جورجينا مو حلوة بس بتخلي في أي مكان الناس تنجذبلها من تصرفاتها بتحسسك انها حدا كتير مهم واثقة من حالها لدرجة تخليك تنبهر بيها و تتعامل معاها كانك أقل منها,neutral,arabic,test,youtube:shein_clothing_hauls,"[""other""]"
youtube_arabic_042,ترا يلعبن النفس جورجينا ترا احله شني دجاجه لابسين هيج وناشرين ستوري على سناب يعبو على لبسها خلي يشوفون شكلهم بالاول صدك من كال ما يعب الا الميعوب,negative,arabic,test,youtube:shein_clothing_hauls,"[""other""]"
youtube_arabic_043,العرب اعطوها قيمه أكثر من اللي تستاهل كريستيانو رجل جيد ولاعب مجتهد يستفيد منه العرب وابنائهم اما الزوجه ما هي الا طاقه سلبيه تنشر اللباس الفاسد في بنات المسلمين لكي تأثير على عقليتهم ولكن هيهات هيهات أنها المملكه العربيه السعوديه ديروا بالكم شويه أخوتكم من المغرب,negative,arabic,test,youtube:shein_clothing_hauls,"[""other""]"
youtube_arabic_044,لااا بساطه و لا ثقه و لا هل الكلام كله جورجينا اكثر مشهوره معروفه شكد تحب تلبس أرقى لبس و أشهر مجوهرات و ماركات و هي سوت هيج حتى تصير ترند لان اللي متابعها بالاتستا راح يعرف هي شنو تلبس حتى عدها جلسه على البحر لابسه لبس سباحه وياه لابسه مجوهرات وين البساطه اللي تحجون عليها,negative,arabic,test,youtube:shein_clothing_hauls,"[""other""]"
youtube_arabic_045,بعدين الاشئ مش بالملابس الاشئ بالأخلاق وثقه النفس مش المظهر وهي لأنها ناجحه عملت عطر مش مثلهم لو كانو ناجحات بكونو مثلها فما في حاجه يتكلمون عنها بالعاطل ناس قليلة أدب واحترام حسبنا الله و نعم الوكيل فيهن,negative,arabic,test,youtube:shein_clothing_hauls,"[""other""]"
youtube_arabic_046,واقفين امامها كانهم خدم عندها يا بنات قفوا بشكل مستقيم ولا تنحنوا ولا تتململوا بل قفوا مثل الحائط وحركة الراس بطيئة وبلاش الريش في الملابس انتي مش في غرفة النوم وبلاش الزينة الكثيرة او الذهب الكثير لو عايزين تكونو مودرن مش بلدي وبلاش الوقوف لامراة هي تقعد وقوفكم ليها خلاها تضهر كانها صاحبت الشركة وانتوا جايين تقدموا على وضيفة,negative,arabic,test,youtube:shein_clothing_hauls,"[""other""]"
youtube_arabic_047,حبيباتي المنشور بالاخر فقط للضحك ومو قصدي في لبس اي شخص ويا ريت تدعموني بلايك وسبسكرايب وشير ل تشوفي فيدوهات عن شي ان وتنسيقات ونورتو القناة جميعا❤,positive,arabic,test,youtube:shein_clothing_hauls,"[""other""]"
youtube_arabic_048,أنا نشوف كل شي في الثقة بالنفس، تبارك الله كلهن جميلات بطريقة 🩷 لكن الثقة التي نهضن بها كانت منخفضة من الخجل بلبسهن أما هي العكس تماما، وفي النهاية السترة والحياء زينين,positive,arabic,test,youtube:shein_clothing_hauls,"[""other""]"
youtube_arabic_049,يا الله فاشيله الدكتوره خلود ونهى نبيل ولا اسوء على اللبس اللي لبسوه وتكشخو بالاخير لقوا جورجينا لابسه لبس من شي ان صدق 😂😂😂😂😊😊بس الصراحه انه حرام يعني هم مسلمين ويلبسون كذا بس الله يهديهم ❤❤😊,negative,arabic,test,youtube:shein_clothing_hauls,"[""quality"", ""other""]"
youtube_arabic_050,بنات من وجهه نظري الفنانات العربيات لابسين لبس طويل ومحترم ويلحق باعمارهم رغم الريش اما جورجينا لبسها كثيييير ضيق وصدرها باين مقسوم نصين من فوق وكرشها واضح والفستان عباره عن كسرات وشفاف بلتصوير فه بلا تنمر وتشوفون الاجانب احسن مننا ع الاقل لبسو شي طويل ++وقفوا احتراما لها,negative,arabic,test,youtube:shein_clothing_hauls,"[""other""]"
youtube_arabic_051,اللهم أنت ربي لا إله إلا أنت خلقتني وأنا عبدك وأنا على عهدك ووعدك ما استطعت أعوذ بك من شر ما صنعت أبوء لك بنعمتك علي وأبوء لك بذنبي فاغفر لي فإنه لا يغفر إلا أنت,neutral,arabic,test,youtube:shein_clothing_hauls,"[""other""]"
youtube_arabic_052,على فكرة استايل الفستان بتاع جوجينا كده اصلا مش من شي ان ولا حاجة وفي كذا واحدة لابسة نفس الفستان بنفس الطريقة .... وغير كده هي مش لابسة ريش يعني,neutral,arabic,test,youtube:shein_clothing_hauls,"[""other""]"
youtube_arabic_053,شوف شلون ؟؟ يعني ابليس عابد لله سبعين الف سنة بسبب ذنب واحد خرج من رحمة الله شوف شلون ؟؟ انتِ ورا كل هاي الذنوب والمعاصي دَ تنامين وتكعدين ثاني يوم عادي شوف شلون ؟؟ يعني هو الي يكدر يقبض روحج بثانية وحدة لسة مخليج عايشة ع ذنوبج شوف شلون؟؟ الله شكد رحيم بعباده ..,neutral,arabic,test,youtube:shein_clothing_hauls,"[""other""]"
youtube_arabic_054,في كل دول الاروبيه جورجينا هي لا تعدا كونها صديقه رونالدو.. اما دول الخليج هي اهم من رونالدو نفسو محشورة في كل مناسبة ختي احيانا احسها تسال نفسها انا ليش هون..,neutral,arabic,test,youtube:shein_clothing_hauls,"[""other""]"
youtube_arabic_055,يعني حتى مشد ملابسة و ملابسها بسيطة و المكياج خفيف و شعرها عادي و همة مخلين طن مكياج و ملابسهم كلها وبر و شعرهم جنهم راح يتزوجون و لابسين مليون مشد,negative,arabic,test,youtube:shein_clothing_hauls,"[""quality"", ""other""]"
youtube_arabic_056,صدك يحجون وحدة لابسة وردي وحدة لابسة فوشي وحدة لابسة بنفسجي 😂؟؟؟ بس اجت جورجينا وغطت عليهممممم بالفخامة والاناقة والشياكة 🙂↔️🪄,positive,arabic,test,youtube:shein_clothing_hauls,"[""product_praise""]"
youtube_arabic_057,لماذا التنمر هن احلى منها مستورات لكن طريقة استقبالها هو احترام لها لانها ضيفة وغريبة عن البلد ...وحتى قوامها مو مزلوط😂😂😂,negative,arabic,test,youtube:shein_clothing_hauls,"[""other""]"
youtube_arabic_058,اني من عشاق كريستيانو بس احس الناس مكبريهة حيل يعني هية حلوة بس مو الجمال الي الناس يحجون بي يعني عادية وحلوة بس اكو احلة. والله مو غيرة لو حقد بس صدك انتو تكبرون بل عالم,neutral,arabic,test,youtube:shein_clothing_hauls,"[""other""]"
youtube_arabic_059,والله مش بتريق بش اللبس اللي هما لابسينه ده لبس العراايس في مصر يوم الصباحية ومش بتطلع بيه حتي تستقبل ضيوف ده والله الاناقة في الرقي والبساطة,negative,arabic,test,youtube:shein_clothing_hauls,"[""quality"", ""other""]"
youtube_arabic_060,المشكلة ليست في اللبس المشكلة في الثقة في النفس هما باين انهم اول ما شافوها احرجو و بيرتجفة كأنهم شايفين عزرائيل حتى وقفتهم صارت وقفة عجائز,neutral,arabic,test,youtube:shein_clothing_hauls,"[""other""]"
youtube_arabic_061,فعلن خير :ذي الي لبسه بنفسجي مدري شسمه بس خلونا نسميه رقيه والي لبسه وردي فوشي نسميه ساره والي لبسه وردي فاتح نسميه لطيفه رقيه صورت شورت وهي تطقطق على جورجينا عشان لبسه والي معه في بنت معه في الشورت بس ياربي نسيت اسمه وكانت ثلاثا قامو يتنمرو عليه وقدامه زي الكلب معليش بس ذي الحقيقه 🥹🌷قدروني بالايك,negative,arabic,test,youtube:shein_clothing_hauls,"[""other""]"
youtube_arabic_062,المشكلة هي اعطاء قيمة لمن لا قيمة له ، فتترسخ في عقول الناس ويربتط في دهنهم ان فلانة خارقة الجمال فيصبح الكل يراها جميلة وحتى اجمل منه كما وقع مع الهيفة,negative,arabic,test,youtube:shein_clothing_hauls,"[""other""]"
youtube_arabic_063,ليش قله الثقه هذه منهم مع انو كل وحده بالسناب ما شاءالله على ثقتها و ردها 😂😂؟؟كانو مشرفه القاعه دخّلت عليهم و شافتهم بزي الهالويين مو الرسمي😂😂😂😂,negative,arabic,test,youtube:shein_clothing_hauls,"[""other""]"
youtube_arabic_064,عبالهن هنه احلى اطلاله وحده دكل الثانيه اني اغغلى من فستانج ميدرن جورجينا فستانهه نص كليهه وييحجن من وراهه نفس الجلب بس يعني جلب وفي ميصير اكول عليهن جلب,negative,arabic,test,youtube:shein_clothing_hauls,"[""other""]"
youtube_arabic_065,تستحقون يا عرب ! أولا هذا تعبير منها على أنها لا تعطي قيمة للحضور أما لو كانت بدولة أوربية من طبيعة الحال سترتدي آخر ما دُرج ، ثانيا حضرت بعقلية امرأة الاعمال التي ستعقد صفقتها فبلد ينبهر بالتفاهات و تذهب و ليس لأمر آخر,negative,arabic,test,youtube:shein_clothing_hauls,"[""other""]"
youtube_arabic_066,شكلي الوحيدة الي حاسة لبس جورجينا ابد مو زابط لان ضيق كتير وحتى من فوق ضيق ومو مقاسها وطالعة مبهدلة بس الخدعة فين انها مالبست شي يلفت النظر عشان التركيز كله على العطر وينشهر عطرها,negative,arabic,test,youtube:shein_clothing_hauls,"[""sizing"", ""quality""]"
youtube_arabic_067,الغراب والدجاجات الثلاثة😂😂 تعديل : سعيدة جدا ان تعليقي خلا الابتسامة على وجوه بزاف ناس تحياتي .. نحن نمزح ولا نقصد اهانة أحد 😅,positive,arabic,test,youtube:shein_clothing_hauls,"[""other""]"
youtube_arabic_068,استغفر الله العظيم شو ذا اللبس والعياذ بالله استغفر الله 💚 الحمدالله 🩷 لا اله الا الله 🩵 🫐 الله أكبر 🫀❤️استغفر الله 💚 الحمدالله 🩷 لا اله الا الله 🩵 🫐 الله أكبر 🫀❤️استغفر الله 💚 الحمدالله 🩷 لا اله الا الله 🩵 🫐 الله أكبر 🫀❤️استغفر الله 💚 الحمدالله 🩷 لا اله الا الله 🩵 🫐 الله أكبر 🫀❤️استغفر الله 💚 الحمدالله 🩷 لا اله الا الله 🩵 🫐 الله أكبر 🫀❤️,negative,arabic,test,youtube:shein_clothing_hauls,"[""quality"", ""other""]"
youtube_arabic_069,المال يصنع الثقة مثلا قولولي لو انا صح ولا لا اذا دخلت محل بقالة سوبر ماركت وما معاك الا قليل من المال التردد والقلق واحيانا الخوف من ان مالك لن يكفيك وستخرج هنا كيف تكون نفسيتك رغم انك لم تصل لتحاسب بعد ولما يكون محفظتك مليانة ودخلت السوبر ماركت كيف بتكون نفسيتك وانت بتتسوق وكيف نفسيتك وانت امام الكاشير انا رايي ان الثراء الذي وصلتلو أعطاها الثقة والأريحية في التصرف والتعامل مع الناس,neutral,arabic,test,youtube:shein_clothing_hauls,"[""other""]"
youtube_arabic_070,كانوا يفتحوا فيديوهات هذول البنات قليلات الأدب و يسبوها و هي عازمتهم و قدامها على أساس يحترموها و وحدة قالت جورجيا حسدتني عشان عيني على أساس مهمة بيكم عزمتكم شفقة,negative,arabic,test,youtube:shein_clothing_hauls,"[""other""]"
youtube_arabic_071,نصيحة صغيرة، ياليت ما ننشر موسیقی وصور نساء❤خوفًا من حمل ذنب كل شخص سمعها وشافها ، وخوفًا من حمل ذنب المجاهرة بالمعصية، وطاعةً للهِ، وحبًا لجنتهِ,neutral,arabic,test,youtube:shein_clothing_hauls,"[""other""]"
youtube_arabic_072,اخطاء بالجمله في لبس طورشينا اللون مش حلو عليها ابدااااا طفيها التفصيله جدا مبينه ديفوهات الجسم خصوصي من منطقه الصدر جدا غير مناسب اللوك بوجهه عام مو مناسب للمناسبه عادي جدا جدا وأقل من العادي لكنكم تحبون الغرب وعجبي 🙄🙄,negative,arabic,test,youtube:shein_clothing_hauls,"[""quality"", ""sizing""]"
youtube_arabic_073,الي يقولون جورجيا لبسها اغلى طيب يمكن غالي بس الافضل ك شكل البنات⚡🌷 ادري كلهم يمدحون جورجينا عشان يحبونها بس⚡⚔️ ما يقولون الصدق 💕 بدون تهجم...🌷💗,neutral,arabic,test,youtube:shein_clothing_hauls,"[""price"", ""other""]"
youtube_arabic_074,احنا شي ان يوصل 6/27سبعه وعشرين سته الحين 6/23 يوم الاثنين طلبت اشياء تجنن انصحكم تطلبون من شي ان والله يجنن فيه كل شي هههه❤,positive,arabic,test,youtube:shein_clothing_hauls,"[""delivery"", ""product_praise""]"
youtube_arabic_075,من ابتغى العزة بغير الاسلام ذل و الله لو لبستم عباية بسيطة و حجابكم فوق راسكم و كنتم مقتنعين بانفسكم ما تجي لا هادي و لا الف زيها يهزوا شعرة من راسكم بس يا اسفي,negative,arabic,test,youtube:shein_clothing_hauls,"[""other""]"
youtube_arabic_076,من شي أن أو غيرها البنت احلا منهم هم شنو لابسين لبسهم يلعب النفس عبالك هذا مال النوم كله ريش و جورجينا احلا منهم باضعاف على شنو شايفات روحهن كلهم عمليات تجميل وثاني شي ترا مو عيب وحده تلبس من شي أن على الأقل مرتب وحلو بس بس هن مو صوجهن صوج اللي عزم هيج نماذج مقرفه,negative,arabic,test,youtube:shein_clothing_hauls,"[""quality"", ""other""]"
youtube_arabic_077,نصيحه حاولو تنتبهو من وضع ونشر صور النساء عشان الذنوب فلا يجوز وضع صور النساء بحيث يطلع عليها الرجال سواء في مواقع التواصل أم غيرها، وسواء وضعت الفتاة صورتها أم وضعت صورة غيرها، فكل ذلك من أسباب الفتنة، وقد ثبت في الحديث الصحيح عن أسامة بن زيد ـ رضي الله عنهما ـ قال: قال رسول الله صلى الله عليه وسلم: ما تركت بعدى فتنة هي أضر على الرجال من النساء.,neutral,arabic,test,youtube:shein_clothing_hauls,"[""other""]"
youtube_arabic_078,ليش كلهم لابسين ريش ماني فاهمة اكمام الريش راحت موضتها اصلا مو حلوة بس ضحكوني كيف قعدو يتمسخرو على نفسهم بعد ما راحت جورجينا😭😭,negative,arabic,test,youtube:shein_clothing_hauls,"[""other""]"
youtube_arabic_079,بصراحه مو علشان ديني وبس وربي اصلا ملابسهم الذوق بالسالب لاني ما احب الضيق -الفاقع-التصميم القديم مرا فساتين الحريم والبنت ذي معفنه 🗿💔☝🏻,negative,arabic,test,youtube:shein_clothing_hauls,"[""quality"", ""sizing""]"
youtube_arabic_080,سمعت كلامهن على هاد اللقاء هم كاو طلبو منهم يلبسو الوان ولباس مناسبات زبالة جرجينا لبست فستان سانمبل عادي وخلاتهم كيشوفو فبعضهم,negative,arabic,test,youtube:shein_clothing_hauls,"[""other""]"
youtube_arabic_081,اصلا شخص باليوتيوب كال هن البنات ماشيات صح لان فد شي مال عطر وردي لازم كان يلبسون وردي لذلك هن طبقن بس جورجينا خالفت فهي الغلط ونشاز وهن الصح. كافي تقلدون على ناس من جلدتكم,negative,arabic,test,youtube:shein_clothing_hauls,"[""other""]"
youtube_arabic_082,ترا طبلتوا لها اوفر وربي ستايلها خايس والسنتيانه ضيقه واضح مو مرتاحه لبسها ضيق طلع لها كرش وربي العربيات افضل منها وشذا الانبطاح يا عرب رفعتوها سماء صح اني ما احب البنات العربيات الي بالفيديو ولكن اطلالاتهم صدق كشخه وبارزه وفخمه,negative,arabic,test,youtube:shein_clothing_hauls,"[""sizing"", ""quality"", ""other""]"
youtube_arabic_083,خواتهن في الحاره 1_اختي ف إجتماع مع جورجينا 2_ استودعتك الله ي أختي لقطة تجمع اختي الكبيره مع جورجينا 3_سندي مع جورجينا في بارتي خاص,neutral,arabic,test,youtube:shein_clothing_hauls,"[""other""]"
youtube_arabic_084,اولا الفرو والترتر استايل تسعينات انا امي هي اللي كانت بتلبس فرو وترتر مش فاهمه استايل اي اللي غالي دا بصراحه اللبس مش بغلاه بالزوق,negative,arabic,test,youtube:shein_clothing_hauls,"[""quality"", ""price""]"
youtube_arabic_085,وحدة جالسة جنبهم ماسكة تلفونها لابسة اسود ماقامت من مكانها ما بعرف بس حسيتها قاصدة انها ماتعطيها وجه يمكن من الغيرة كأنو مااشفتك بس ماعلينا من هدا كله...ياريت سوو متلها ولا البهدلة هادي 😂😂😂,mixed,arabic,test,youtube:shein_clothing_hauls,"[""customer_service"", ""other""]"
youtube_arabic_086,نصيحه حاولو تنتبهو من وضع ونشر صور النساء والموسيقى عشان الذنوي ورسم ووضع صور الرسومات الي تشبه الحقيقه كثير وانكم تقولو لناس عن اسماء المسلسلات او الاغاني او البرنامج او القنوات عشان يمكن يكون فيها موسيقى ولا بنات ول رسومات واحد يروح لهم و الله اعلم جزاكم الله خير,neutral,arabic,test,youtube:shein_clothing_hauls,"[""other""]"
youtube_arabic_087,لبسهم صح شوي اوفر بس هاد ايفنت مشهور اكيد رح يلبسو شي اوفر تما اللي يحكي لبس جورجينا حلو فهاد ذره الزوق مو عندو وما يفهم بالبس,negative,arabic,test,youtube:shein_clothing_hauls,"[""quality"", ""other""]"
youtube_arabic_088,يعني محدا شاف صدر جورجينا والبرا الي شكلا غلط اوك اطلاله بسيطه بس مو كلاس وكمان الباقي مو حلو بس ما شفت حدا علق على هالنقطه,negative,arabic,test,youtube:shein_clothing_hauls,"[""quality"", ""other""]"
youtube_arabic_089,حقيقة محزنة: احاول تقديم محتوى جيد 😢 لكن لااحد يشجعني، يارب ارزق الصحة والعافية لكل من يشجعني يارب احفظ له والديه يارب ارزق الذرية الصالحة لكل محروم الله يبيض وجهك❤😢..,negative,arabic,test,youtube:shein_clothing_hauls,"[""other""]"
youtube_arabic_090,والله احب هاي البنيه ما اعرف ليش فد حبابه واحسها انسانه طيبه وحسها تساعد الناس وحسها يعني قلبها ابيض نظيف ما بي حقد ما ابي كراهيه احسها نظيفه من كل النواحي احسها ام حنونه تحب اطفالها تحب زوجها ربي يحفظهم ان شاء الله,positive,arabic,test,youtube:shein_clothing_hauls,"[""other""]"
youtube_arabic_091,حبيبتي ليش الفديوهات الأخيرة الك كلها كانت قصيرة 💔😞بصراحة مااحب هيك فديوهات احبها تكون طويلة لان هيك مانفهم شي ودغري يخلص,negative,arabic,test,youtube:shein_clothing_hauls,"[""other""]"
youtube_arabic_092,7:31 انتبهى ..كانوا ولادى كبروا وحبت مثل الاساور دول ..قامت بنت أخى فرطتتهم بفمها 😮..وكانت هتبلع منهم بالغلط فى ثانية ..الله ستر وخرجتهم بسرعة من فمها ..لكن رعبتنى وما عاد لبستهم وفى اطفال ابدااا لكن عندى كتير شيلاهم بعيييييد,negative,arabic,test,youtube:shein_clothing_hauls,"[""quality"", ""other""]"
youtube_arabic_093,سجاده تبع المطبخ الي بيهه رسمات خضروات تركيهه الشتاء دفي تحت رجلين بالشتاء خليهه من توقفو على مجا أو من توقفون على طباخ أو بصف براد الثلاجه دفي بلشتويه,positive,arabic,test,youtube:shein_clothing_hauls,"[""product_praise"", ""quality""]"
youtube_arabic_094,ساره اني قبل ماكنت اعرف اسوي ميكب بس هلا حتى ائرايبي يتون اليه عمود اعمللهم ميكب وقبل كنت اوجه هواي تنمر من وره سماري وعلى رغم اني عاجبني سماري وحيل اضوج من شخص يكلي سمره انت بس اني مو سمره اني حنطاويه ف مذيتني هاي كلمه 🌷,mixed,arabic,test,youtube:shein_clothing_hauls,"[""other""]"
youtube_arabic_095,سارة امانة لمن تحكي كلمات انجليزي حاولي اكتبي ترجمتها تحت مع المونتاج لانو كلامتك حلوة وانا بسمعها كتير لكن ما بعرف شو معناها وبتعب بش اضل اكلع من الفيديو واترجمها ومتاكدة في كتير بنات عندهم نفس الطلب بليييز يا حبييي ❤,positive,arabic,test,youtube:shein_clothing_hauls,"[""other""]"
youtube_arabic_096,مساء الخير كيفكم أنا من سكان أهل غزة و اسفة ع الدخول بالتعليقات والله بس انا طالبه جامعية و الله أنه ساكنين بخيمة و الوضع المالي سيئ كتتير انا مش طالبه غير ادفع حق الساعات الدراسية للجامعة بس لو 3 ساعات والله انا تخصصي تمريض سنة تالته و الحمد لله ومعدلي حلو و بنزل تدريب بتمني تساعديني و كل املي فيك بتمني حدا يساعدني لو بمبلغ بسيط من كل شخص واذا حابب تساعديني ببعتلك رقم جامعتي وانت تسجلهم و ببعتلك كل شي عن الخيمة و كيف وضعنا أمانة تساعدوني 😭😭😭,negative,arabic,test,youtube:shein_clothing_hauls,"[""other""]"
youtube_arabic_097,ضحى مو مجرد قصة نشوفها ونسكر الفيديو... ضحى إنسانة تستحق الأمان والحق والوقفة الصادقة. يمكن صوتنا ما يغيّر الماضي، بس ممكن يغيّر مستقبلها. لا تخلّون صوت ضحى يضيع، انشروا قصتها وكونوا سند إلها. 🤍 #انقذوا_ضحى #ساعدوا_ضحى,negative,arabic,test,youtube:shein_clothing_hauls,"[""other""]"
youtube_arabic_098,اعملي ملابس شتاء للجامعة ولخروجات شي ان لانو فايتين على شتاء وجامعة 🤍🦋🎀 وكتيرررر نبسطت انها تحكي مع ابنها عربي مش زي لباقي ❤,positive,arabic,test,youtube:shein_clothing_hauls,"[""other""]"
youtube_arabic_099,شكد حلوه طريقه لاينر الي مسويتها يجنن ميكاب مالتج وانتي حلوه بس فيديوهات قصيره واحنه نحبج ياريت طولين فيديو واذا ماعندج افكار هواي افكار ف مثلا احنه هسه بنات مقبلين ع داوم جامعات شوفينه تنسيقات ميكاب مناسب للمكان نصائح أو مثلا الاغلاط الي نجنبها وإذا انتي ماعندج اطلاع تكدرين تسئلين متابعين ويشاركوج اغلاطهم وانتي عرضيهم حته افكار مال مناسبات فساتين ميكاب هيج احنه نحتاج أو مثلا نصائح للبشره روتينات عنايات تجاربج للمنتجات الي تطلع ترند + احبج واثق بكلشي تمدحين بي❤❤❤❤,mixed,arabic,test,youtube:shein_clothing_hauls,"[""product_praise"", ""other""]"
youtube_arabic_100,سااارة 🥺🥺🥹 حبيبي سويلنا ڤيد عن تجهيز كامل لأساسيات الجامعة شفت هواية فيدوهات بس كل وحدة تحچي حسب النقص الي عدها نريد ڤيد للبنات البيوتات الي ماعندهم تجهيز سابق .. يكون بي القطع الأساسية الي نحتاجهم ومو فقط الوان رسمية بنهاية لازم الوان تكسر 🥹 رفعو تعليقي بنات 🩵,positive,arabic,test,youtube:shein_clothing_hauls,"[""other""]"
youtube_english_001,Kan ky3aybo fiha meli jat 3a dhom welaw ki lklbat tfo ki dayrat hiya be3da hsen menhoum,mixed,english,test,youtube:shein_clothing_hauls,"[""other""]"
youtube_english_002,"😊Georgina is malicious, she thought all the actresses wore pink, but she even wore black at a party.",negative,english,test,youtube:shein_clothing_hauls,"[""other""]"
youtube_english_003,Happy birthday to happy birthday cardi b I live in the internet❤❤ how do you say happy,positive,english,test,youtube:shein_clothing_hauls,"[""other""]"
youtube_english_004,"I’m surprised to read comments saying how elegant Georgina is. As a woman, I love seeing other women who are beautiful and elegant, but Georgina looks like she’s going to a SHEIN spandex party—even her bra looks too tight. She’s the perfect example of “new rich” trying too hard but not quite pulling it off 😂",negative,english,test,youtube:shein_clothing_hauls,"[""quality"", ""other""]"
youtube_english_005,GURL! Did you forget about us and the 10 days!? Because hun I need my man!😭😭,negative,english,test,youtube:shein_clothing_hauls,"[""delivery"", ""other""]"
youtube_english_006,Counted how many times she said matching and she said it 32 times,neutral,english,test,youtube:shein_clothing_hauls,"[""other""]"
youtube_english_007,This is the definition of overconsumption like do you really need that many bikinis,negative,english,test,youtube:shein_clothing_hauls,"[""other""]"
youtube_english_008,please don't buy from shein if you have enough money to buy from brands that don't underpay their workers and use child labor!,negative,english,test,youtube:shein_clothing_hauls,"[""quality"", ""other""]"
youtube_english_009,The entire haul is AMAZINGGGGG!!!!🥳❤️❤️❤️❤️❤️💗💗💗😍😍😍😍,positive,english,test,youtube:shein_clothing_hauls,"[""product_praise""]"
youtube_english_010,Btw dont shop from shein they are know to use child labour and pay their workers literally pennies,negative,english,test,youtube:shein_clothing_hauls,"[""other""]"
youtube_english_011,"is their anyway you could make a video on the SHEIN app showing what they are called, I loved everything! I understand if not, I know it is probably very difficult.",positive,english,test,youtube:shein_clothing_hauls,"[""product_praise"", ""other""]"
youtube_english_012,ok but like when is ONE person gonna use ALL of this along with their current wardrobe??? i smell overconsumption...,negative,english,test,youtube:shein_clothing_hauls,"[""other""]"
youtube_english_013,Do you need a new swimsuit each day or!?? And yes I liked my own commenttahh,neutral,english,test,youtube:shein_clothing_hauls,"[""product_praise"", ""other""]"
youtube_english_014,"the all bikinis so cute but i think don't show your bottoms in the video because there are a lot of malicious ""MEN"" on the internet",mixed,english,test,youtube:shein_clothing_hauls,"[""product_praise"", ""other""]"
youtube_english_015,"There’s no reason to get 50 bikinis, especially from shein... consumerism like this is not cute",negative,english,test,youtube:shein_clothing_hauls,"[""other""]"
youtube_english_016,You said math/matching 37 times yes I took the time to count it,negative,english,test,youtube:shein_clothing_hauls,"[""other""]"
youtube_english_017,who in their right mind needs that many swim suits,neutral,english,test,youtube:shein_clothing_hauls,"[""other""]"
youtube_english_018,Omg your parents must be so controlling! This year I had to wear a peice of see- through tape to the beach and I thought it was full coverage!! Poor baby.,negative,english,test,youtube:shein_clothing_hauls,"[""other""]"
youtube_english_019,what are the bottoms covering? They are so tiny. (not tryna be rude js saying)😊,negative,english,test,youtube:shein_clothing_hauls,"[""sizing"", ""quality""]"
youtube_english_020,She’s bought more bathing suits then there are days in the summer 😂😭😭,neutral,english,test,youtube:shein_clothing_hauls,"[""other""]"
youtube_english_021,Not to be mom but are you sure those are the full matching bottoms?😅 but besides that they are super cute! ❤,mixed,english,test,youtube:shein_clothing_hauls,"[""sizing"", ""product_praise""]"
youtube_english_022,Do you even Really care about the World around you or do you just live in your own overconsumption bubble?,negative,english,test,youtube:shein_clothing_hauls,"[""other""]"
youtube_english_023,why so many😭 like there’s literally no way she’ll wear them all this summer,neutral,english,test,youtube:shein_clothing_hauls,"[""other""]"
youtube_english_024,Future self is it going to be anything else than bikini’s?,neutral,english,test,youtube:shein_clothing_hauls,"[""other""]"
youtube_english_025,Is it just me or is it that the older u get the smaller the bathing suits get😅😅😅😅,neutral,english,test,youtube:shein_clothing_hauls,"[""sizing"", ""other""]"
youtube_english_026,"Omg. I can't believe you are doing this. Shein is sooooo bad for the environment. Also, 100% possible child labor. I can't believe that people who have the means to buy higher quality clothes that help our planet are supporting businesses that should be shut down. This is wild. Horrible consumerism.",negative,english,test,youtube:shein_clothing_hauls,"[""quality"", ""other""]"
youtube_english_027,shein scammed me so my mom won’t let me order from it anymore😢,negative,english,test,youtube:shein_clothing_hauls,"[""other""]"
youtube_english_028,Now the question is how much money did she spend lol😂,neutral,english,test,youtube:shein_clothing_hauls,"[""other""]"
youtube_english_029,She said matching not including match 33 times 🤭😦😯 i think.,neutral,english,test,youtube:shein_clothing_hauls,"[""other""]"
youtube_english_030,I HAVE LIKE 100 THINGS IN MY CART FOR THE SUMMER THAT IMMA ORDER,positive,english,test,youtube:shein_clothing_hauls,"[""other""]"
youtube_english_031,sorry emma but why does one need so many bikinis... like do u need a new one every week?,negative,english,test,youtube:shein_clothing_hauls,"[""other""]"
youtube_english_032,do you think a small would be good for a 12-13 year ?,neutral,english,test,youtube:shein_clothing_hauls,"[""sizing""]"
youtube_english_033,so we just going to forget about child labor now? btw im not trying to hate!,negative,english,test,youtube:shein_clothing_hauls,"[""quality"", ""other""]"
youtube_english_034,I love that you are happy but she in is a scam and not the best material at all so try shopping for cloths some where else love you so much love the energy❤️❤️,mixed,english,test,youtube:shein_clothing_hauls,"[""quality"", ""product_praise"", ""other""]"
youtube_english_035,It is disgusting how tiny and inappropriate those bikinis were!🙄🤮,negative,english,test,youtube:shein_clothing_hauls,"[""sizing"", ""quality""]"
youtube_english_036,"For yall wondering, she said ""matching"" 89 times❤❤",neutral,english,test,youtube:shein_clothing_hauls,"[""other""]"
youtube_english_037,I’m glad you liked the things my siblings and I made !,positive,english,test,youtube:shein_clothing_hauls,"[""product_praise"", ""other""]"
youtube_english_038,Isn’t this the influencer who is part of that trending sound “how to be the prettiest girl at your school”😭😭,neutral,english,test,youtube:shein_clothing_hauls,"[""other""]"
youtube_english_039,Can we talk about climate change and the fact that over consumption and buying to many clothes is harming the environment,negative,english,test,youtube:shein_clothing_hauls,"[""other""]"
youtube_english_040,Yea we know the bottoms are tiny also SHEIN really,negative,english,test,youtube:shein_clothing_hauls,"[""sizing"", ""quality""]"
youtube_english_041,Those 2 pieces were soo cuteee🤭💙 but if i had the body i would wear it to😔✌🏿🥀,positive,english,test,youtube:shein_clothing_hauls,"[""product_praise""]"
youtube_english_042,Baby girl calm down I know your not that exited for some swim suites that will break in one day,negative,english,test,youtube:shein_clothing_hauls,"[""quality""]"
youtube_english_043,I never thought I’d actually see someone this excited to support SHEIN.,negative,english,test,youtube:shein_clothing_hauls,"[""quality"", ""other""]"
youtube_english_044,"The amount of times she said “Bikini top, matching bottoms.” was crazy😂😂😂",neutral,english,test,youtube:shein_clothing_hauls,"[""other""]"
youtube_english_045,I love that she’s excited but shein is so bad girl.. child labor and fast fashion,negative,english,test,youtube:shein_clothing_hauls,"[""quality"", ""other""]"
youtube_english_046,I don’t even want to know how much that cost you 😭,negative,english,test,youtube:shein_clothing_hauls,"[""price""]"
youtube_english_047,Guys for anyone wondering clothes come in at 1:22 😂❤acc 2:04 bcs it was pjs,positive,english,test,youtube:shein_clothing_hauls,"[""product_praise"", ""sizing""]"
youtube_english_048,How can somone even use that many bikinis in one summer😅,neutral,english,test,youtube:shein_clothing_hauls,"[""other""]"
youtube_english_049,I think she said matching like around 40 times lolll,neutral,english,test,youtube:shein_clothing_hauls,"[""other""]"
youtube_english_050,Where are the rest of the bottoms? IM JUST SAYING THEY ARE REVEALING A LOT OK NO HATE,neutral,english,test,youtube:shein_clothing_hauls,"[""sizing"", ""quality""]"
youtube_english_051,This lady just called me broke in 39473939287 different languages,negative,english,test,youtube:shein_clothing_hauls,"[""customer_service"", ""other""]"
youtube_english_052,I’ll never forget that one video you are how u are I know you haven’t changed,negative,english,test,youtube:shein_clothing_hauls,"[""other""]"
youtube_english_053,"“how to go from ugly, TO PRETTY” “How to be the pretty friend and not the ‘oh yeah she’s nice’ friend” “here’s how to glow up the night before school” “here how to be the PRETTIEDT girl at ur school”",negative,english,test,youtube:shein_clothing_hauls,"[""other""]"
youtube_english_054,I swear the words top and bottoms are the only words in my vocabulary now🙏,neutral,english,test,youtube:shein_clothing_hauls,"[""sizing""]"
youtube_english_055,The children in china are crying 😭😭 Edit: omg I'm famous 😂,neutral,english,test,youtube:shein_clothing_hauls,"[""other""]"
youtube_english_056,those bikinis are more than every single thing in my room combined 🙏🙏🙏,negative,english,test,youtube:shein_clothing_hauls,"[""price""]"
youtube_english_057,OMG you should do the red and white striped bikini top with the blue and white bikini bottoms or the other way around and like make a match for the 4th of July. I know it’s a bit late. 😅😂❤,positive,english,test,youtube:shein_clothing_hauls,"[""product_praise"", ""other""]"
youtube_english_058,She said matching so many times I tried to count but I lost count after 20 but I think it was 35,neutral,english,test,youtube:shein_clothing_hauls,"[""other""]"
youtube_english_059,Not to be rude but those bottoms are not covering anything 😬,negative,english,test,youtube:shein_clothing_hauls,"[""sizing"", ""quality""]"
youtube_english_060,Girl theyre so cute but how do you afford all that😭😭😭,neutral,english,test,youtube:shein_clothing_hauls,"[""price"", ""product_praise""]"
youtube_english_061,”I don’t have a bank account. I have a husband” type shi 😂😂,neutral,english,test,youtube:shein_clothing_hauls,"[""other""]"
youtube_english_062,This girl has a whole life’s worth amount of bikinis,neutral,english,test,youtube:shein_clothing_hauls,"[""other""]"
youtube_english_063,how are you supposed to tell which is the front and back!!!! They look the same!😭,negative,english,test,youtube:shein_clothing_hauls,"[""quality"", ""other""]"
youtube_english_064,Are you even gonna get the chance to wear all those bikinis....?,neutral,english,test,youtube:shein_clothing_hauls,"[""other""]"
youtube_english_065,1: shein uses child labour 2: those bikinis look like they’re bad quality 3: NO ONE NEEDS THAT MUCH BIKINIS,negative,english,test,youtube:shein_clothing_hauls,"[""quality"", ""other""]"
youtube_english_066,WHO NEEDS THAT MANY BIKINIS??? CHILD LABOUR ALERT !!️ 🚨,negative,english,test,youtube:shein_clothing_hauls,"[""quality"", ""other""]"
youtube_english_067,Love ❤❤❤🎉🎉🎉 Btw emma PLS FINISH HOW TO GET A BOY IN 10 DAYS IM ON A CLIFFHANGER HERE 😭,positive,english,test,youtube:shein_clothing_hauls,"[""product_praise"", ""other""]"
youtube_english_068,The amount of times she said “matching” is crazyyy,neutral,english,test,youtube:shein_clothing_hauls,"[""other""]"
youtube_english_069,I hope you can sleep at night knowing children made those clothes for nothing,negative,english,test,youtube:shein_clothing_hauls,"[""quality"", ""other""]"
youtube_english_070,I love how she called the one bikini bottom that was the same size as all the other bikini bottoms a little bit small like girl did you see the other ones,neutral,english,test,youtube:shein_clothing_hauls,"[""sizing"", ""other""]"
youtube_english_071,guys no hate js curious isnt shein like rly bad :0 don't they use rly inhumane methods to make the clothes,negative,english,test,youtube:shein_clothing_hauls,"[""quality"", ""other""]"
youtube_english_072,Oh my gosh I love people that shop from SHEIN proudly and give hauls that help know that their quality actually is good and I can trust them more,positive,english,test,youtube:shein_clothing_hauls,"[""quality"", ""product_praise""]"
youtube_english_073,The definition of consumerism 😂 Like I'm a competitive swimmer and I swim like 4 days a week and I have 3 swim suits for practice and 3 for fun. I thought that was a lot!,neutral,english,test,youtube:shein_clothing_hauls,"[""other""]"
youtube_english_074,The clothes are cute children in other countries are being forced to work there for long hours and you’re just like “ooh look at this bikini” idk if you knew about it but please just don’t buy from SHEIN.,negative,english,test,youtube:shein_clothing_hauls,"[""quality"", ""other""]"
youtube_english_075,You really only need 1 swimsuit and she ordered so many from shein so Js basically a bunch of child labor PS I am not targeting if you shop on shein Ik it’s very cheap so it’s nice for people!,negative,english,test,youtube:shein_clothing_hauls,"[""price"", ""quality"", ""other""]"
youtube_english_076,Imagine never wearing a swimsuit twice!(no hate girl❤it was a joke,neutral,english,test,youtube:shein_clothing_hauls,"[""other""]"
youtube_english_077,Can someone tell me why SHEIN hasn’t got shut down bc of child labor?,negative,english,test,youtube:shein_clothing_hauls,"[""quality"", ""other""]"
youtube_english_078,Please someone count how many times she says matching bottoms 💀,neutral,english,test,youtube:shein_clothing_hauls,"[""other""]"
youtube_english_079,the amount of clothes in her hall is the amount of clothes in my closet 😢,negative,english,test,youtube:shein_clothing_hauls,"[""sizing"", ""other""]"
youtube_english_080,I’m sorry but nobody needs that many bikinis especially from SHIEN!!!,negative,english,test,youtube:shein_clothing_hauls,"[""other""]"
youtube_english_081,Who needs this many bikinis 😂 Btw I counted and I think around 19 bikinis 😅,neutral,english,test,youtube:shein_clothing_hauls,"[""other""]"
youtube_english_082,Her saying the full coverage ones are a bit small but than saying NOTHING about the ones that are lit so this😅,mixed,english,test,youtube:shein_clothing_hauls,"[""sizing"", ""product_praise""]"
youtube_english_083,Those are actually some of the smallest bottoms I’ve done did ever seen ngl 💀,negative,english,test,youtube:shein_clothing_hauls,"[""sizing""]"
youtube_english_084,How can you even possibly use all of those wtf ☠️ peak overconsumption,negative,english,test,youtube:shein_clothing_hauls,"[""other""]"
youtube_english_085,Those are NOT bathing suit bottoms they look more like thongs to me,negative,english,test,youtube:shein_clothing_hauls,"[""sizing"", ""quality""]"
youtube_english_086,No one like this comment if you do your #1 fan of her,neutral,english,test,youtube:shein_clothing_hauls,"[""other""]"
youtube_english_087,The things for me is that when you have to money to shop ethically but you don’t. For some people SHEIN is all they can afford but when you have the money to get that much I’m sure you can afford to shop ethically.,negative,english,test,youtube:shein_clothing_hauls,"[""other""]"
youtube_english_088,Just so u know I love you but u should be buying from SHEIN it is homophobic anti semtic fast fashion sexist and racist do ur own research and help spread awareness,negative,english,test,youtube:shein_clothing_hauls,"[""other""]"
youtube_english_089,Wait but girl how are u supposed to work out in a tube top..,negative,english,test,youtube:shein_clothing_hauls,"[""quality"", ""other""]"
youtube_english_090,"Did anyone else comprehend a thing she said? All I heard was “matching, matching, matching, so cute!”",neutral,english,test,youtube:shein_clothing_hauls,"[""other""]"
youtube_english_091,“All this is such great quality” —— who’s gonna tell her...,negative,english,test,youtube:shein_clothing_hauls,"[""quality""]"
youtube_english_092,holy over-consumerism.. she bought every bikini so i didn’t have to.. 🫢,negative,english,test,youtube:shein_clothing_hauls,"[""other""]"
youtube_english_093,Girl bought more clothes than I own.. lol I have ALOT,neutral,english,test,youtube:shein_clothing_hauls,"[""other""]"
youtube_english_094,Is there ANY WAY u would be able to share the price?? I totally get if it’s your business and don’t want to share but I do want to know bc I would loveeee to get some of those atleast,neutral,english,test,youtube:shein_clothing_hauls,"[""price""]"
youtube_english_095,I think shein’s bikinis and pj’s are probs out of stock now..😂❤,neutral,english,test,youtube:shein_clothing_hauls,"[""other""]"
youtube_english_096,the 1st bottoms look like they ain’t gunna cover nothing 😭,negative,english,test,youtube:shein_clothing_hauls,"[""sizing"", ""quality""]"
youtube_english_097,Omg I can see all of this clothes going in the garbage in years taking YEARS to decompose and all the kids and adults working dollars an hour for these clothes .the over consumption is insane,negative,english,test,youtube:shein_clothing_hauls,"[""quality"", ""other""]"
youtube_english_098,She has a different bikini for every time she goes swimming 😭😭,neutral,english,test,youtube:shein_clothing_hauls,"[""other""]"
youtube_english_099,i can’t even tell which side of bottoms is the front vs back omg those are tiny,negative,english,test,youtube:shein_clothing_hauls,"[""sizing"", ""quality""]"
youtube_english_100,The fact that she’s so grateful about it warms my heart,positive,english,test,youtube:shein_clothing_hauls,"[""other""]"
youtube_mixed_001,مسالة Elegance ومش كلشي يفهم فيها 😂😂❤,positive,mixed,test,youtube:shein_clothing_hauls,"[""product_praise"", ""other""]"
youtube_mixed_002,"الصراحة كلهن يلعبن النفس خصوص ام الاسود She is wearing tight clothes, her charm is obvious, and her underwear is clear",negative,mixed,test,youtube:shein_clothing_hauls,"[""other""]"
youtube_mixed_003,مخكم من SHEIN لبسها حقه 2400دولار يعني9000ريال,neutral,mixed,test,youtube:shein_clothing_hauls,"[""other""]"
youtube_mixed_004,دوق جرجنا دون المستوى ،vulgaire,negative,mixed,test,youtube:shein_clothing_hauls,"[""quality""]"
youtube_mixed_005,هي طلبت منهم دريس كود فساتين Pink وهما مقصروش 😂😂😂 بس ده اختلاف ثقافات يعني لو بنت من بنات العرب لابسه نفس فستان جورجينا كانت اتهاجمت طالعين زي الاميرات ومتسترين ❤️❤️,positive,mixed,test,youtube:shein_clothing_hauls,"[""other""]"
youtube_mixed_006,"جورجينا لابسه شي بسيط وحلو وكمان اسود وهم زرق ورق وفوگ كل هذا ريش حمام 😂😂😂😂😂🎉 I loved Georgina's outfit so much, it's beautiful, wow 🖤🖤🖤🖤",positive,mixed,test,youtube:shein_clothing_hauls,"[""product_praise"", ""other""]"
youtube_mixed_007,معجونيش حتى لبسهم 🥴🥴🥴 بس جورجينا لابسا simple même maquillage simple les accessoires شوية ⁦❤️⁩😎😍,positive,mixed,test,youtube:shein_clothing_hauls,"[""product_praise"", ""other""]"
youtube_mixed_008,من جنت مراهقه وشفت الكيبوب وbts و exo و بلاك بينك هم تخبلت عليهم وكرهت حياتي والواقع الي عايشته وجنت بس لازمه التلفون و اكره امي وابوي لان جانو يمنعوني و فكرت انتحر هواي مرات وابتعدت عن الصلاه ورب العالمين من كبرت فهمت الوضع وعرفت اهلي ماجانو يكرهوني بس اني جنت على غلط ف بالنسبه لقضية البنات ما اعتقد والدهن اله ايد بقتلهن هنه سون هذا الشي بنفسهن وداخلات هواي بجو المراهقه,negative,mixed,test,youtube:shein_clothing_hauls,"[""other""]"
youtube_mixed_009,الbra اللي لابستها مرة غلط 😑💔,negative,mixed,test,youtube:shein_clothing_hauls,"[""sizing"", ""quality""]"
youtube_mixed_010,La simplicité fait la beauté. الأناقة في البساطة,neutral,mixed,test,youtube:shein_clothing_hauls,"[""other""]"
youtube_mixed_011,ليش لبسهم كله ريش ومكياجهن over بيشبهن Drag Queens😂,negative,mixed,test,youtube:shein_clothing_hauls,"[""other""]"
youtube_mixed_012,رح اقول لكم حاجه بالانجليزي She Clever idea معناها هذه فكرة ذكيه قصدي على فكره جورجينا,positive,mixed,test,youtube:shein_clothing_hauls,"[""other""]"
youtube_mixed_013,صدق وناسه وجينا Vip هذا لا لحد يشوفه عيب مفصخ بعد,negative,mixed,test,youtube:shein_clothing_hauls,"[""other""]"
youtube_mixed_014,هما لابسين pink بس جورجينا لابسة plake,neutral,mixed,test,youtube:shein_clothing_hauls,"[""other""]"
youtube_mixed_015,ملابس النوم لابسين nuisette,neutral,mixed,test,youtube:shein_clothing_hauls,"[""other""]"
youtube_mixed_016,SHEIN ❌ كلية ونص✅,negative,mixed,test,youtube:shein_clothing_hauls,"[""quality""]"
youtube_mixed_017,sagx6f6 كود شي ان خصم,neutral,mixed,test,youtube:shein_clothing_hauls,"[""price""]"
youtube_mixed_018,كأنهن طالعات من غرف نومهن hhh,negative,mixed,test,youtube:shein_clothing_hauls,"[""other""]"
youtube_mixed_019,صراحه لبسهم ومكياجهم over 🥲,negative,mixed,test,youtube:shein_clothing_hauls,"[""quality"", ""other""]"
youtube_mixed_020,في مثل فرنسي بيقول “plus simple plus beau”جورجينا طبقت هذا المثل,positive,mixed,test,youtube:shein_clothing_hauls,"[""product_praise"", ""other""]"
youtube_mixed_021,Georgina is the most beautiful girl in the world ترجمووو,positive,mixed,test,youtube:shein_clothing_hauls,"[""product_praise""]"
youtube_mixed_022,Ana bou7di li la7t ponge li labsa awilii انا الوحيده إلي لاحظت ص*درها لابسه ...,neutral,mixed,test,youtube:shein_clothing_hauls,"[""other""]"
youtube_mixed_023,ليه يا عرب تعطو للاجانب قيمة و هم في بلدكم dont care them🎉 نحب اصولنا و تقافتنا و عروبتنا لنعتز بانفسنا متل اجدادنا,negative,mixed,test,youtube:shein_clothing_hauls,"[""other""]"
youtube_mixed_024,حاولت طبق ال make up الكوري اللي عملتيه من فترة.. وما زبط معي😂,neutral,mixed,test,youtube:shein_clothing_hauls,"[""other""]"
youtube_mixed_025,10:58 شكلو كان حلمان بالCow😂,neutral,mixed,test,youtube:shein_clothing_hauls,"[""other""]"
youtube_mixed_026,ساره ع طاري بتحضري كوري ليه ماتجربي ميكب glow ودي اجرب منتجاتهم بس خايفه يكون كله كذب وما اوثق الا فيك 😭😭😭,neutral,mixed,test,youtube:shein_clothing_hauls,"[""product_praise"", ""other""]"
youtube_mixed_027,يقصدنا احنا الـ cow 😂🥲,neutral,mixed,test,youtube:shein_clothing_hauls,"[""other""]"
youtube_mixed_028,👶: في cow 🤷♀: يا ماما وين الcow؟ sooo cute🤏🥰,positive,mixed,test,youtube:shein_clothing_hauls,"[""product_praise""]"
youtube_mixed_029,ساره كنت عم اكل كوكيز لما قال cow بطلت بدي اكل خلاني اتذكر الدايت😭😭😭,negative,mixed,test,youtube:shein_clothing_hauls,"[""other""]"
youtube_mixed_030,سارة سوي فديو clean girl,neutral,mixed,test,youtube:shein_clothing_hauls,"[""other""]"
youtube_mixed_031,هاي سارة بليز جربي مكياج رينا الجزائرية وأعملي عليه ردة فعل love you❤❤,positive,mixed,test,youtube:shein_clothing_hauls,"[""other""]"
youtube_mixed_032,انا ابني تقريب نفس عمر ويليام مهوس بحيوان بس مو cow لا😂 cat يتجنن من يشوفها,positive,mixed,test,youtube:shein_clothing_hauls,"[""other""]"
youtube_mixed_033,الله يسامحك ويليام انا 🐮cow,negative,mixed,test,youtube:shein_clothing_hauls,"[""other""]"
youtube_mixed_034,سارة 👈👉فيكي تسوي ميكاب بابلز يلي لونها اخضر💚 من كرتون فتيات القوة وبس بحبك من الجزائر و You are my favorite makeup artist,positive,mixed,test,youtube:shein_clothing_hauls,"[""other""]"
