id,slice,video_id,comment_id,text,like_count,reply_count,published_at,pred_sentiment,pred_sarcasm,pred_topics,pred_reason
youtube_arabic_001,arabic,8560RK9-iWw,Ugw0pTVrKCVrBislGot4AaABAg,لأعلم إذا كانت جورجينا جيدة أم سيئة لكن أنا متأكدة أن كل شيء يهتم له كرستيانو يثير جدل ويكون مميز عند الكثير من الأشخاص مثلا الجميع يقول سيي فقط لأن رونالدو يقولها قال الدوري سعودي أفضل من الفرنسي قال أن فينيسيوس هو من يستحق الكرة الذهبية إتفق الجميع على هذا طبعا أنا أتحدث عن الكرة وليس الدين فلا داعي للمهاجمة وخلط الأمور,1,0,2025-04-21T16:30:38Z,neutral,False,"[""other""]",Objective discussion about Cristiano Ronaldo's influence and public reception without strong positive or negative feelings.
youtube_arabic_002,arabic,8560RK9-iWw,Ugw1eiNKH9bbggDp4TJ4AaABAg,ولا وحدة فيهم جورجينا لبست اسود من حيث لون فخامة اما هي لبستو مانو متناسق مع جسمها صدرها بارز مو متناسق اما لباس الاخر محتشم نوعا ما,1,0,2025-01-07T22:17:59Z,neutral,False,"[""other""]",Objective critique of outfits worn by a celebrity
youtube_arabic_003,arabic,8560RK9-iWw,Ugw2sTxK6XbHK3XVfkB4AaABAg,يعني الواحد ما يبغى يتنمر لكن رب العالمين خلقنا بأحسن تقويم يجون هم يخربون اشكالهم ويركبون ويغيرون اشياء كنهم موتر يعني صراحتا يلوعون الكبد أستغفر الله طالعين كنهم مسوخ🤦♀️,5,0,2025-06-26T15:37:59Z,negative,False,"[""other""]",Strong negative reaction and criticism towards cosmetic surgery
youtube_arabic_004,arabic,8560RK9-iWw,Ugw4PSjgQwlJdg07ReZ4AaABAg,بالعكس كلهم عطوا عليها لبسها يفشل مو مناسب للحفل و حتى شعرها مو مسويته جايه تسليك لو مناسبه اجنبية جان جت فل اناقة بس واضح تقلل من مناسبات العرب و كذلك انتو تقللون من العربيات بهاي المنشورات 🥰,1,0,2026-05-12T14:30:21Z,negative,False,"[""other""]","Criticizing someone's outfit and hair, and complaining about the content of the posts."
youtube_arabic_005,arabic,8560RK9-iWw,Ugw7ZyRlwKszEruxB_Z4AaABAg,3:02 في زمن صار فيه كل شيء بمقابل، اخترت أنت أن تعطي بلا حدود، وأن تزرع العلم في دروبنا بالمجان، لا لشيء إلا لإيمانك بنا وبمستقبلنااستمرارك معنا رغم الضيق ورغم كلام الناس هو أكبر دليل على نبل أخلاقك أنت لا تُدرسنا مادة علمية فحسب،بل تُدرسنا درساً في الصمود والإخلاص أثرك باقٍ وكلامهم فانٍ استاذ مانتمنى نشوفك ضايج وأن شاءالله تعبك ميضيع احنه كاعد نتعب علمود ميضيع تعبكم ويانه وتشوفون درجاتنه ❤❤,1,0,2026-04-14T07:16:21Z,positive,False,"[""customer_service"", ""other""]",Heartfelt expression of gratitude and support for a teacher
youtube_arabic_006,arabic,8560RK9-iWw,Ugw9KWcDpqTpSyYg-lp4AaABAg,ترا يجماعه لبس جورجينا مو من شي أن ترا من ماركات ذي الملونيره تلبس من شي أن ترا نفس الفستان بس الي يبوعوه بشي أن للصغاره وحقو اربع ليارت اردني تخيلو تلبس من شي ان,1,0,2025-06-21T07:55:52Z,neutral,False,"[""other""]",Discussing the clothing brands worn by a celebrity without expressing personal emotional sentiment.
youtube_arabic_007,arabic,8560RK9-iWw,UgwEzMZWku5v3wamPzV4AaABAg,ترا ذي فكرة جورجينا انو كتبت بالدعوة انو يلبسو زهري وليلكي وبيج وذي الدرجات عشان هي تلبس اسود وتكون مميزة عنهم(في ناس ما يقدرو يلبسو الوان يعني بس اسود),1,0,2025-02-05T19:28:24Z,negative,False,"[""other""]",Criticizing a party dress code rule that forces guests into specific colors while the host wears black.
youtube_arabic_008,arabic,8560RK9-iWw,UgwFJbUSaeJ5eLk1_fp4AaABAg,ضحكتم فيكم جورجينا تلقاها كتموت بالضحك عليكم غاصابرة حتى توصل لدار وتنفجر بالضحك ويلي على بينوار بريش نعام ديال بيت نعاس😂😂😂,1,0,2024-12-22T22:58:24Z,negative,False,"[""quality"", ""other""]",Mocking the poor quality and ridiculous look of a feather bathrobe
youtube_arabic_009,arabic,8560RK9-iWw,UgwIHnv1NvtgRnT_bcx4AaABAg,الصراحه الصراحه هنه كلش مبالغات بلزينه والالوان والملابس وجورجينا مبالغه بلبساطه درجة اللبس كلش عادي متعبانه غليه لا اكسسوارات لا شي,1,0,2026-09-19T16:01:38Z,negative,False,"[""quality"", ""other""]",Criticism of excessive decoration and Georgina's overly simple and plain outfit.
youtube_arabic_010,arabic,8560RK9-iWw,UgwMfgkhhOpbE-cKL8p4AaABAg,كلهم لبسهم يفشل انوب جورجينا لابسه علاگه وجاية استحي البس لبسها مع نفسي والـ3 الي گدامها يمثلوني اني وبنات خالاتي لما كنة بالابتدائية ومتأثرين بالمسلسلات ونجي نرقع ملابسنا مع ملابس امهاتنا واخواننا وابائنا ونطلع بستايل خايس وفرحانين بيه فـ المهم كلهم منضرهم لايرضي الله سبحانه وتعالى ولاحتى البشر.,4,0,2024-12-12T00:38:05Z,negative,False,"[""quality"", ""other""]",Strongly criticizes the outfits of celebrities at an event
youtube_arabic_011,arabic,8560RK9-iWw,UgwNflVpx8LXeDrkmBt4AaABAg,ايه الريش ده خجلتونا كنتو جيبو درة التونسية عشان تغطي عليها اي تونسية و خلاص تعرف تلبس مش زي المهرجات دي قال ريش قال 😂😂😂 حتى في غرفة النوم بقى موضة قديمةمن الخمسينات زمن نازك هانم الصلحدار 😂😂,1,0,2024-12-21T22:40:30Z,negative,False,"[""quality"", ""other""]",Strong criticism and mocking of someone's outfit and style choices
youtube_arabic_012,arabic,8560RK9-iWw,UgwVJbKdkWQ8vW5j0od4AaABAg,يوم لا ينفع مال ولا بنون إلا من أتى الله بقلب سليم 🤍🤲اللهم أحسن خاتمتنا وأغفر لنا ولوالدينا ولجميع المسلمين والمسلمات وأرحمنا برحمتك يا أرحم الراحمين 🤲 🕊️ 💞,22,0,2025-04-13T13:34:52Z,positive,False,"[""other""]",A religious supplication expressing faith and seeking forgiveness
youtube_arabic_013,arabic,8560RK9-iWw,UgwZalTWVkRaiUr8ZHF4AaABAg,أصلا السعوديات ذوقهم صفر والله في المناسبات ولا أي شي كترت البريستيج ولبس لا علاقة و ذهب ومكياج أوڤر و عدسات جات جورجينا ببساطة صارت حلوة عليهمم كلهم,2,0,2025-08-01T18:20:10Z,negative,False,"[""other""]",Derogatory comments about Saudi women's fashion and taste.
youtube_arabic_014,arabic,8560RK9-iWw,UgwbXsH5np7Ow5wim6h4AaABAg,لا حول ولا قوة الا بالله اهلنا بغزة عم يموتو وبسودان عم يموتو وبسوريا العصابات مليانة والعراق كمان وآخر شي تجي تحكو علي إطلالات كفار,1,0,2025-08-06T15:51:06Z,negative,False,"[""other""]","Expressing deep frustration and sadness over tragedies in Gaza, Sudan, and Syria while criticizing trivial discussions on celebrity outfits"
youtube_arabic_015,arabic,8560RK9-iWw,UgwcIJd6k5j8ovEOkNN4AaABAg,يشهد علي الله ومحمد رسول الله انه البنات المتحجبات اجمل من ملكات جمال العالم انا كشب عمري 22 سنه انه البنات المتحجبات في الجامعه اجمل من كل وحده غير لابسه للحجاب,1,0,2025-04-21T16:29:51Z,positive,False,"[""other""]",Expresses high admiration for veiled women
youtube_arabic_016,arabic,8560RK9-iWw,UgwgdFFUUHlbnVXM3rB4AaABAg,تره حتى جورجينا ملابسها مو حلوه ابداً وجداً بسيطة لدرجة حتى بعرس ما اكدر البس هيج فستان مو انوب افتتاح عطر ! وهيج مشهور وحتى ستيانها مو على مقاسها واصغر ومبين شكل صدرها نشاز,1,0,2025-02-26T20:56:02Z,negative,False,"[""quality"", ""sizing"", ""other""]","Harsh criticism of clothing style, fit, and appearance"
youtube_arabic_017,arabic,8560RK9-iWw,UgwiltZjQdjDmWG_TyF4AaABAg,والله العظيم اسوء اطلاله هيه اطلالة جورجينا زين بس اريد اعرف عده ثقه جيس حب خره بهيج ثقه واريد احجيه مباشر ودور شنو هذا سدره ايع 🤢 اه الله يثبتنه عله طريق الحجاب والستر بس 🙄😁,1,0,2025-05-26T19:56:39Z,negative,False,"[""other""]",Strong criticism of a celebrity outfit with negative slang and disgust emojis
youtube_arabic_018,arabic,8560RK9-iWw,UgwjVOwnD79mkQFGB3p4AaABAg,ايععععع ذنيي البناتتت ينرزفزنن وحدهه لابسهه ديج بي كم ريشه باقيه والثانيه لا دجاجه هم مهلسه بس بيها شعر اكثر من الديج والثالثه بيضه مسلوگه وبسس سويي لايكك باجرر عنديي امتحانن ادعولييي طالبههه سادسس 🌝✨🫰🏻,1,0,2025-05-18T22:34:38Z,negative,False,"[""other""]",Negative and mocking commentary about people's outfits
youtube_arabic_019,arabic,8560RK9-iWw,Ugwq0SVLH6MI4neKzWt4AaABAg,بكل بساطة( لولا اختلاف الاذواق لبارت السلع) همة هيك اذواقهم بالبس وهية هيك ذوقها ف عادي المهم الشخص يكون عاجبه شكله طز بالباقي طالما هية راضية عن نفسها 😊,1,0,2024-12-14T16:02:16Z,neutral,False,"[""other""]",Expressing a neutral opinion that fashion tastes differ and personal satisfaction is what matters most.
youtube_arabic_020,arabic,8560RK9-iWw,UgwqzGRi-3JN6xFXmJh4AaABAg,بعد ما راحت جورجينا صاروا يحكيوا على جورجينا و على لبسها😢 واصلا جورجينا احلا وحدة فيهم..😢 انا اكره البنات و النسوان مع انو انا بنت,1,0,2025-12-29T18:23:12Z,negative,False,"[""other""]",Expressing sadness and frustration about gossip and women's behavior
youtube_arabic_021,arabic,8560RK9-iWw,Ugwr58uDBjNpS6-TpwR4AaABAg,مره مافي ثقه بالنفس ليه انا الوحيده الي مااشوف جورجينا حلووه المميز فيها انه فيها كريزما وجادبيه وثقه عاليه بالنفس اما جمال ابد حتى شكل جسمها مااحبه عاملين عليها ضجه لسه مدري,1,0,2024-12-17T22:29:42Z,negative,False,"[""other""]",Negative criticism of a celebrity's looks and body shape
youtube_arabic_022,arabic,8560RK9-iWw,UgwtBYXqRo6Pvr45vLN4AaABAg,قال رسول الله صلى الله عليه وسلم (( ونِساءٌ كاسِياتٌ عارياتٌ مُمِيلاتٌ مائِلاتٌ، رُؤُسُهُنَّ كَأسْنمَةِ البُخْتِ المائِلَةِ، لا يَدْخُلْنَ الجَنَّةَ، ولا يَجِدْنَ رِيحَها،وإنَّ رِيحَها ليُوجَدُ مِن مَسِيرَةِ كَذا وكَذا)) « صحيح مسلم » ( 2128 ) هذا رأيي اتمنى يعجبك و اتمنى محد يهجم ويقول مالك دخل لأنه المفروض ننهي عن المنكر مو نشجع عليه 🫶🏻🫶🏻,1,0,2025-07-23T04:37:09Z,negative,False,"[""other""]",Expresses disapproval of certain clothing styles using a religious hadith
youtube_arabic_023,arabic,8560RK9-iWw,UgwuUy4k7yujbKR4jst4AaABAg,كلهن لعبان نفس وتبرج ولا حدة بيهن قدوة القدوة الي توقف بوجه الميركافا الاسرائيلية القدوة الي تقدم اولادها فداء للمقاومة وتحرير الأرض,1,0,2025-02-04T16:38:05Z,negative,False,"[""other""]",Strong condemnation of public figures and praise for resistance fighters
youtube_arabic_024,arabic,8560RK9-iWw,Ugx08Zu9bUkiiNV31Eh4AaABAg,اكو تطبيق ملابسه من كوريه اصنعوه ويبوعوه بل امارات اسم التكبيق شيك بويت احله من شي ان وملابسه اتجنن والخامايه مالته اتخبل و عدهم بس ملابس رحالي ونسائي ولاظي وبناتي واطفال اهواي اشياء حلوه اكثير انصحكم في اسمه شيك بوين,1,0,2025-05-08T23:07:11Z,positive,False,"[""quality"", ""product_praise"", ""other""]",Strong recommendation and praise for the quality and variety of clothes on the app.
youtube_arabic_025,arabic,8560RK9-iWw,Ugx21U6zXVpHhUl4XHJ4AaABAg,يقهرني وجههم وتوترهم ترا كذا حسسوها انه فعلا هي مهمة او اعلى منهم المفروض يعاملونها عادي جدا ، انا قابلت مشهورة نسيت اسمها المهم سمراء متزوجة امريكي عاملتها عادي جدا هي بني ادمة زيي عادي,5,2,2024-12-11T13:46:25Z,negative,False,"[""other""]",Expressed annoyance at people treating influencers as superior
youtube_arabic_026,arabic,8560RK9-iWw,Ugx3v4dVxKHgpY0Axdx4AaABAg,اسوء شيء جورجينا لا منظر شلون صدرها صاير ولا مناسب ولا شيء الحين هذا عجبكم بس لانه جورجينا لاتقصون على عقول ناس صغيرة ولا وحدة حلوة 😅,1,0,2025-12-27T02:53:13Z,negative,False,"[""quality"", ""other""]",Strong criticism of the appearance and style of Georgina's outfit
youtube_arabic_027,arabic,8560RK9-iWw,Ugx5Ppa1rl6T6v-X81R4AaABAg,ولله صار معي هلموقف بخطبة قريب،علي. كتير فلازم كون متشيكة ف عرسوا قمت لبست فستان من خزانتي لكن فخم وموضة فا غطييييت ع لعروووووسة حرفيا 😂😂😂,5,2,2024-12-13T23:51:55Z,positive,False,"[""product_praise"", ""other""]",The user happily shares a funny anecdote about wearing a gorgeous dress that unexpectedly rivaled the bride's look.
youtube_arabic_028,arabic,8560RK9-iWw,Ugx6n8aaoGAWh-r_L394AaABAg,البساطة و الأشياء السادة الي بيها تفاصيل صغيرة بس تأثر هواية على اللبس دائمًا تخلي شكل اللبس راقي و أنيق أكثر من اللبس المبهرج.,5,0,2024-12-25T13:22:16Z,positive,False,"[""product_praise"", ""other""]",Appreciation for simple and elegant clothing design
youtube_arabic_029,arabic,8560RK9-iWw,UgxANnlQvuFjbgRaa554AaABAg,ترا جوجي الحين شايفتهم اوفر لانو بالنسبة لها هذا ايفينت عادي مو عرس وذول لابسين ريش يعني هما الي طالع شكلهم مو حلوة وسط ايفينت تبع عطر,1,0,2026-04-28T03:46:15Z,negative,False,"[""other""]",Criticizing the outfits worn at an event as unsuitable
youtube_arabic_030,arabic,8560RK9-iWw,UgxAcAB1USDzKt5dmjl4AaABAg,سبحان الله الناس بوجهين ✨ تعديل : صرت مشهوره ب 72 لايك شكرا اول مره اوصل هذا العدد الكبير بالنسبة لي✨🫶🫂 تعديل مره اخرى✨ : صار عندي 80 لايك خلاص لحد يسوي لايك 🤣 اسفه تعديل مره اخرى : وصلت ٩١ لايك 🎀✨✨✨🥹,102,1,2024-12-08T17:07:40Z,positive,False,"[""other""]",Joyful and humorous reaction to getting likes on a post
youtube_arabic_031,arabic,8560RK9-iWw,UgxBAKpIkMNK7BRr8Ad4AaABAg,في حقيق حسيتهم مسترين احسن من جورجينا انتم تدعمون الجانب الخاطئ لو كنتم مسلمين لشكرتم تسترهم مش وحدة اجنبية لبس على المفضوح ملابس ضيق الغرب مح شيء اسمه حشم حسيتكم مغسولين دماغ فقلت اعاود ارجعهلكم لاشكر على واجب😊😊❤❤,11,0,2025-05-16T19:44:44Z,negative,False,"[""returns_refunds"", ""quality""]",Expressing disapproval of the product's modesty and returning it
youtube_arabic_032,arabic,8560RK9-iWw,UgxBBmHQZkGShRDFHVp4AaABAg,ما تخافون من الله انتم تقولون انكم مسلمون بس تكذبون على انفسكم والله انكم مو مسلمون طيب وين الاسلام حسبي الله ونعم الوكيل فيكم 😊😊,2,0,2025-03-05T18:16:46Z,negative,False,"[""customer_service"", ""other""]",Severe dissatisfaction and anger expressed regarding the company's integrity and service
youtube_arabic_033,arabic,8560RK9-iWw,UgxQVe3vCJWOR-5FKfV4AaABAg,لو انهن قدمن ثقافتهن باللباسهن الاسلامي...العباءة الخليجية...والكحل العربي لقدمن الجمال العربي الحقيقي المتميز.... لكن ظهرن كالدجاجات في القفص...,1,0,2025-11-30T23:29:57Z,negative,False,"[""other""]",Negative criticism of cultural representation and appearance
youtube_arabic_034,arabic,8560RK9-iWw,UgxTv52Xeyl_TJF-tQZ4AaABAg,وعليمن شايفه نفسها حتى زواج ممزوجها يعني ك ح ..ومامستور لبسها وعمليات التنحيف والتجميل مستمره وشكو اخليلها قيمه عديمة الش. Rف,2,0,2025-07-12T15:54:47Z,negative,False,"[""other""]",Harsh criticism and insults directed at someone's appearance and lifestyle.
youtube_arabic_035,arabic,8560RK9-iWw,UgxWNOVNEihU61UNBKR4AaABAg,هذني خو الكاعدات فد حياية 🐍 ورة ضهرها يحجن عليها كدامها جورجينا ما جورجينا ولبسج حلو عود حسبالهن جورجينا ما ترجم الكلام وتعرف منو ألححت عليها ونوب يصورن ويحجن استخفر الله 😢,1,0,2025-05-16T04:29:09Z,negative,False,"[""other""]",Expressed strong frustration about people talking behind someone's back.
youtube_arabic_036,arabic,8560RK9-iWw,UgxWql1KPdv_YpzSFtB4AaABAg,لبسها بسيط جدا بس الي خلاها مميزة انو ما اجت مثل العرب لابسين ريش 😂😂 واحلا وحدة في هذا الحفل هي نارين بساطة ولون ابيض غير عن الكل ❤,1,0,2025-03-22T09:09:25Z,positive,False,"[""product_praise"", ""other""]",Compliments Narin's simple and beautiful outfit at the event
youtube_arabic_037,arabic,8560RK9-iWw,UgxZVyBg_x_7S1B8wrB4AaABAg,﴿ يَوْمَ تُقَلَّبُ وُجُوهُهُمْ فِي النَّارِ يَقُولُونَ يَا لَيْتَنَا أَطَعْنَا اللَّهَ وَأَطَعْنَا الرَّسُولَا ﴾ [الأحزاب: 66].,14,0,2026-02-10T19:26:17Z,neutral,False,"[""other""]",A Quranic verse shared without personal commentary
youtube_arabic_038,arabic,8560RK9-iWw,UgxhhASZbvyN9104QGh4AaABAg,جدا رخيص اللي لابسته مو بقيمته اتكلم عن الشكل ماكان وقتها فيه احد يلبسها السنتيان هل طبيعي يكون قاسم صدري نصين وانا لابسه ضيق ؟؟ جدا سئي اللي لابسته,1,0,2024-12-19T12:05:16Z,negative,False,"[""quality"", ""price"", ""sizing""]","Complains about the cheap appearance, poor fit, and high price of the outfit"
youtube_arabic_039,arabic,8560RK9-iWw,UgxhinEUZ1LfVF9lDZV4AaABAg,كلهم ملابس 👎🏻 خاصة دي الوردي الفاقع وجورجينا ما يناسبها الثوب خاصة من فوق ودي الي لابسه أبيض أو طالع وردي فاتح بسبب الاضاءة يعني عادي اهون منهم,1,0,2025-02-03T16:19:32Z,negative,False,"[""quality"", ""other""]",Criticizing the appearance and fit of the outfits worn by celebrities.
youtube_arabic_040,arabic,8560RK9-iWw,UgxmnuvEnVWueD2U0nZ4AaABAg,استغفرالله العظيم واتوب اليه تفضلوا وحده ماهي مسلمة علي هولاء العربيات الله يهديهم ويصلحهم ويدلهم علي طريق الحق والصواب الحمدلله الذين عافنا كيف البأس لزق عليها اية جمال واناقة الله يارب بس يصرفها علي بلدها من غير رجعة لا أعلم لما عاملين لها قيمة افنتات وكلام فاضي لا فايدة منها اعوذا بالله من غضب الله,3,0,2024-12-24T06:11:01Z,negative,False,"[""other""]",Strong condemnation and negative remarks about a female public figure's appearance and cultural influence
youtube_arabic_041,arabic,8560RK9-iWw,UgxnbAbVVVEfD4mRK_Z4AaABAg,علي فكرة جورجينا مو حلوة بس بتخلي في أي مكان الناس تنجذبلها من تصرفاتها بتحسسك انها حدا كتير مهم واثقة من حالها لدرجة تخليك تنبهر بيها و تتعامل معاها كانك أقل منها,2,0,2025-01-10T18:19:27Z,neutral,False,"[""other""]",Neutral observation about a public figure's presence and confidence.
youtube_arabic_042,arabic,8560RK9-iWw,UgxpAI303Lss4PR3HFR4AaABAg,ترا يلعبن النفس جورجينا ترا احله شني دجاجه لابسين هيج وناشرين ستوري على سناب يعبو على لبسها خلي يشوفون شكلهم بالاول صدك من كال ما يعب الا الميعوب,1,0,2024-12-11T23:01:03Z,negative,False,"[""other""]",Strong criticism and disapproval of people making fun of someone's outfit.
youtube_arabic_043,arabic,8560RK9-iWw,UgxpeF0dQsotEJV9Qux4AaABAg,العرب اعطوها قيمه أكثر من اللي تستاهل كريستيانو رجل جيد ولاعب مجتهد يستفيد منه العرب وابنائهم اما الزوجه ما هي الا طاقه سلبيه تنشر اللباس الفاسد في بنات المسلمين لكي تأثير على عقليتهم ولكن هيهات هيهات أنها المملكه العربيه السعوديه ديروا بالكم شويه أخوتكم من المغرب,1,0,2025-01-06T21:50:28Z,negative,False,"[""other""]",Negative commentary regarding cultural influence and a public figure's spouse
youtube_arabic_044,arabic,8560RK9-iWw,Ugxzm54sD2f-Wl1WEW14AaABAg,لااا بساطه و لا ثقه و لا هل الكلام كله جورجينا اكثر مشهوره معروفه شكد تحب تلبس أرقى لبس و أشهر مجوهرات و ماركات و هي سوت هيج حتى تصير ترند لان اللي متابعها بالاتستا راح يعرف هي شنو تلبس حتى عدها جلسه على البحر لابسه لبس سباحه وياه لابسه مجوهرات وين البساطه اللي تحجون عليها,1,0,2025-09-12T07:16:41Z,negative,False,"[""other""]",Criticizing the celebrity's lack of simplicity and attention-seeking behavior
youtube_arabic_045,arabic,8560RK9-iWw,Ugy1Bj5973RVO1ASR654AaABAg,بعدين الاشئ مش بالملابس الاشئ بالأخلاق وثقه النفس مش المظهر وهي لأنها ناجحه عملت عطر مش مثلهم لو كانو ناجحات بكونو مثلها فما في حاجه يتكلمون عنها بالعاطل ناس قليلة أدب واحترام حسبنا الله و نعم الوكيل فيهن,1,0,2025-07-21T07:58:32Z,negative,False,"[""other""]",Expresses anger and defends someone against disrespectful comments about her character and perfume
youtube_arabic_046,arabic,8560RK9-iWw,Ugy1Y-Y939E_dy3vJtZ4AaABAg,واقفين امامها كانهم خدم عندها يا بنات قفوا بشكل مستقيم ولا تنحنوا ولا تتململوا بل قفوا مثل الحائط وحركة الراس بطيئة وبلاش الريش في الملابس انتي مش في غرفة النوم وبلاش الزينة الكثيرة او الذهب الكثير لو عايزين تكونو مودرن مش بلدي وبلاش الوقوف لامراة هي تقعد وقوفكم ليها خلاها تضهر كانها صاحبت الشركة وانتوا جايين تقدموا على وضيفة,1,0,2025-06-27T01:34:02Z,negative,False,"[""other""]",Criticizing the appearance and posture of models or staff during a presentation.
youtube_arabic_047,arabic,8560RK9-iWw,Ugy6oPbL6xCz7CUUk414AaABAg,حبيباتي المنشور بالاخر فقط للضحك ومو قصدي في لبس اي شخص ويا ريت تدعموني بلايك وسبسكرايب وشير ل تشوفي فيدوهات عن شي ان وتنسيقات ونورتو القناة جميعا❤,2,1,2025-01-12T17:02:31Z,positive,False,"[""other""]",Friendly message welcoming viewers and asking for channel support
youtube_arabic_048,arabic,8560RK9-iWw,Ugy7RkgNTRLTvH8-xIp4AaABAg,أنا نشوف كل شي في الثقة بالنفس، تبارك الله كلهن جميلات بطريقة 🩷 لكن الثقة التي نهضن بها كانت منخفضة من الخجل بلبسهن أما هي العكس تماما، وفي النهاية السترة والحياء زينين,1,0,2024-12-27T10:02:40Z,positive,False,"[""other""]","Praising self-confidence, modesty, and good character."
youtube_arabic_049,arabic,8560RK9-iWw,Ugy7SixcTjtElmn4E3R4AaABAg,يا الله فاشيله الدكتوره خلود ونهى نبيل ولا اسوء على اللبس اللي لبسوه وتكشخو بالاخير لقوا جورجينا لابسه لبس من شي ان صدق 😂😂😂😂😊😊بس الصراحه انه حرام يعني هم مسلمين ويلبسون كذا بس الله يهديهم ❤❤😊,1,0,2024-12-19T20:55:19Z,negative,False,"[""quality"", ""other""]",Criticizing the outfits worn by the public figures compared to someone else.
youtube_arabic_050,arabic,8560RK9-iWw,Ugy7sFiR04MQbKmRfYV4AaABAg,بنات من وجهه نظري الفنانات العربيات لابسين لبس طويل ومحترم ويلحق باعمارهم رغم الريش اما جورجينا لبسها كثيييير ضيق وصدرها باين مقسوم نصين من فوق وكرشها واضح والفستان عباره عن كسرات وشفاف بلتصوير فه بلا تنمر وتشوفون الاجانب احسن مننا ع الاقل لبسو شي طويل ++وقفوا احتراما لها,23,7,2024-12-11T00:21:48Z,negative,False,"[""other""]",Criticizing a celebrity's outfit and appearance negatively
youtube_arabic_051,arabic,8560RK9-iWw,UgyAD2QIlWVVu53Dg814AaABAg,اللهم أنت ربي لا إله إلا أنت خلقتني وأنا عبدك وأنا على عهدك ووعدك ما استطعت أعوذ بك من شر ما صنعت أبوء لك بنعمتك علي وأبوء لك بذنبي فاغفر لي فإنه لا يغفر إلا أنت,2,0,2024-12-26T21:32:18Z,neutral,False,"[""other""]",Islamic supplication and remembrance of God
youtube_arabic_052,arabic,8560RK9-iWw,UgyDR08mdZqrpsirXfF4AaABAg,على فكرة استايل الفستان بتاع جوجينا كده اصلا مش من شي ان ولا حاجة وفي كذا واحدة لابسة نفس الفستان بنفس الطريقة .... وغير كده هي مش لابسة ريش يعني,1,0,2025-12-25T21:38:59Z,neutral,False,"[""other""]",Clarifying details about a dress style and origin without expressing clear positive or negative sentiment
youtube_arabic_053,arabic,8560RK9-iWw,UgyEps-3SIO5jtl95Wh4AaABAg,شوف شلون ؟؟ يعني ابليس عابد لله سبعين الف سنة بسبب ذنب واحد خرج من رحمة الله شوف شلون ؟؟ انتِ ورا كل هاي الذنوب والمعاصي دَ تنامين وتكعدين ثاني يوم عادي شوف شلون ؟؟ يعني هو الي يكدر يقبض روحج بثانية وحدة لسة مخليج عايشة ع ذنوبج شوف شلون؟؟ الله شكد رحيم بعباده ..,18,0,2024-12-24T22:13:57Z,neutral,False,"[""other""]",A religious reflection on God's mercy and human sins
youtube_arabic_054,arabic,8560RK9-iWw,UgyJNgjiETQU90MRyk94AaABAg,في كل دول الاروبيه جورجينا هي لا تعدا كونها صديقه رونالدو.. اما دول الخليج هي اهم من رونالدو نفسو محشورة في كل مناسبة ختي احيانا احسها تسال نفسها انا ليش هون..,2,0,2025-01-08T09:45:37Z,neutral,False,"[""other""]",Observational commentary on cultural perceptions of a celebrity without expressing positive or negative personal feelings
youtube_arabic_055,arabic,8560RK9-iWw,UgyMJQGbB8fH5jDXpMR4AaABAg,يعني حتى مشد ملابسة و ملابسها بسيطة و المكياج خفيف و شعرها عادي و همة مخلين طن مكياج و ملابسهم كلها وبر و شعرهم جنهم راح يتزوجون و لابسين مليون مشد,1,0,2025-01-13T21:26:11Z,negative,False,"[""quality"", ""other""]",Criticizing the poor appearance and heavy makeup of others compared to a simpler look
youtube_arabic_056,arabic,8560RK9-iWw,UgyT6Qtop8beQWZg6uV4AaABAg,صدك يحجون وحدة لابسة وردي وحدة لابسة فوشي وحدة لابسة بنفسجي 😂؟؟؟ بس اجت جورجينا وغطت عليهممممم بالفخامة والاناقة والشياكة 🙂↔️🪄,3,2,2024-12-19T21:37:53Z,positive,False,"[""product_praise""]",Praising Georgina for her elegance and luxury
youtube_arabic_057,arabic,8560RK9-iWw,UgyTVXPIyP24VhRy5zN4AaABAg,لماذا التنمر هن احلى منها مستورات لكن طريقة استقبالها هو احترام لها لانها ضيفة وغريبة عن البلد ...وحتى قوامها مو مزلوط😂😂😂,10,1,2025-01-21T14:20:15Z,negative,False,"[""other""]",Condemning cyberbullying directed at a visitor
youtube_arabic_058,arabic,8560RK9-iWw,UgyUuU3mznp9FB2tayN4AaABAg,اني من عشاق كريستيانو بس احس الناس مكبريهة حيل يعني هية حلوة بس مو الجمال الي الناس يحجون بي يعني عادية وحلوة بس اكو احلة. والله مو غيرة لو حقد بس صدك انتو تكبرون بل عالم,1,0,2026-05-07T13:12:07Z,neutral,False,"[""other""]",Expressing a balanced opinion about someone's appearance without strong negativity or positivity
youtube_arabic_059,arabic,8560RK9-iWw,UgyVzx3lUFTgAHtpu6x4AaABAg,والله مش بتريق بش اللبس اللي هما لابسينه ده لبس العراايس في مصر يوم الصباحية ومش بتطلع بيه حتي تستقبل ضيوف ده والله الاناقة في الرقي والبساطة,55,4,2025-06-23T06:05:44Z,negative,False,"[""quality"", ""other""]",Criticizing the poor clothing style and lack of elegance.
youtube_arabic_060,arabic,8560RK9-iWw,UgyXtlYCJE_wUlJTd4p4AaABAg,المشكلة ليست في اللبس المشكلة في الثقة في النفس هما باين انهم اول ما شافوها احرجو و بيرتجفة كأنهم شايفين عزرائيل حتى وقفتهم صارت وقفة عجائز,17657,168,2024-12-18T19:08:49Z,neutral,False,"[""other""]",Commentary on people's body language and confidence rather than product attributes
youtube_arabic_061,arabic,8560RK9-iWw,UgyY0V4JTILYng4OC1Z4AaABAg,فعلن خير :ذي الي لبسه بنفسجي مدري شسمه بس خلونا نسميه رقيه والي لبسه وردي فوشي نسميه ساره والي لبسه وردي فاتح نسميه لطيفه رقيه صورت شورت وهي تطقطق على جورجينا عشان لبسه والي معه في بنت معه في الشورت بس ياربي نسيت اسمه وكانت ثلاثا قامو يتنمرو عليه وقدامه زي الكلب معليش بس ذي الحقيقه 🥹🌷قدروني بالايك,1,1,2024-12-14T19:59:09Z,negative,False,"[""other""]",The user is criticizing people for mocking and bullying others in a video.
youtube_arabic_062,arabic,8560RK9-iWw,UgyjFmPCVjQjrc-10t94AaABAg,المشكلة هي اعطاء قيمة لمن لا قيمة له ، فتترسخ في عقول الناس ويربتط في دهنهم ان فلانة خارقة الجمال فيصبح الكل يراها جميلة وحتى اجمل منه كما وقع مع الهيفة,61,2,2025-01-16T18:06:13Z,negative,False,"[""other""]",Critical commentary on how society perceives and values certain public figures
youtube_arabic_063,arabic,8560RK9-iWw,Ugymuw2mi3oUxC_82jt4AaABAg,ليش قله الثقه هذه منهم مع انو كل وحده بالسناب ما شاءالله على ثقتها و ردها 😂😂؟؟كانو مشرفه القاعه دخّلت عليهم و شافتهم بزي الهالويين مو الرسمي😂😂😂😂,1,0,2025-01-20T01:05:47Z,negative,True,"[""other""]",Sarcastic mocking of influencers and their supposed confidence.
youtube_arabic_064,arabic,8560RK9-iWw,Ugyq8tU1MCMgTMEHJeV4AaABAg,عبالهن هنه احلى اطلاله وحده دكل الثانيه اني اغغلى من فستانج ميدرن جورجينا فستانهه نص كليهه وييحجن من وراهه نفس الجلب بس يعني جلب وفي ميصير اكول عليهن جلب,1,0,2025-04-27T21:09:43Z,negative,False,"[""other""]",Harsh criticism and insults directed at people's appearances and dresses
youtube_arabic_065,arabic,8560RK9-iWw,UgytXREXmHxoL14P4Ml4AaABAg,تستحقون يا عرب ! أولا هذا تعبير منها على أنها لا تعطي قيمة للحضور أما لو كانت بدولة أوربية من طبيعة الحال سترتدي آخر ما دُرج ، ثانيا حضرت بعقلية امرأة الاعمال التي ستعقد صفقتها فبلد ينبهر بالتفاهات و تذهب و ليس لأمر آخر,4,0,2025-01-14T00:25:07Z,negative,False,"[""other""]",Expressed strong criticism and disappointment regarding the guest's attitude and appearance.
youtube_arabic_066,arabic,8560RK9-iWw,UgyuuO7bdNTa0RW8d3l4AaABAg,شكلي الوحيدة الي حاسة لبس جورجينا ابد مو زابط لان ضيق كتير وحتى من فوق ضيق ومو مقاسها وطالعة مبهدلة بس الخدعة فين انها مالبست شي يلفت النظر عشان التركيز كله على العطر وينشهر عطرها,1065,22,2025-05-20T21:15:32Z,negative,False,"[""sizing"", ""quality""]",Critique of how poorly the outfit fit and looked.
youtube_arabic_067,arabic,8560RK9-iWw,UgywIc-VAvVF8rLYiJR4AaABAg,الغراب والدجاجات الثلاثة😂😂 تعديل : سعيدة جدا ان تعليقي خلا الابتسامة على وجوه بزاف ناس تحياتي .. نحن نمزح ولا نقصد اهانة أحد 😅,766,29,2024-12-20T22:24:54Z,positive,False,"[""other""]",The user is happy that their comment brought smiles and clarifies it was just a joke without any malicious intent.
youtube_arabic_068,arabic,8560RK9-iWw,UgyyzoX11-ZFchoIOmx4AaABAg,استغفر الله العظيم شو ذا اللبس والعياذ بالله استغفر الله 💚 الحمدالله 🩷 لا اله الا الله 🩵 🫐 الله أكبر 🫀❤️استغفر الله 💚 الحمدالله 🩷 لا اله الا الله 🩵 🫐 الله أكبر 🫀❤️استغفر الله 💚 الحمدالله 🩷 لا اله الا الله 🩵 🫐 الله أكبر 🫀❤️استغفر الله 💚 الحمدالله 🩷 لا اله الا الله 🩵 🫐 الله أكبر 🫀❤️استغفر الله 💚 الحمدالله 🩷 لا اله الا الله 🩵 🫐 الله أكبر 🫀❤️,1,0,2024-12-28T20:20:48Z,negative,False,"[""quality"", ""other""]",Expressed disapproval of the outfit using religious phrases.
youtube_arabic_069,arabic,8560RK9-iWw,UgzArw9JhL6KDXzeFZx4AaABAg,المال يصنع الثقة مثلا قولولي لو انا صح ولا لا اذا دخلت محل بقالة سوبر ماركت وما معاك الا قليل من المال التردد والقلق واحيانا الخوف من ان مالك لن يكفيك وستخرج هنا كيف تكون نفسيتك رغم انك لم تصل لتحاسب بعد ولما يكون محفظتك مليانة ودخلت السوبر ماركت كيف بتكون نفسيتك وانت بتتسوق وكيف نفسيتك وانت امام الكاشير انا رايي ان الثراء الذي وصلتلو أعطاها الثقة والأريحية في التصرف والتعامل مع الناس,32,2,2025-09-17T22:33:10Z,neutral,False,"[""other""]",Discussing the psychological impact of wealth on shopping behavior
youtube_arabic_070,arabic,8560RK9-iWw,UgzE8rlq8zDSJxS2HNt4AaABAg,كانوا يفتحوا فيديوهات هذول البنات قليلات الأدب و يسبوها و هي عازمتهم و قدامها على أساس يحترموها و وحدة قالت جورجيا حسدتني عشان عيني على أساس مهمة بيكم عزمتكم شفقة,1,0,2025-09-15T23:58:14Z,negative,False,"[""other""]",Expressing severe disappointment and criticism of hypocritical behavior.
youtube_arabic_071,arabic,8560RK9-iWw,UgzFNynPAnvqBLLQUY94AaABAg,نصيحة صغيرة، ياليت ما ننشر موسیقی وصور نساء❤خوفًا من حمل ذنب كل شخص سمعها وشافها ، وخوفًا من حمل ذنب المجاهرة بالمعصية، وطاعةً للهِ، وحبًا لجنتهِ,1,0,2024-12-24T19:54:29Z,neutral,False,"[""other""]",Gentle religious and moral advice provided in a calm tone
youtube_arabic_072,arabic,8560RK9-iWw,UgzI09BjTYk3S5jkMfB4AaABAg,اخطاء بالجمله في لبس طورشينا اللون مش حلو عليها ابدااااا طفيها التفصيله جدا مبينه ديفوهات الجسم خصوصي من منطقه الصدر جدا غير مناسب اللوك بوجهه عام مو مناسب للمناسبه عادي جدا جدا وأقل من العادي لكنكم تحبون الغرب وعجبي 🙄🙄,1,0,2025-01-06T08:14:14Z,negative,False,"[""quality"", ""sizing""]","Detailed complaints about the dress design, color, and fit highlighting body flaws."
youtube_arabic_073,arabic,8560RK9-iWw,UgzLhiRer12n5n1ycY14AaABAg,الي يقولون جورجيا لبسها اغلى طيب يمكن غالي بس الافضل ك شكل البنات⚡🌷 ادري كلهم يمدحون جورجينا عشان يحبونها بس⚡⚔️ ما يقولون الصدق 💕 بدون تهجم...🌷💗,1,0,2025-02-19T06:59:23Z,neutral,False,"[""price"", ""other""]",Comparing styles and expressing an opinion on public bias without clear positive or negative emotion.
youtube_arabic_074,arabic,8560RK9-iWw,UgzNWb9z3iPrG9Q2hel4AaABAg,احنا شي ان يوصل 6/27سبعه وعشرين سته الحين 6/23 يوم الاثنين طلبت اشياء تجنن انصحكم تطلبون من شي ان والله يجنن فيه كل شي هههه❤,1,0,2025-06-22T23:02:05Z,positive,False,"[""delivery"", ""product_praise""]",Praising the products and expressing excitement for an early delivery.
youtube_arabic_075,arabic,8560RK9-iWw,UgzR_a4X5-lwbY4zuvh4AaABAg,من ابتغى العزة بغير الاسلام ذل و الله لو لبستم عباية بسيطة و حجابكم فوق راسكم و كنتم مقتنعين بانفسكم ما تجي لا هادي و لا الف زيها يهزوا شعرة من راسكم بس يا اسفي,1,0,2026-01-21T12:55:26Z,negative,False,"[""other""]",Expressing disappointment and religious judgment regarding personal attire and values
youtube_arabic_076,arabic,8560RK9-iWw,UgzTUUr3TxUUGrcwjwh4AaABAg,من شي أن أو غيرها البنت احلا منهم هم شنو لابسين لبسهم يلعب النفس عبالك هذا مال النوم كله ريش و جورجينا احلا منهم باضعاف على شنو شايفات روحهن كلهم عمليات تجميل وثاني شي ترا مو عيب وحده تلبس من شي أن على الأقل مرتب وحلو بس بس هن مو صوجهن صوج اللي عزم هيج نماذج مقرفه,1,0,2024-12-14T07:38:35Z,negative,False,"[""quality"", ""other""]",Strong criticism of the outfits and appearance of influencers
youtube_arabic_077,arabic,8560RK9-iWw,UgzUSk2JmR5fv-oPC0B4AaABAg,نصيحه حاولو تنتبهو من وضع ونشر صور النساء عشان الذنوب فلا يجوز وضع صور النساء بحيث يطلع عليها الرجال سواء في مواقع التواصل أم غيرها، وسواء وضعت الفتاة صورتها أم وضعت صورة غيرها، فكل ذلك من أسباب الفتنة، وقد ثبت في الحديث الصحيح عن أسامة بن زيد ـ رضي الله عنهما ـ قال: قال رسول الله صلى الله عليه وسلم: ما تركت بعدى فتنة هي أضر على الرجال من النساء.,3,0,2024-12-09T22:22:56Z,neutral,False,"[""other""]",Religious advice regarding posting images of women
youtube_arabic_078,arabic,8560RK9-iWw,UgzWYTrQ22ReiliDPLB4AaABAg,ليش كلهم لابسين ريش ماني فاهمة اكمام الريش راحت موضتها اصلا مو حلوة بس ضحكوني كيف قعدو يتمسخرو على نفسهم بعد ما راحت جورجينا😭😭,2,0,2025-07-12T16:51:12Z,negative,False,"[""other""]",Dislikes the feather sleeve fashion trend and ridicules it
youtube_arabic_079,arabic,8560RK9-iWw,UgzWsaBjIDrOeATS8eV4AaABAg,بصراحه مو علشان ديني وبس وربي اصلا ملابسهم الذوق بالسالب لاني ما احب الضيق -الفاقع-التصميم القديم مرا فساتين الحريم والبنت ذي معفنه 🗿💔☝🏻,1,0,2025-04-09T13:30:51Z,negative,False,"[""quality"", ""sizing""]","Strong criticism of clothing style, fit, and overall design."
youtube_arabic_080,arabic,8560RK9-iWw,UgzXV34TEzI10E9SnKd4AaABAg,سمعت كلامهن على هاد اللقاء هم كاو طلبو منهم يلبسو الوان ولباس مناسبات زبالة جرجينا لبست فستان سانمبل عادي وخلاتهم كيشوفو فبعضهم,1,0,2024-12-22T10:36:17Z,negative,False,"[""other""]",Negative criticism of an outfit and event setup
youtube_arabic_081,arabic,8560RK9-iWw,Ugz_w0caRJX8gBvA0LF4AaABAg,اصلا شخص باليوتيوب كال هن البنات ماشيات صح لان فد شي مال عطر وردي لازم كان يلبسون وردي لذلك هن طبقن بس جورجينا خالفت فهي الغلط ونشاز وهن الصح. كافي تقلدون على ناس من جلدتكم,1,3,2024-12-10T21:00:25Z,negative,False,"[""other""]",Criticizing social media mockery of local people compared to public figures.
youtube_arabic_082,arabic,8560RK9-iWw,Ugzcf_NwQaoZOO4NCtd4AaABAg,ترا طبلتوا لها اوفر وربي ستايلها خايس والسنتيانه ضيقه واضح مو مرتاحه لبسها ضيق طلع لها كرش وربي العربيات افضل منها وشذا الانبطاح يا عرب رفعتوها سماء صح اني ما احب البنات العربيات الي بالفيديو ولكن اطلالاتهم صدق كشخه وبارزه وفخمه,2,2,2024-12-22T15:20:22Z,negative,False,"[""sizing"", ""quality"", ""other""]","Criticism of an outfit's fit and style, expressing dislike."
youtube_arabic_083,arabic,8560RK9-iWw,UgzdCKIlJBKfYCOdj1N4AaABAg,خواتهن في الحاره 1_اختي ف إجتماع مع جورجينا 2_ استودعتك الله ي أختي لقطة تجمع اختي الكبيره مع جورجينا 3_سندي مع جورجينا في بارتي خاص,1,0,2024-12-28T01:07:27Z,neutral,False,"[""other""]",Sharing lighthearted posts about a sister meeting Georgina
youtube_arabic_084,arabic,8560RK9-iWw,Ugzu2w7gjgtOJmnWZu94AaABAg,اولا الفرو والترتر استايل تسعينات انا امي هي اللي كانت بتلبس فرو وترتر مش فاهمه استايل اي اللي غالي دا بصراحه اللبس مش بغلاه بالزوق,1,0,2024-12-11T20:37:46Z,negative,False,"[""quality"", ""price""]",Criticizes the style and high price of the clothing
youtube_arabic_085,arabic,8560RK9-iWw,Ugzu4cUOcYfGkZ9391B4AaABAg,وحدة جالسة جنبهم ماسكة تلفونها لابسة اسود ماقامت من مكانها ما بعرف بس حسيتها قاصدة انها ماتعطيها وجه يمكن من الغيرة كأنو مااشفتك بس ماعلينا من هدا كله...ياريت سوو متلها ولا البهدلة هادي 😂😂😂,1,0,2025-08-12T15:12:55Z,mixed,False,"[""customer_service"", ""other""]",The user describes a gossipy observation while expressing amusement at the chaotic situation.
youtube_arabic_086,arabic,8560RK9-iWw,UgzxiXVuHZwuMJPBwpB4AaABAg,نصيحه حاولو تنتبهو من وضع ونشر صور النساء والموسيقى عشان الذنوي ورسم ووضع صور الرسومات الي تشبه الحقيقه كثير وانكم تقولو لناس عن اسماء المسلسلات او الاغاني او البرنامج او القنوات عشان يمكن يكون فيها موسيقى ولا بنات ول رسومات واحد يروح لهم و الله اعلم جزاكم الله خير,9,0,2024-12-09T22:24:12Z,neutral,False,"[""other""]",A religious and moral advice post regarding avoiding sharing images of women and music.
youtube_arabic_087,arabic,8560RK9-iWw,Ugzxob0TE2GVqLqiJNR4AaABAg,لبسهم صح شوي اوفر بس هاد ايفنت مشهور اكيد رح يلبسو شي اوفر تما اللي يحكي لبس جورجينا حلو فهاد ذره الزوق مو عندو وما يفهم بالبس,1,0,2024-12-11T19:50:39Z,negative,False,"[""quality"", ""other""]",Criticizing the outfits worn at a famous event and insulting people who liked them
youtube_arabic_088,arabic,8560RK9-iWw,Ugzya5Pl1Qz8dCesKFp4AaABAg,يعني محدا شاف صدر جورجينا والبرا الي شكلا غلط اوك اطلاله بسيطه بس مو كلاس وكمان الباقي مو حلو بس ما شفت حدا علق على هالنقطه,138,15,2025-01-09T13:11:09Z,negative,False,"[""quality"", ""other""]",Criticizing an outfit's poor appearance and design choices.
youtube_arabic_089,arabic,z9r4kSdW_Kk,Ugw05SF2FuVyyNVY3294AaABAg,حقيقة محزنة: احاول تقديم محتوى جيد 😢 لكن لااحد يشجعني، يارب ارزق الصحة والعافية لكل من يشجعني يارب احفظ له والديه يارب ارزق الذرية الصالحة لكل محروم الله يبيض وجهك❤😢..,1,1,2026-08-30T11:57:46Z,negative,False,"[""other""]",The user expresses sadness about the lack of support for their content
youtube_arabic_090,arabic,z9r4kSdW_Kk,Ugw2xHi5qeDBzz3Zhp94AaABAg,والله احب هاي البنيه ما اعرف ليش فد حبابه واحسها انسانه طيبه وحسها تساعد الناس وحسها يعني قلبها ابيض نظيف ما بي حقد ما ابي كراهيه احسها نظيفه من كل النواحي احسها ام حنونه تحب اطفالها تحب زوجها ربي يحفظهم ان شاء الله,377,5,2026-08-30T12:21:00Z,positive,False,"[""other""]",Expresses genuine affection and admiration for a person
youtube_arabic_091,arabic,z9r4kSdW_Kk,UgwIdtt9gsQcmyfPY-B4AaABAg,حبيبتي ليش الفديوهات الأخيرة الك كلها كانت قصيرة 💔😞بصراحة مااحب هيك فديوهات احبها تكون طويلة لان هيك مانفهم شي ودغري يخلص,1,0,2026-08-30T16:24:41Z,negative,False,"[""other""]",Expresses disappointment regarding the short length of the videos
youtube_arabic_092,arabic,z9r4kSdW_Kk,UgwK6y1Ela6rbvG_gqh4AaABAg,7:31 انتبهى ..كانوا ولادى كبروا وحبت مثل الاساور دول ..قامت بنت أخى فرطتتهم بفمها 😮..وكانت هتبلع منهم بالغلط فى ثانية ..الله ستر وخرجتهم بسرعة من فمها ..لكن رعبتنى وما عاد لبستهم وفى اطفال ابدااا لكن عندى كتير شيلاهم بعيييييد,10,0,2026-08-30T17:03:52Z,negative,False,"[""quality"", ""other""]",Describes a terrifying safety hazard involving children and small bracelets.
youtube_arabic_093,arabic,z9r4kSdW_Kk,UgwWN0um82WPXQwjPiR4AaABAg,سجاده تبع المطبخ الي بيهه رسمات خضروات تركيهه الشتاء دفي تحت رجلين بالشتاء خليهه من توقفو على مجا أو من توقفون على طباخ أو بصف براد الثلاجه دفي بلشتويه,15,0,2026-08-30T11:38:40Z,positive,False,"[""product_praise"", ""quality""]",The user is praising the kitchen rug for keeping their feet warm during winter.
youtube_arabic_094,arabic,z9r4kSdW_Kk,Ugwla3QfXlZ1WFNbaKF4AaABAg,ساره اني قبل ماكنت اعرف اسوي ميكب بس هلا حتى ائرايبي يتون اليه عمود اعمللهم ميكب وقبل كنت اوجه هواي تنمر من وره سماري وعلى رغم اني عاجبني سماري وحيل اضوج من شخص يكلي سمره انت بس اني مو سمره اني حنطاويه ف مذيتني هاي كلمه 🌷,1,0,2026-08-30T18:02:27Z,mixed,False,"[""other""]",The user shares a mix of pride in their makeup skills and success with relatives alongside painful memories of colorism and bullying regarding their skin tone.
youtube_arabic_095,arabic,z9r4kSdW_Kk,Ugxg0fe696IEl1LpdIR4AaABAg,سارة امانة لمن تحكي كلمات انجليزي حاولي اكتبي ترجمتها تحت مع المونتاج لانو كلامتك حلوة وانا بسمعها كتير لكن ما بعرف شو معناها وبتعب بش اضل اكلع من الفيديو واترجمها ومتاكدة في كتير بنات عندهم نفس الطلب بليييز يا حبييي ❤,180,3,2026-08-30T12:10:03Z,positive,False,"[""other""]",Friendly and appreciative request for translation of English words
youtube_arabic_096,arabic,z9r4kSdW_Kk,UgyatIBjIqg38ddxqeZ4AaABAg,مساء الخير كيفكم أنا من سكان أهل غزة و اسفة ع الدخول بالتعليقات والله بس انا طالبه جامعية و الله أنه ساكنين بخيمة و الوضع المالي سيئ كتتير انا مش طالبه غير ادفع حق الساعات الدراسية للجامعة بس لو 3 ساعات والله انا تخصصي تمريض سنة تالته و الحمد لله ومعدلي حلو و بنزل تدريب بتمني تساعديني و كل املي فيك بتمني حدا يساعدني لو بمبلغ بسيط من كل شخص واذا حابب تساعديني ببعتلك رقم جامعتي وانت تسجلهم و ببعتلك كل شي عن الخيمة و كيف وضعنا أمانة تساعدوني 😭😭😭,1,0,2026-09-11T18:57:32Z,negative,False,"[""other""]",A distressed plea for financial assistance with university tuition due to difficult living conditions in Gaza.
youtube_arabic_097,arabic,z9r4kSdW_Kk,UgydbQAUVwtrEjSfPkF4AaABAg,ضحى مو مجرد قصة نشوفها ونسكر الفيديو... ضحى إنسانة تستحق الأمان والحق والوقفة الصادقة. يمكن صوتنا ما يغيّر الماضي، بس ممكن يغيّر مستقبلها. لا تخلّون صوت ضحى يضيع، انشروا قصتها وكونوا سند إلها. 🤍 #انقذوا_ضحى #ساعدوا_ضحى,8,0,2026-08-30T22:57:38Z,negative,False,"[""other""]",A serious plea for justice and support regarding a tragic human situation
youtube_arabic_098,arabic,z9r4kSdW_Kk,Ugz50WtwJrHEQYYpkgd4AaABAg,اعملي ملابس شتاء للجامعة ولخروجات شي ان لانو فايتين على شتاء وجامعة 🤍🦋🎀 وكتيرررر نبسطت انها تحكي مع ابنها عربي مش زي لباقي ❤,3,0,2026-08-30T18:55:16Z,positive,False,"[""other""]",Expressing excitement about winter college outfits and happiness regarding Arabic being spoken
youtube_arabic_099,arabic,z9r4kSdW_Kk,UgzXAur_4jM6ckmmfsB4AaABAg,شكد حلوه طريقه لاينر الي مسويتها يجنن ميكاب مالتج وانتي حلوه بس فيديوهات قصيره واحنه نحبج ياريت طولين فيديو واذا ماعندج افكار هواي افكار ف مثلا احنه هسه بنات مقبلين ع داوم جامعات شوفينه تنسيقات ميكاب مناسب للمكان نصائح أو مثلا الاغلاط الي نجنبها وإذا انتي ماعندج اطلاع تكدرين تسئلين متابعين ويشاركوج اغلاطهم وانتي عرضيهم حته افكار مال مناسبات فساتين ميكاب هيج احنه نحتاج أو مثلا نصائح للبشره روتينات عنايات تجاربج للمنتجات الي تطلع ترند + احبج واثق بكلشي تمدحين بي❤❤❤❤,1,0,2026-08-31T15:23:36Z,mixed,False,"[""product_praise"", ""other""]",Praising the makeup and creator while expressing a mixed desire for longer videos and content suggestions.
youtube_arabic_100,arabic,z9r4kSdW_Kk,UgzucqOW_lTuzd5yiTd4AaABAg,سااارة 🥺🥺🥹 حبيبي سويلنا ڤيد عن تجهيز كامل لأساسيات الجامعة شفت هواية فيدوهات بس كل وحدة تحچي حسب النقص الي عدها نريد ڤيد للبنات البيوتات الي ماعندهم تجهيز سابق .. يكون بي القطع الأساسية الي نحتاجهم ومو فقط الوان رسمية بنهاية لازم الوان تكسر 🥹 رفعو تعليقي بنات 🩵,2,0,2026-08-30T13:57:18Z,positive,False,"[""other""]",Friendly and enthusiastic request for a helpful university preparation video.
youtube_english_001,english,8560RK9-iWw,Ugw-e0sOpvSRqXKSs3V4AaABAg,Kan ky3aybo fiha meli jat 3a dhom welaw ki lklbat tfo ki dayrat hiya be3da hsen menhoum,1,0,2025-01-10T20:58:55Z,mixed,False,"[""other""]","The user criticizes others for hypocrisy regarding her, but also expresses a mixed and aggressive opinion."
youtube_english_002,english,8560RK9-iWw,UgwtPoP3V7FCRz8J47N4AaABAg,"😊Georgina is malicious, she thought all the actresses wore pink, but she even wore black at a party.",1,0,2024-12-18T17:59:15Z,negative,False,"[""other""]",Expresses a negative opinion about someone's malicious behavior and choice of clothing
youtube_english_003,english,8560RK9-iWw,Ugx7iwXPA-YL62_ZCpp4AaABAg,Happy birthday to happy birthday cardi b I live in the internet❤❤ how do you say happy,1,0,2025-07-13T15:47:34Z,positive,False,"[""other""]",Expressing birthday wishes and enjoyment of internet culture
youtube_english_004,english,8560RK9-iWw,Ugxb1bb7SpO2luiYeqB4AaABAg,"I’m surprised to read comments saying how elegant Georgina is. As a woman, I love seeing other women who are beautiful and elegant, but Georgina looks like she’s going to a SHEIN spandex party—even her bra looks too tight. She’s the perfect example of “new rich” trying too hard but not quite pulling it off 😂",1,0,2026-04-01T15:06:58Z,negative,False,"[""quality"", ""other""]",Critical commentary on someone's appearance and outfit being low-quality or tacky
youtube_english_005,english,CJzUfj-5jFQ,Ugw0r03xje9bHiDYDJJ4AaABAg,GURL! Did you forget about us and the 10 days!? Because hun I need my man!😭😭,2,0,2025-05-23T03:32:27Z,negative,False,"[""delivery"", ""other""]",Complaining about a delayed shipment and missing an item.
youtube_english_006,english,CJzUfj-5jFQ,Ugw2JAoMtSzD4c3Ul4N4AaABAg,Counted how many times she said matching and she said it 32 times,1,0,2025-06-05T19:58:04Z,neutral,False,"[""other""]",Observational comment without positive or negative evaluation
youtube_english_007,english,CJzUfj-5jFQ,Ugw2lYdIBiwKJsweJPt4AaABAg,This is the definition of overconsumption like do you really need that many bikinis,1,1,2025-08-09T21:52:27Z,negative,False,"[""other""]",Criticism of excessive buying habits
youtube_english_008,english,CJzUfj-5jFQ,Ugw3YT8PbVKwsz39Vup4AaABAg,please don't buy from shein if you have enough money to buy from brands that don't underpay their workers and use child labor!,40,1,2025-05-23T20:38:27Z,negative,False,"[""quality"", ""other""]",Strong ethical condemnation of the brand and urging people not to buy
youtube_english_009,english,CJzUfj-5jFQ,Ugw5rir7lN9EHpZCTQh4AaABAg,The entire haul is AMAZINGGGGG!!!!🥳❤️❤️❤️❤️❤️💗💗💗😍😍😍😍,1,0,2025-05-21T20:42:45Z,positive,False,"[""product_praise""]",High enthusiasm and praise for the entire haul of products
youtube_english_010,english,CJzUfj-5jFQ,Ugw6TfC_94ItkPKW-_R4AaABAg,Btw dont shop from shein they are know to use child labour and pay their workers literally pennies,1,0,2026-01-05T15:01:12Z,negative,False,"[""other""]",Strong warning against shopping due to unethical labor practices
youtube_english_011,english,CJzUfj-5jFQ,UgwCq965JTZMWz9ypsF4AaABAg,"is their anyway you could make a video on the SHEIN app showing what they are called, I loved everything! I understand if not, I know it is probably very difficult.",1,0,2025-05-29T01:21:57Z,positive,False,"[""product_praise"", ""other""]",The user expresses love for everything they bought and asks for a tutorial video politely.
youtube_english_012,english,CJzUfj-5jFQ,UgwG-IrqGKODTTi7gKV4AaABAg,ok but like when is ONE person gonna use ALL of this along with their current wardrobe??? i smell overconsumption...,1,0,2025-05-30T04:02:38Z,negative,False,"[""other""]",Critique of consumerism and buying too many items
youtube_english_013,english,CJzUfj-5jFQ,UgwG7pVM61DiOSlp2_F4AaABAg,Do you need a new swimsuit each day or!?? And yes I liked my own commenttahh,1,0,2026-05-27T08:28:49Z,neutral,False,"[""product_praise"", ""other""]","Playful comment about wearing a new swimsuit, accompanied by self-like."
youtube_english_014,english,CJzUfj-5jFQ,UgwHtRe4IMHmhHwVxLJ4AaABAg,"the all bikinis so cute but i think don't show your bottoms in the video because there are a lot of malicious ""MEN"" on the internet",1,0,2025-05-24T19:24:14Z,mixed,False,"[""product_praise"", ""other""]",Compliments the cute products while expressing safety concerns about malicious individuals online
youtube_english_015,english,CJzUfj-5jFQ,UgwKFnHz0hY_iQxmvD14AaABAg,"There’s no reason to get 50 bikinis, especially from shein... consumerism like this is not cute",405,19,2025-05-24T05:00:16Z,negative,False,"[""other""]",Criticizing excessive consumerism and buying too many items.
youtube_english_016,english,CJzUfj-5jFQ,UgwKTOOODrA91K8m4WB4AaABAg,You said math/matching 37 times yes I took the time to count it,2,0,2025-05-27T03:30:03Z,negative,False,"[""other""]",Expresses annoyance at someone repeating a word excessively.
youtube_english_017,english,CJzUfj-5jFQ,UgwO1aHCVy7oiPCYEcB4AaABAg,who in their right mind needs that many swim suits,1,1,2025-06-24T20:29:38Z,neutral,False,"[""other""]",Expressing mild surprise or question regarding quantity of a product.
youtube_english_018,english,CJzUfj-5jFQ,UgwOVbXdDraNJyCIp-B4AaABAg,Omg your parents must be so controlling! This year I had to wear a peice of see- through tape to the beach and I thought it was full coverage!! Poor baby.,1,0,2025-07-02T03:48:09Z,negative,True,"[""other""]",Sarcastic mockery of someone's complaint about control
youtube_english_019,english,CJzUfj-5jFQ,UgwTcKcX-Rh5Al-e9Z14AaABAg,what are the bottoms covering? They are so tiny. (not tryna be rude js saying)😊,1,0,2025-07-02T20:49:30Z,negative,False,"[""sizing"", ""quality""]",Expressing dissatisfaction with the extremely small fit of the bottoms.
youtube_english_020,english,CJzUfj-5jFQ,UgwUwcSLGx1t1i_BPhB4AaABAg,She’s bought more bathing suits then there are days in the summer 😂😭😭,6,1,2025-06-12T15:51:58Z,neutral,False,"[""other""]",Humorous observation about someone buying many bathing suits without expressing a direct opinion on the product.
youtube_english_021,english,CJzUfj-5jFQ,UgwgZv4MP_WKVTzjUOd4AaABAg,Not to be mom but are you sure those are the full matching bottoms?😅 but besides that they are super cute! ❤,1,0,2025-05-24T22:09:00Z,mixed,False,"[""sizing"", ""product_praise""]",Expresses concern about the bottoms matching while praising the item as super cute
youtube_english_022,english,CJzUfj-5jFQ,UgwhJJzU5SyyT5vzVlF4AaABAg,Do you even Really care about the World around you or do you just live in your own overconsumption bubble?,1,0,2026-03-21T19:38:31Z,negative,False,"[""other""]",Accusatory statement about consumerism and lack of awareness
youtube_english_023,english,CJzUfj-5jFQ,Ugwkt3gNNPwnw3sESRd4AaABAg,why so many😭 like there’s literally no way she’ll wear them all this summer,3,0,2025-05-24T06:34:18Z,neutral,False,"[""other""]",Expressing mild surprise at having too many items without expressing dissatisfaction or praise
youtube_english_024,english,CJzUfj-5jFQ,UgwnNCTMoH1RGMHANGR4AaABAg,Future self is it going to be anything else than bikini’s?,1,1,2026-02-20T09:50:32Z,neutral,False,"[""other""]",Casual rhetorical question about wardrobe choices
youtube_english_025,english,CJzUfj-5jFQ,UgwpNnkNfvJn9dYAsA54AaABAg,Is it just me or is it that the older u get the smaller the bathing suits get😅😅😅😅,1,0,2025-08-28T03:12:13Z,neutral,False,"[""sizing"", ""other""]",Humorous observation about changing clothing sizes with age.
youtube_english_026,english,CJzUfj-5jFQ,UgwqcUUU07y72nc_2gt4AaABAg,"Omg. I can't believe you are doing this. Shein is sooooo bad for the environment. Also, 100% possible child labor. I can't believe that people who have the means to buy higher quality clothes that help our planet are supporting businesses that should be shut down. This is wild. Horrible consumerism.",2,0,2025-06-14T12:22:00Z,negative,False,"[""quality"", ""other""]",Strong condemnation of the brand's environmental and ethical practices
youtube_english_027,english,CJzUfj-5jFQ,UgwrBL2riY7xhonQJ-R4AaABAg,shein scammed me so my mom won’t let me order from it anymore😢,3,0,2025-05-21T20:40:09Z,negative,False,"[""other""]","The user expresses distress over being scammed, resulting in a ban from ordering."
youtube_english_028,english,CJzUfj-5jFQ,Ugwrwd_HYlEWzsxjBfF4AaABAg,Now the question is how much money did she spend lol😂,2,0,2025-06-17T03:24:43Z,neutral,False,"[""other""]",Amused inquiry about spending without clear positive or negative sentiment
youtube_english_029,english,CJzUfj-5jFQ,Ugwu_lBvSrRI7Eescl54AaABAg,She said matching not including match 33 times 🤭😦😯 i think.,1,0,2025-05-25T18:37:21Z,neutral,False,"[""other""]",General conversational remark with no clear positive or negative stance on products or services
youtube_english_030,english,CJzUfj-5jFQ,UgwzztAuDfMwD4NAL-V4AaABAg,I HAVE LIKE 100 THINGS IN MY CART FOR THE SUMMER THAT IMMA ORDER,1,0,2025-05-26T08:10:23Z,positive,False,"[""other""]",Excitement about buying many summer items
youtube_english_031,english,CJzUfj-5jFQ,Ugx6TBAk8cIENgRXmF54AaABAg,sorry emma but why does one need so many bikinis... like do u need a new one every week?,3,0,2025-06-12T22:05:22Z,negative,False,"[""other""]",Critical question about excessive purchasing habits
youtube_english_032,english,CJzUfj-5jFQ,Ugx8cTf-G2tYhMZ4D1B4AaABAg,do you think a small would be good for a 12-13 year ?,1,0,2026-05-25T18:00:23Z,neutral,False,"[""sizing""]",Asking a question about product sizing for a specific age
youtube_english_033,english,CJzUfj-5jFQ,UgxAzKjjggoVvC0xl0N4AaABAg,so we just going to forget about child labor now? btw im not trying to hate!,1,0,2025-05-28T13:50:28Z,negative,False,"[""quality"", ""other""]",Criticism of ethical practices in manufacturing
youtube_english_034,english,CJzUfj-5jFQ,UgxGEPzF0N0l7bflDet4AaABAg,I love that you are happy but she in is a scam and not the best material at all so try shopping for cloths some where else love you so much love the energy❤️❤️,1,0,2025-07-01T12:01:08Z,mixed,False,"[""quality"", ""product_praise"", ""other""]",The user praises the person's energy but severely criticizes the clothing quality as a scam.
youtube_english_035,english,CJzUfj-5jFQ,UgxGsVDaRvbFXG7FePx4AaABAg,It is disgusting how tiny and inappropriate those bikinis were!🙄🤮,1,0,2025-07-26T21:04:12Z,negative,False,"[""sizing"", ""quality""]",Strong negative reaction to the sizing and appropriateness of the product
youtube_english_036,english,CJzUfj-5jFQ,UgxMDQJpTFSAVcmAHfZ4AaABAg,"For yall wondering, she said ""matching"" 89 times❤❤",1,0,2025-08-17T21:17:44Z,neutral,False,"[""other""]",A casual observation about a video without expressing positive or negative feelings
youtube_english_037,english,CJzUfj-5jFQ,UgxOv17tADX7LMFXe_V4AaABAg,I’m glad you liked the things my siblings and I made !,3,0,2025-05-22T19:51:06Z,positive,False,"[""product_praise"", ""other""]",Expressing gladness over someone liking handmade items
youtube_english_038,english,CJzUfj-5jFQ,UgxS5ZOF3SjkFJ66KKZ4AaABAg,Isn’t this the influencer who is part of that trending sound “how to be the prettiest girl at your school”😭😭,36,3,2025-06-14T05:52:04Z,neutral,False,"[""other""]",Questioning the identity of an influencer without expressing clear positive or negative sentiment
youtube_english_039,english,CJzUfj-5jFQ,UgxWeMWA31-4YisYpGx4AaABAg,Can we talk about climate change and the fact that over consumption and buying to many clothes is harming the environment,3,0,2025-05-24T21:37:42Z,negative,False,"[""other""]",Expressing concern about the environmental harm caused by overconsumption of clothing.
youtube_english_040,english,CJzUfj-5jFQ,UgxX-OEdqDxnXF3tADZ4AaABAg,Yea we know the bottoms are tiny also SHEIN really,1,0,2025-06-07T00:28:16Z,negative,False,"[""sizing"", ""quality""]",Complaint about the bottoms being too tiny
youtube_english_041,english,CJzUfj-5jFQ,Ugx_7ELxflbgfm0JAc54AaABAg,Those 2 pieces were soo cuteee🤭💙 but if i had the body i would wear it to😔✌🏿🥀,2,0,2026-04-20T15:14:38Z,positive,False,"[""product_praise""]",Expresses admiration for the cuteness of the items
youtube_english_042,english,CJzUfj-5jFQ,Ugx_EYZgEe9IyauSm0N4AaABAg,Baby girl calm down I know your not that exited for some swim suites that will break in one day,1,0,2025-05-25T17:18:25Z,negative,False,"[""quality""]",Critiques the poor durability of the swimwear
youtube_english_043,english,CJzUfj-5jFQ,UgxaOhyXQtrVlhHMWx14AaABAg,I never thought I’d actually see someone this excited to support SHEIN.,1,0,2025-05-29T03:12:15Z,negative,True,"[""quality"", ""other""]",Sarcastic remark expressing disbelief or disapproval regarding support for the brand
youtube_english_044,english,CJzUfj-5jFQ,UgxcOrVVQK9mptiv-eh4AaABAg,"The amount of times she said “Bikini top, matching bottoms.” was crazy😂😂😂",5,0,2025-05-24T22:45:49Z,neutral,False,"[""other""]",Amused observation about repetition in a video
youtube_english_045,english,CJzUfj-5jFQ,UgxgEzaUWlmJ8w_3kON4AaABAg,I love that she’s excited but shein is so bad girl.. child labor and fast fashion,1,0,2025-05-26T23:14:07Z,negative,False,"[""quality"", ""other""]","Criticizes the brand for poor quality, child labor, and fast fashion practices"
youtube_english_046,english,CJzUfj-5jFQ,Ugxo-1odTUaf262-DL14AaABAg,I don’t even want to know how much that cost you 😭,2,0,2025-05-24T15:09:11Z,negative,False,"[""price""]",Expressing shock and concern over high cost
youtube_english_047,english,CJzUfj-5jFQ,Ugxrak6ypMIgy2xA7Zx4AaABAg,Guys for anyone wondering clothes come in at 1:22 😂❤acc 2:04 bcs it was pjs,1,0,2025-07-06T21:28:54Z,positive,False,"[""product_praise"", ""sizing""]",Helpful and lighthearted comment with positive emojis about the clothes.
youtube_english_048,english,CJzUfj-5jFQ,UgxuFmZ0Px_3CvZvvx94AaABAg,How can somone even use that many bikinis in one summer😅,1,0,2025-06-15T22:20:48Z,neutral,False,"[""other""]",A lighthearted question about having many bikinis
youtube_english_049,english,CJzUfj-5jFQ,UgxvM9NgvR5_58xHEq14AaABAg,I think she said matching like around 40 times lolll,1,0,2025-06-06T03:56:27Z,neutral,False,"[""other""]",Amused observation without strong positive or negative sentiment
youtube_english_050,english,CJzUfj-5jFQ,Ugxxmsl3tDBdcZompLF4AaABAg,Where are the rest of the bottoms? IM JUST SAYING THEY ARE REVEALING A LOT OK NO HATE,2,0,2025-05-28T15:07:26Z,neutral,False,"[""sizing"", ""quality""]",Expressing mild concern about the fit and design of clothing
youtube_english_051,english,CJzUfj-5jFQ,Ugy1ClVoOnhF_PbEc054AaABAg,This lady just called me broke in 39473939287 different languages,2,1,2025-05-28T00:19:33Z,negative,False,"[""customer_service"", ""other""]",The user is expressing frustration over being insulted by a customer service agent.
youtube_english_052,english,CJzUfj-5jFQ,Ugy2bQ3vyfs6VIUBAdx4AaABAg,I’ll never forget that one video you are how u are I know you haven’t changed,2,0,2025-11-15T16:23:40Z,negative,False,"[""other""]",Expressing negative feelings about someone's unchanging behavior based on a past video
youtube_english_053,english,CJzUfj-5jFQ,Ugy4LNPL68eyTToAp8t4AaABAg,"“how to go from ugly, TO PRETTY” “How to be the pretty friend and not the ‘oh yeah she’s nice’ friend” “here’s how to glow up the night before school” “here how to be the PRETTIEDT girl at ur school”",1,0,2025-06-11T21:32:32Z,negative,False,"[""other""]",Highlights toxic beauty standards and insecurities among young girls.
youtube_english_054,english,CJzUfj-5jFQ,Ugy69X_NdQijODb5uIB4AaABAg,I swear the words top and bottoms are the only words in my vocabulary now🙏,1,0,2026-07-18T03:45:29Z,neutral,False,"[""sizing""]",Expressing a humorous focus on clothing terminology
youtube_english_055,english,CJzUfj-5jFQ,Ugy7R9y0IQDJ5UGVdq54AaABAg,The children in china are crying 😭😭 Edit: omg I'm famous 😂,3750,77,2025-05-21T22:38:07Z,neutral,False,"[""other""]",A humorous viral comment without strong sentiment regarding customer experience
youtube_english_056,english,CJzUfj-5jFQ,Ugy8nMBNWDeGffShzlp4AaABAg,those bikinis are more than every single thing in my room combined 🙏🙏🙏,1,0,2025-05-24T23:48:03Z,negative,False,"[""price""]",Complaining that the bikinis are extremely expensive
youtube_english_057,english,CJzUfj-5jFQ,Ugy91yppo0NjP_LVb8V4AaABAg,OMG you should do the red and white striped bikini top with the blue and white bikini bottoms or the other way around and like make a match for the 4th of July. I know it’s a bit late. 😅😂❤,1,0,2025-07-24T10:06:42Z,positive,False,"[""product_praise"", ""other""]",Enthusiastic fashion suggestion for a holiday theme.
youtube_english_058,english,CJzUfj-5jFQ,UgyA6tO3rQs3m_ka3Tx4AaABAg,She said matching so many times I tried to count but I lost count after 20 but I think it was 35,1,0,2025-10-07T08:17:37Z,neutral,False,"[""other""]",Observational comment about repetition without clear positive or negative feeling
youtube_english_059,english,CJzUfj-5jFQ,UgyDeVm2-t_63K8R8Bh4AaABAg,Not to be rude but those bottoms are not covering anything 😬,1,0,2025-05-31T14:44:02Z,negative,False,"[""sizing"", ""quality""]",The bottoms are way too small and revealing
youtube_english_060,english,CJzUfj-5jFQ,UgyJ5PoWIus64mBsAaN4AaABAg,Girl theyre so cute but how do you afford all that😭😭😭,2,1,2025-05-24T20:09:03Z,neutral,False,"[""price"", ""product_praise""]",Expresses admiration for the items while questioning their affordability
youtube_english_061,english,CJzUfj-5jFQ,UgyL-XLVcTr18nevOTd4AaABAg,”I don’t have a bank account. I have a husband” type shi 😂😂,1,0,2026-04-09T17:34:39Z,neutral,False,"[""other""]",Sharing a humorous lifestyle quote with laughing emojis.
youtube_english_062,english,CJzUfj-5jFQ,UgyLJMX8zRKcYH-ZdaJ4AaABAg,This girl has a whole life’s worth amount of bikinis,1,0,2025-05-22T23:48:56Z,neutral,False,"[""other""]",Observational comment about someone's clothing collection
youtube_english_063,english,CJzUfj-5jFQ,UgyN7wH5t9hWjLTKTet4AaABAg,how are you supposed to tell which is the front and back!!!! They look the same!😭,1,0,2025-05-25T13:52:41Z,negative,False,"[""quality"", ""other""]",Frustrated with the design making it hard to distinguish front and back
youtube_english_064,english,CJzUfj-5jFQ,UgyPaz5jaKz_KDl1R3Z4AaABAg,Are you even gonna get the chance to wear all those bikinis....?,1,0,2025-06-13T06:56:39Z,neutral,False,"[""other""]",A casual question about clothing usage
youtube_english_065,english,CJzUfj-5jFQ,UgygQN7hVRo9MimucfN4AaABAg,1: shein uses child labour 2: those bikinis look like they’re bad quality 3: NO ONE NEEDS THAT MUCH BIKINIS,2,0,2025-06-08T06:04:16Z,negative,False,"[""quality"", ""other""]",Accusations of child labor and bad quality products
youtube_english_066,english,CJzUfj-5jFQ,UgyiN-oyw4vumVqriSF4AaABAg,WHO NEEDS THAT MANY BIKINIS??? CHILD LABOUR ALERT !!️ 🚨,1,0,2025-05-29T19:51:45Z,negative,False,"[""quality"", ""other""]",Expressing shock and ethical concerns regarding mass production and child labor
youtube_english_067,english,CJzUfj-5jFQ,UgypZzK_tp4rbwoeprt4AaABAg,Love ❤❤❤🎉🎉🎉 Btw emma PLS FINISH HOW TO GET A BOY IN 10 DAYS IM ON A CLIFFHANGER HERE 😭,3,0,2025-05-22T18:07:37Z,positive,False,"[""product_praise"", ""other""]",Expresses strong love and excitement for the content while eagerly asking for the next part
youtube_english_068,english,CJzUfj-5jFQ,Ugyqbas7FM0ZVyE_S4l4AaABAg,The amount of times she said “matching” is crazyyy,3906,25,2025-05-25T00:33:55Z,neutral,False,"[""other""]",Observational comment about a video without expressing positive or negative emotion
youtube_english_069,english,CJzUfj-5jFQ,UgyqiJ_5HL29e5BAZcV4AaABAg,I hope you can sleep at night knowing children made those clothes for nothing,2,1,2025-05-24T20:39:31Z,negative,False,"[""quality"", ""other""]",Strong moral condemnation of the manufacturing practices behind the clothing
youtube_english_070,english,CJzUfj-5jFQ,Ugyslqcug_3PMYVFM_d4AaABAg,I love how she called the one bikini bottom that was the same size as all the other bikini bottoms a little bit small like girl did you see the other ones,1,0,2025-07-12T14:17:09Z,neutral,False,"[""sizing"", ""other""]",Commentary on a sizing observation without strong personal praise or complaint.
youtube_english_071,english,CJzUfj-5jFQ,UgywV7xtLKXTeReQj714AaABAg,guys no hate js curious isnt shein like rly bad :0 don't they use rly inhumane methods to make the clothes,2,0,2025-06-21T04:22:46Z,negative,False,"[""quality"", ""other""]",Expressing concern and negative perception regarding unethical manufacturing methods.
youtube_english_072,english,CJzUfj-5jFQ,UgyyvAkkVL9IzCBA-WB4AaABAg,Oh my gosh I love people that shop from SHEIN proudly and give hauls that help know that their quality actually is good and I can trust them more,1,3,2025-06-26T23:00:14Z,positive,False,"[""quality"", ""product_praise""]",The user genuinely expresses love and trust in the quality of the products based on hauls.
youtube_english_073,english,CJzUfj-5jFQ,Ugz0V8P9LyHkMQcIA0B4AaABAg,The definition of consumerism 😂 Like I'm a competitive swimmer and I swim like 4 days a week and I have 3 swim suits for practice and 3 for fun. I thought that was a lot!,943,15,2025-05-22T21:44:54Z,neutral,False,"[""other""]",Sharing a personal observation about swimsuits without expressing a strong sentiment.
youtube_english_074,english,CJzUfj-5jFQ,Ugz0g0IwMrvtrHWBY5d4AaABAg,The clothes are cute children in other countries are being forced to work there for long hours and you’re just like “ooh look at this bikini” idk if you knew about it but please just don’t buy from SHEIN.,1,2,2025-05-24T22:40:03Z,negative,False,"[""quality"", ""other""]",Expresses strong ethical criticism of the brand's labor practices despite cute clothes.
youtube_english_075,english,CJzUfj-5jFQ,Ugz1gbGn-eYVUmxYsbV4AaABAg,You really only need 1 swimsuit and she ordered so many from shein so Js basically a bunch of child labor PS I am not targeting if you shop on shein Ik it’s very cheap so it’s nice for people!,1,0,2025-05-27T14:56:34Z,negative,False,"[""price"", ""quality"", ""other""]",Criticism of Shein regarding child labor and excessive purchases
youtube_english_076,english,CJzUfj-5jFQ,UgzAPSHVPmvwyBCO_Bp4AaABAg,Imagine never wearing a swimsuit twice!(no hate girl❤it was a joke,3,0,2025-05-23T20:07:25Z,neutral,False,"[""other""]",The user is making a lighthearted joke about wearing swimsuits without malicious intent.
youtube_english_077,english,CJzUfj-5jFQ,UgzB_1dnX_BkMoQlCxd4AaABAg,Can someone tell me why SHEIN hasn’t got shut down bc of child labor?,7,1,2025-06-12T10:31:45Z,negative,False,"[""quality"", ""other""]",Strong ethical concern and criticism regarding labor practices
youtube_english_078,english,CJzUfj-5jFQ,UgzFVv99H0aZHrfKwbN4AaABAg,Please someone count how many times she says matching bottoms 💀,1,0,2025-05-25T00:14:55Z,neutral,False,"[""other""]",Amused observation about repetition in a video
youtube_english_079,english,CJzUfj-5jFQ,UgzHtPnpZAU2QMXdFBt4AaABAg,the amount of clothes in her hall is the amount of clothes in my closet 😢,1,0,2025-07-11T15:34:50Z,negative,False,"[""sizing"", ""other""]",Expressing sadness or envy over having significantly fewer clothes than someone else
youtube_english_080,english,CJzUfj-5jFQ,UgzII1-EqKsVJplHumh4AaABAg,I’m sorry but nobody needs that many bikinis especially from SHIEN!!!,2,0,2025-05-24T14:14:53Z,negative,False,"[""other""]",Criticizing someone for buying an excessive amount of items.
youtube_english_081,english,CJzUfj-5jFQ,UgzKDt0dKQc4u1eZGxR4AaABAg,Who needs this many bikinis 😂 Btw I counted and I think around 19 bikinis 😅,1,0,2025-06-11T07:08:57Z,neutral,False,"[""other""]","Lighthearted observation about the quantity of bikinis without expressing praise, complaint, or strong emotion."
youtube_english_082,english,CJzUfj-5jFQ,UgzPLdM8Ixzi4vjd5pZ4AaABAg,Her saying the full coverage ones are a bit small but than saying NOTHING about the ones that are lit so this😅,1,0,2025-05-25T01:11:53Z,mixed,False,"[""sizing"", ""product_praise""]",The review mentions the full coverage ones are small but praises the others as lit.
youtube_english_083,english,CJzUfj-5jFQ,UgzS0MlAfzK2pOjIODd4AaABAg,Those are actually some of the smallest bottoms I’ve done did ever seen ngl 💀,1,0,2025-06-12T02:46:29Z,negative,False,"[""sizing""]",Complains about the bottoms being unusually small.
youtube_english_084,english,CJzUfj-5jFQ,UgzSeNuqcXi1MrYLCo94AaABAg,How can you even possibly use all of those wtf ☠️ peak overconsumption,2,0,2025-05-24T08:54:54Z,negative,False,"[""other""]",Critique of overconsumption and excessive product use
youtube_english_085,english,CJzUfj-5jFQ,UgzTQtyeMUZ--WrIwWx4AaABAg,Those are NOT bathing suit bottoms they look more like thongs to me,1,0,2025-06-18T23:27:57Z,negative,False,"[""sizing"", ""quality""]",Dissatisfaction with the revealing fit and style of the bottoms
youtube_english_086,english,CJzUfj-5jFQ,UgzaQ1ffzd0H8ku24N94AaABAg,No one like this comment if you do your #1 fan of her,1,0,2025-05-22T18:54:22Z,neutral,False,"[""other""]",A generic social media engagement bait comment
youtube_english_087,english,CJzUfj-5jFQ,UgzaeMwdn6kcmhn4haF4AaABAg,The things for me is that when you have to money to shop ethically but you don’t. For some people SHEIN is all they can afford but when you have the money to get that much I’m sure you can afford to shop ethically.,1,0,2025-07-08T06:02:59Z,negative,False,"[""other""]",Criticism of people choosing fast fashion despite being able to afford ethical alternatives
youtube_english_088,english,CJzUfj-5jFQ,UgzcqJF5RCI96kbCjbh4AaABAg,Just so u know I love you but u should be buying from SHEIN it is homophobic anti semtic fast fashion sexist and racist do ur own research and help spread awareness,1,0,2025-06-16T20:41:11Z,negative,False,"[""other""]",Strong condemnation of the brand's ethical practices
youtube_english_089,english,CJzUfj-5jFQ,UgzfWnO297rtf4dCMS94AaABAg,Wait but girl how are u supposed to work out in a tube top..,4,0,2025-06-14T23:26:25Z,negative,False,"[""quality"", ""other""]",Expresses confusion and criticism about the impracticality of the product design for working out.
youtube_english_090,english,CJzUfj-5jFQ,Ugzg6KLz1hbnrg6Dxnx4AaABAg,"Did anyone else comprehend a thing she said? All I heard was “matching, matching, matching, so cute!”",1,0,2025-06-30T19:40:33Z,neutral,False,"[""other""]",Confused commentary on someone's remarks without expressing direct positive or negative emotion.
youtube_english_091,english,CJzUfj-5jFQ,Ugzge5iEGaHrMc77w4d4AaABAg,“All this is such great quality” —— who’s gonna tell her...,1,0,2025-05-26T14:41:29Z,negative,True,"[""quality""]",The quote and reply imply the item quality is actually poor despite the positive literal wording.
youtube_english_092,english,CJzUfj-5jFQ,UgzhGEtK6VP2fe4m-U94AaABAg,holy over-consumerism.. she bought every bikini so i didn’t have to.. 🫢,1,0,2025-06-18T15:22:34Z,negative,False,"[""other""]",Criticizes excessive consumption
youtube_english_093,english,CJzUfj-5jFQ,UgzkjfAoI7Q0ep9ZqSZ4AaABAg,Girl bought more clothes than I own.. lol I have ALOT,1,0,2025-06-27T22:45:14Z,neutral,False,"[""other""]",Amused observation about someone buying many clothes
youtube_english_094,english,CJzUfj-5jFQ,Ugzlkg2JM5Fd3N_Ir1h4AaABAg,Is there ANY WAY u would be able to share the price?? I totally get if it’s your business and don’t want to share but I do want to know bc I would loveeee to get some of those atleast,1,0,2025-06-08T13:43:38Z,neutral,False,"[""price""]",Polite inquiry about the price of a product with genuine interest
youtube_english_095,english,CJzUfj-5jFQ,Ugzpx3eeFEMIDmjKtuF4AaABAg,I think shein’s bikinis and pj’s are probs out of stock now..😂❤,1,0,2026-03-01T14:54:40Z,neutral,False,"[""other""]",Casual observation about product availability without strong positive or negative emotion
youtube_english_096,english,CJzUfj-5jFQ,UgzqWY0LPj9ZFdW0ckB4AaABAg,the 1st bottoms look like they ain’t gunna cover nothing 😭,1,0,2025-05-28T01:20:29Z,negative,False,"[""sizing"", ""quality""]",Expressing concern that the clothing item is too small and revealing.
youtube_english_097,english,CJzUfj-5jFQ,Ugzu1JH32rdqglVuXwF4AaABAg,Omg I can see all of this clothes going in the garbage in years taking YEARS to decompose and all the kids and adults working dollars an hour for these clothes .the over consumption is insane,2,0,2025-05-31T06:21:05Z,negative,False,"[""quality"", ""other""]","Critique of fast fashion, overconsumption, and poor labor practices"
youtube_english_098,english,CJzUfj-5jFQ,Ugzvp-OdVog5hb1VTfF4AaABAg,She has a different bikini for every time she goes swimming 😭😭,2,0,2025-05-26T18:58:19Z,neutral,False,"[""other""]",Observational comment about someone having many bikinis
youtube_english_099,english,CJzUfj-5jFQ,UgzxCM-xxx39rQ-Tjkh4AaABAg,i can’t even tell which side of bottoms is the front vs back omg those are tiny,1,0,2025-07-10T16:02:25Z,negative,False,"[""sizing"", ""quality""]",Frustrated with the ambiguous design and extremely small size of the bottoms
youtube_english_100,english,CJzUfj-5jFQ,UgzyJA1lxFgwVHu6iJN4AaABAg,The fact that she’s so grateful about it warms my heart,81,2,2025-05-22T22:27:15Z,positive,False,"[""other""]",Expresses a warm and happy feeling about someone's gratitude
youtube_mixed_001,mixed,8560RK9-iWw,Ugw8KgON1Zv1tHq-x2p4AaABAg,مسالة Elegance ومش كلشي يفهم فيها 😂😂❤,0,0,2025-08-08T21:57:35Z,positive,False,"[""product_praise"", ""other""]",Playful praise for elegance and good taste
youtube_mixed_002,mixed,8560RK9-iWw,UgwLczkwwLPDrGLj4NV4AaABAg,"الصراحة كلهن يلعبن النفس خصوص ام الاسود She is wearing tight clothes, her charm is obvious, and her underwear is clear",0,0,2025-06-27T00:55:04Z,negative,False,"[""other""]",Disapproving commentary on someone's appearance
youtube_mixed_003,mixed,8560RK9-iWw,UgxDiyJ1Bi8czkWzm2l4AaABAg,مخكم من SHEIN لبسها حقه 2400دولار يعني9000ريال,0,0,2025-07-26T03:42:10Z,neutral,False,"[""other""]",Commentary on the price and brand of someone's outfit
youtube_mixed_004,mixed,8560RK9-iWw,Ugx_774Mv0lWUdwEUO94AaABAg,دوق جرجنا دون المستوى ،vulgaire,0,0,2025-09-04T21:55:34Z,negative,False,"[""quality""]",The user complains that the taste and style are below standard and vulgar
youtube_mixed_005,mixed,8560RK9-iWw,UgxfjCbUlBFg1EH9zK94AaABAg,هي طلبت منهم دريس كود فساتين Pink وهما مقصروش 😂😂😂 بس ده اختلاف ثقافات يعني لو بنت من بنات العرب لابسه نفس فستان جورجينا كانت اتهاجمت طالعين زي الاميرات ومتسترين ❤️❤️,7,0,2025-01-01T03:48:48Z,positive,False,"[""other""]",Complimenting the modest and princess-like appearance of the girls in pink dresses.
youtube_mixed_006,mixed,8560RK9-iWw,UgxnHNeVOc2cd2tjPqZ4AaABAg,"جورجينا لابسه شي بسيط وحلو وكمان اسود وهم زرق ورق وفوگ كل هذا ريش حمام 😂😂😂😂😂🎉 I loved Georgina's outfit so much, it's beautiful, wow 🖤🖤🖤🖤",13,2,2025-04-29T16:01:33Z,positive,False,"[""product_praise"", ""other""]",Expresses strong love and admiration for the outfit despite a humorous observation
youtube_mixed_007,mixed,8560RK9-iWw,UgxrJ7Tsnfr6O18tb2p4AaABAg,معجونيش حتى لبسهم 🥴🥴🥴 بس جورجينا لابسا simple même maquillage simple les accessoires شوية ⁦❤️⁩😎😍,2,0,2024-12-12T01:05:35Z,positive,False,"[""product_praise"", ""other""]",Praising the simple and elegant look of Georgina
youtube_mixed_008,mixed,8560RK9-iWw,UgyApazoSXbqLsqKS8Z4AaABAg,من جنت مراهقه وشفت الكيبوب وbts و exo و بلاك بينك هم تخبلت عليهم وكرهت حياتي والواقع الي عايشته وجنت بس لازمه التلفون و اكره امي وابوي لان جانو يمنعوني و فكرت انتحر هواي مرات وابتعدت عن الصلاه ورب العالمين من كبرت فهمت الوضع وعرفت اهلي ماجانو يكرهوني بس اني جنت على غلط ف بالنسبه لقضية البنات ما اعتقد والدهن اله ايد بقتلهن هنه سون هذا الشي بنفسهن وداخلات هواي بجو المراهقه,0,0,2026-03-05T09:09:04Z,negative,False,"[""other""]",Reflecting on a painful and extreme phase of teenage obsession and detachment from family
youtube_mixed_009,mixed,8560RK9-iWw,Ugyays4dQXGFAfB2W714AaABAg,الbra اللي لابستها مرة غلط 😑💔,0,0,2025-02-24T17:00:07Z,negative,False,"[""sizing"", ""quality""]",Expressing discomfort and dissatisfaction with the fit and feel of the product
youtube_mixed_010,mixed,8560RK9-iWw,Ugz55J9Pt9TEXSJvYKZ4AaABAg,La simplicité fait la beauté. الأناقة في البساطة,0,0,2025-12-02T13:29:22Z,neutral,False,"[""other""]",A general statement about simplicity and beauty
youtube_mixed_011,mixed,8560RK9-iWw,UgzEVuC_pW9NN_MSB814AaABAg,ليش لبسهم كله ريش ومكياجهن over بيشبهن Drag Queens😂,0,0,2024-12-14T19:36:40Z,negative,False,"[""other""]",Criticizes the clothing and makeup choices of the individuals
youtube_mixed_012,mixed,8560RK9-iWw,UgzJW61QJoyYGzs-BNN4AaABAg,رح اقول لكم حاجه بالانجليزي She Clever idea معناها هذه فكرة ذكيه قصدي على فكره جورجينا,0,0,2025-03-06T20:18:39Z,positive,False,"[""other""]",Expresses praise for an idea related to Georgina
youtube_mixed_013,mixed,8560RK9-iWw,UgzOcONHT4RRmD--xP94AaABAg,صدق وناسه وجينا Vip هذا لا لحد يشوفه عيب مفصخ بعد,0,0,2026-07-02T21:42:58Z,negative,False,"[""other""]",Expressed shock and disapproval about inappropriate content
youtube_mixed_014,mixed,8560RK9-iWw,UgzR5AQq0mVOnOil-9h4AaABAg,هما لابسين pink بس جورجينا لابسة plake,1,0,2026-02-06T15:54:15Z,neutral,False,"[""other""]",Observational comment on clothing colors without positive or negative judgment
youtube_mixed_015,mixed,8560RK9-iWw,UgzT7qhhZnBAkutDxv14AaABAg,ملابس النوم لابسين nuisette,4,0,2025-01-07T17:16:57Z,neutral,False,"[""other""]",A neutral statement describing sleepwear.
youtube_mixed_016,mixed,8560RK9-iWw,UgzXPfJxdrLHFzl8wA14AaABAg,SHEIN ❌ كلية ونص✅,0,0,2025-04-07T17:09:31Z,negative,False,"[""quality""]",Comparing SHEIN unfavorably to local quality
youtube_mixed_017,mixed,8560RK9-iWw,UgzY5Pyev8vjOWTBkHd4AaABAg,sagx6f6 كود شي ان خصم,0,0,2026-08-25T11:44:56Z,neutral,False,"[""price""]",Sharing a discount code for Shein
youtube_mixed_018,mixed,8560RK9-iWw,UgzdBXQMGFALylfsfnN4AaABAg,كأنهن طالعات من غرف نومهن hhh,0,0,2025-02-27T11:18:11Z,negative,False,"[""other""]",Critical remark about people's clothing
youtube_mixed_019,mixed,8560RK9-iWw,UgzhprMDjPvlIw9xjTZ4AaABAg,صراحه لبسهم ومكياجهم over 🥲,0,0,2025-10-31T20:23:43Z,negative,False,"[""quality"", ""other""]",Expressing dislike for their clothing and makeup being over the top
youtube_mixed_020,mixed,8560RK9-iWw,Ugzlod8_bRt405GcGu14AaABAg,في مثل فرنسي بيقول “plus simple plus beau”جورجينا طبقت هذا المثل,0,0,2025-08-08T00:23:57Z,positive,False,"[""product_praise"", ""other""]",Complimenting Georgina and applying a French proverb meaning simpler is more beautiful
youtube_mixed_021,mixed,8560RK9-iWw,UgzsAQR5mg-vc6xpfjx4AaABAg,Georgina is the most beautiful girl in the world ترجمووو,0,0,2025-06-15T10:33:09Z,positive,False,"[""product_praise""]",Strong praise for someone's beauty
youtube_mixed_022,mixed,8560RK9-iWw,Ugzt1ac9eZCYn_cogRp4AaABAg,Ana bou7di li la7t ponge li labsa awilii انا الوحيده إلي لاحظت ص*درها لابسه ...,0,0,2025-11-07T01:02:08Z,neutral,False,"[""other""]",Observation about someone's outfit without clear positive or negative sentiment
youtube_mixed_023,mixed,8560RK9-iWw,Ugzx60CJTWFewtA9wTJ4AaABAg,ليه يا عرب تعطو للاجانب قيمة و هم في بلدكم dont care them🎉 نحب اصولنا و تقافتنا و عروبتنا لنعتز بانفسنا متل اجدادنا,0,0,2025-03-07T19:07:02Z,negative,False,"[""other""]",Frustrated expression regarding how foreigners are treated compared to locals
youtube_mixed_024,mixed,z9r4kSdW_Kk,UgwLj1xTVSeAwlT7B1B4AaABAg,حاولت طبق ال make up الكوري اللي عملتيه من فترة.. وما زبط معي😂,0,0,2026-08-30T13:03:42Z,neutral,False,"[""other""]","User is sharing a lighthearted, unsuccessful attempt at recreating a makeup look without expressing genuine anger or joy"
youtube_mixed_025,mixed,z9r4kSdW_Kk,UgwQmPwxNC3A72WJM8x4AaABAg,10:58 شكلو كان حلمان بالCow😂,0,0,2026-08-30T17:04:38Z,neutral,False,"[""other""]",A lighthearted Arabic comment about someone dreaming of a cow
youtube_mixed_026,mixed,z9r4kSdW_Kk,UgwYyFyHO4Qys4G2pVB4AaABAg,ساره ع طاري بتحضري كوري ليه ماتجربي ميكب glow ودي اجرب منتجاتهم بس خايفه يكون كله كذب وما اوثق الا فيك 😭😭😭,0,0,2026-08-30T17:30:16Z,neutral,False,"[""product_praise"", ""other""]",Asking for recommendations and expressing uncertainty about product quality.
youtube_mixed_027,mixed,z9r4kSdW_Kk,UgxDve4NdKhOvRjtqaB4AaABAg,يقصدنا احنا الـ cow 😂🥲,0,0,2026-08-30T16:05:28Z,neutral,False,"[""other""]",Amused comment using emojis about being targeted
youtube_mixed_028,mixed,z9r4kSdW_Kk,UgxWFzdEC2mSipfYcbd4AaABAg,👶: في cow 🤷♀: يا ماما وين الcow؟ sooo cute🤏🥰,2,0,2026-09-11T14:41:45Z,positive,False,"[""product_praise""]",Expressions of fondness and finding the item cute.
youtube_mixed_029,mixed,z9r4kSdW_Kk,UgxmlUCGhZcsnMPgBHR4AaABAg,ساره كنت عم اكل كوكيز لما قال cow بطلت بدي اكل خلاني اتذكر الدايت😭😭😭,0,0,2026-08-31T15:49:15Z,negative,False,"[""other""]","The user is sad because a sound reminded them of their diet, stopping them from eating cookies."
youtube_mixed_030,mixed,z9r4kSdW_Kk,UgyxfH4BWplbp3CjIFt4AaABAg,سارة سوي فديو clean girl,3,0,2026-08-30T15:57:27Z,neutral,False,"[""other""]",A request for a specific video style from a creator
youtube_mixed_031,mixed,z9r4kSdW_Kk,Ugz4PZU7yqSC3WZ2shR4AaABAg,هاي سارة بليز جربي مكياج رينا الجزائرية وأعملي عليه ردة فعل love you❤❤,6,0,2026-08-30T11:27:55Z,positive,False,"[""other""]",Friendly request expressing love and encouragement to try a specific makeup brand
youtube_mixed_032,mixed,z9r4kSdW_Kk,UgzUscjjlDLLnTKBXfh4AaABAg,انا ابني تقريب نفس عمر ويليام مهوس بحيوان بس مو cow لا😂 cat يتجنن من يشوفها,0,0,2026-08-30T15:20:28Z,positive,False,"[""other""]",Affectionate and amused sharing of a personal anecdote about a child's love for cats
youtube_mixed_033,mixed,z9r4kSdW_Kk,Ugzd7bym-dKSsDiC2Q54AaABAg,الله يسامحك ويليام انا 🐮cow,0,0,2026-08-31T15:26:22Z,negative,False,"[""other""]",The user is expressing upset feelings towards William and calling themselves a cow in frustration.
youtube_mixed_034,mixed,z9r4kSdW_Kk,Ugzs1DdgtjwYthWK28V4AaABAg,سارة 👈👉فيكي تسوي ميكاب بابلز يلي لونها اخضر💚 من كرتون فتيات القوة وبس بحبك من الجزائر و You are my favorite makeup artist,1,0,2026-08-30T13:01:43Z,positive,False,"[""other""]",Fan expressing love and requesting a specific makeup look
