id,slice,split,text,gold_sentiment,xlmr_label,xlmr_conf,topic_scores,routed,route_reason,final_sentiment,sarcasm,final_topics,llm_reason,setup
english_test_001,english,test,The #Trump cabinet is an utter disaster. Full of cronies and swamp dwellers. You #MAGA people have been taken. Next…,negative,,,,True,setup_B,negative,False,"[""other""]",Strong criticism of the political cabinet appointments,B
english_test_002,english,test,Obvious Celine Dion should be the #BeautyAndTheBeast movie sound track ..come on bitches is her song 😒,negative,,,,True,setup_B,negative,False,"[""other""]",Strong annoyance expressed about the movie soundtrack choice,B
english_test_003,english,test,"@user @user @user @user @user @user Non-availablity of child vaccines @ Jamui, Bihar hospital**",neutral,,,,True,setup_B,negative,False,"[""customer_service"", ""other""]",Reporting the unavailability of essential child vaccines at a hospital,B
english_test_004,english,test,David Blaine celebrity magic on YouTube right now I am laughing,positive,,,,True,setup_B,positive,False,"[""other""]",User is entertained and laughing while watching a video,B
english_test_005,english,test,I'd love your thoughts on this!,neutral,,,,True,setup_B,neutral,False,"[""other""]",General conversational prompt seeking opinions,B
english_test_006,english,test,Not too late to enjoy #thanksgiving! Buy your fave #sextoys @ using discount coupon codes @user,neutral,,,,True,setup_B,neutral,False,"[""price"", ""other""]",Promotional post offering discount codes for a holiday sale,B
english_test_007,english,test,"#Yemen: hospitals being terrorised by US allied, #Saudi funded anti-Houthi forces in Ta'iz",neutral,,,,True,setup_B,negative,False,"[""other""]",Reports on hospitals being terrorized in Yemen,B
english_test_008,english,test,Excited to be joining the great John Carr at @user tomorrow at 6:30pm to discuss #Pilgrimage. Please join us!,positive,,,,True,setup_B,positive,False,"[""other""]",Expressing excitement and anticipation about an upcoming event,B
english_test_009,english,test,My dad has been reading #TheWalkingDead nonstop for the past two days.,positive,,,,True,setup_B,positive,False,"[""product_praise"", ""other""]",Engaged and enjoying the reading material,B
english_test_010,english,test,"This is a MAJOR FAILURE of the 4th estate. How Russia, Putin and Comey CONSPIRED with @user to steal the…",negative,,,,True,setup_B,negative,False,"[""other""]",Strong condemnation of media and political conspiracy,B
english_test_011,english,test,@user I wish Chavez didn't die young because Maduro is doing terrible.,negative,,,,True,setup_B,negative,False,"[""other""]",Expressing regret over a leader's death and criticizing his successor,B
english_test_012,english,test,"FINALLY watching Love & Happiness!!!  This country is going to miss your family's class, wisdom, love, and patience. #ThankYouObama",positive,,,,True,setup_B,positive,False,"[""other""]",Expresses admiration and appreciation for the Obama family,B
english_test_013,english,test,@user you joke was funny I thought    .Everyone took the piss out of melania trump for copying Michelle's speech .,neutral,,,,True,setup_B,neutral,False,"[""other""]",Discussing a political speech controversy without strong personal sentiment,B
english_test_014,english,test,#Westworld is the greatest work of art I've ever seen on TV. A true masterpiece.,positive,,,,True,setup_B,positive,False,"[""product_praise""]",High praise expressing admiration for the TV show.,B
english_test_015,english,test,"@user @user her attack onTRUMP for""locker room""talk yet she takes sexy pictures she's a hypocrite What…",negative,,,,True,setup_B,negative,False,"[""other""]",Accuses a public figure of hypocrisy regarding past statements and actions.,B
english_test_016,english,test,"In terms of (exclusive) games I'd play on it, I can mostly only think of FFXV, Persona 5 (which I could play on PS3...), and... that's it?",neutral,,,,True,setup_B,negative,False,"[""other""]",Expresses disappointment over the lack of exclusive games,B
english_test_017,english,test,I love how everyone on my TL and dash agrees that they wouldn't have let Miguel wear the hat #ThisIsUs,positive,,,,True,setup_B,neutral,False,"[""other""]",A neutral observation about fan reactions to a TV show plot point,B
english_test_018,english,test,"Hey Colts, nice backup Quarterback, bro. S/Tony Romo #jaymohrsports",positive,,,,True,setup_B,negative,True,"[""other""]",Sarcastic remark criticizing the Colts backup quarterback,B
english_test_019,english,test,Cuban immigrants stranded for days at Reynosa-Hidalgo international bridge#Cuban #Immigration #reynosa #hidalgo…,neutral,,,,True,setup_B,neutral,False,"[""other""]",Factual news report about stranded immigrants,B
english_test_020,english,test,@user @user @user @user Using those Clinton Foundation bucks while there's till money left,negative,,,,True,setup_B,negative,False,"[""other""]",Accusatory political remark,B
english_test_021,english,test,"@user yeah good point, I forgot that veganism requires a lot of thought in that sense! I'm defo with you on vegetarianism though!",positive,,,,True,setup_B,positive,False,"[""other""]",Agreement and friendly discussion about dietary choices,B
english_test_022,english,test,"“I give you a very strong hug and I bless you with my whole heart, together with your parents and your loved ones.”",positive,,,,True,setup_B,positive,False,"[""other""]",Warm and affectionate blessing expressing strong positive feelings.,B
english_test_023,english,test,"A travel call on Grayson Allen. Someplace, somewhere, Tony Bennett smiles.",positive,,,,True,setup_B,neutral,False,"[""other""]",A neutral reference to a basketball referee call and a coach,B
english_test_024,english,test,@user How stupid was that woman not to realize that Trump has always hated Obamacare and will he definitely decimate it.,negative,,,,True,setup_B,negative,False,"[""other""]",Frustrated criticism of a public figure's political views,B
english_test_025,english,test,14. Whats Your Social Security Number ? 🌚😂😭😂😭😂😭😂,neutral,,,,True,setup_B,neutral,False,"[""other""]",Joking question with playful emojis,B
english_test_026,english,test,@user @user found one more.,neutral,,,,True,setup_B,neutral,False,"[""other""]",A simple observational statement without strong sentiment,B
english_test_027,english,test,4. Sookie3. Kirk2. Richard1. Luke#GilmoreGirlsTop4,positive,,,,True,setup_B,neutral,False,"[""other""]",Sharing a personal ranking list of characters from a television show.,B
english_test_028,english,test,"Yay, avocado smashers!!! make gun control tight tight tight!!!!!",neutral,,,,True,setup_B,neutral,False,"[""other""]",Irrelevant commentary on political and cultural topics,B
english_test_029,english,test,Ben Carson for Housing & Urban Development?? 😐 I just can't 😒,negative,,,,True,setup_B,negative,False,"[""other""]",Expresses strong disapproval and disbelief about a political appointment,B
english_test_030,english,test,Watching #thankyouobama on @user this @user 'u make me wanna' remix using that sweet sable 'old times sake' beat was 🔥🔥🔥very unexpected,positive,,,,True,setup_B,positive,False,"[""other""]",Praising a remix video with enthusiastic language,B
english_test_031,english,test,"...""radical acceptance"", a rigorous mental determination to meet head on the most powerful negatives in our lives...",negative,,,,True,setup_B,neutral,False,"[""other""]",Philosophical quote about mental acceptance without positive or negative emotional bias,B
english_test_032,english,test,List of people I'd love to punch in the mouth:1. Grayson Allen2. Josh Norman3. Josh Norman again,negative,,,,True,setup_B,negative,False,"[""other""]",Hostile statement expressing a desire to physically harm specific individuals,B
english_test_033,english,test,To Donald Trump: National Security Memorandum Number One - - #Alternative #Matrix #Vaccines,neutral,,,,True,setup_B,neutral,False,"[""other""]",A political address with random hashtags containing no clear sentiment.,B
english_test_034,english,test,Why focus on #Nusra and overlook Mullahs tyrants of #Iran's terrorists from #Hezbollah #Afghanistan #Iraq who murder Syrians? #AssadMustGo,negative,,,,True,setup_B,negative,False,"[""other""]",Strong political condemnation of regional actors and the Syrian regime,B
english_test_035,english,test,"@user QHP is not medicaid. she's not poor,lower-middle class income - pre-SS pensioner at 64(?). i hope she dies in significant pain.",negative,,,,True,setup_B,negative,False,"[""other""]",Hateful statement wishing death upon someone over a healthcare classification,B
english_test_036,english,test,@user @user we should all refuse to let them call themselves this new cleaned up label They are NEO NAZI WHITE SUPREMACISTS . Evil,negative,,,,True,setup_B,negative,False,"[""other""]",Strong condemnation and moral outrage directed at a group's identity,B
english_test_037,english,test,“Real Madrid Keep Winning Because They Have the World’s Best Players” by @user,positive,,,,True,setup_B,positive,False,"[""other""]",Praising Real Madrid for having the best players and winning,B
english_test_038,english,test,#RetailBroadway Target of the Opera (Mike Pence),neutral,,,,True,setup_B,neutral,False,"[""other""]",Reference to a political public figure and cultural event without expressing explicit sentiment,B
english_test_039,english,test,@user @user @user We haven't forgotten. Still litigating multiple cases while Obama admin says courts don't have jurisdiction.,negative,,,,True,setup_B,negative,False,"[""other""]",Frustrated comment regarding ongoing legal cases and political administration stance,B
english_test_040,english,test,CRAVING TACOS AND SOME ICE CREAM !,positive,,,,True,setup_B,neutral,False,"[""other""]",Expressing a craving for food,B
english_test_041,english,test,#jocox  supporter of #hamas and #fabian and #hoax death to try and stop #brexitthe #remain cancer lost,negative,,,,True,setup_B,negative,False,"[""other""]",Hostile political rant attacking various figures and movements,B
english_test_042,english,test,Gun Control Endangers More Lives Than it Saves  via @user #2A,neutral,,,,True,setup_B,negative,False,"[""other""]",Strong political stance expressing opposition to gun control,B
english_test_043,english,test,You seem like a Grayson Allen kinda guy,neutral,,,,True,setup_B,neutral,False,"[""other""]",A neutral basketball-related comparison.,B
english_test_044,english,test,Today is the feast of St Barbara! Exit #euthanasia Action suggests you make your @user barbiturates see:ch2…,positive,,,,True,setup_B,negative,False,"[""other""]",Post references euthanasia and barbiturates in a concerning manner,B
english_test_045,english,test,"@user I'm probably the only one who listens to the podcast that cares but... Pittsburgh thanks you for Hutchison, he'll win a Cy young😂",positive,,,,True,setup_B,positive,False,"[""other""]",Expresses excitement and high praise for a player named Hutchison joining Pittsburgh,B
english_test_046,english,test,"Just in time to destroy Social Security, Medicare, Medicaid, Health Care, Education, and Freedom of the Press.",negative,,,,True,setup_B,negative,False,"[""other""]",Expresses strong opposition to perceived government cuts,B
english_test_047,english,test,#NowPlaying on Wicca Radio International Folly Of Fracking by Cernunnos Rising #ListenHere,neutral,,,,True,setup_B,neutral,False,"[""other""]",Automated music broadcast share without personal sentiment.,B
english_test_048,english,test,<-Chinese Wife Gets Hubby Off #tits #boob #memek #bispak  #onedirection,neutral,,,,True,setup_B,neutral,False,"[""other""]",Spam or promotional social media post with hashtags,B
english_test_049,english,test,Randall discover some letters #ThisIsUs,neutral,,,,True,setup_B,neutral,False,"[""other""]",A neutral descriptive statement about a TV show plot point,B
english_test_050,english,test,This is what Oligarchy looks like. Democracy is dead and @user under Obama/Clinton(s)/Pelosi/Reid killed it.,negative,,,,True,setup_B,negative,False,"[""other""]",Strong political criticism expressing negative sentiment toward leadership.,B
english_test_051,english,test,@user @user Thank - you. You as well. Hugs and kisses to Matteo and Valentino dear heart. 😘,positive,,,,True,setup_B,positive,False,"[""other""]",Warm and affectionate message expressing gratitude and love,B
english_test_052,english,test,@user ....they haven't read about his history with that wall in Scotland or his shabby business deals.#deplorables bought a lemon,neutral,,,,True,setup_B,negative,False,"[""other""]",Critical political comment expressing disapproval of buyers and business deals.,B
english_test_053,english,test,@user @user  I don't know costs associated with security of a Pres. I do know 8 yrs of Obama admin has taken a huge toll on America.,neutral,,,,True,setup_B,negative,False,"[""other""]",Critical statement about the impact of a past administration on the country.,B
english_test_054,english,test,#onedirection #niallhoran #harrystyles #WWATour best 2 lovely dance 😊❤️ them 👍,positive,,,,True,setup_B,positive,False,"[""product_praise"", ""other""]",Expresses strong appreciation and enjoyment for the performance.,B
english_test_055,english,test,.@calreid opens our panel of #NBAwards Young People's Literature authors. #MiamiBookFair2016,neutral,,,,True,setup_B,neutral,False,"[""other""]",Informational tweet announcing a panelist at an event,B
english_test_056,english,test,@user Never trust Comey😡 if it wasn't for him we would have Hillary 😠 F Comey!! Get rid of him,negative,,,,True,setup_B,negative,False,"[""other""]",Strong anger and hostility expressed towards a political figure,B
english_test_057,english,test,"@user @user Single mothers, white supremacists, eh, what's the difference? Who can say. Who can say.",negative,,,,True,setup_B,negative,False,"[""other""]",Offensive generalization comparing single mothers to white supremacists,B
english_test_058,english,test,How appetising is a Full English Brexit? My latest 'Sideways View' for @user,neutral,,,,True,setup_B,neutral,False,"[""other""]",A neutral question posing a metaphor about politics and food.,B
english_test_059,english,test,Look at Kierra doing her good singing and growling today. #ThankYouObama,positive,,,,True,setup_B,neutral,False,"[""other""]",A casual comment about someone singing with a random political hashtag,B
english_test_060,english,test,I liked a @user video from @user Persona 5 - E3 Gameplay Analysis,positive,,,,True,setup_B,positive,False,"[""product_praise""]",The user explicitly states they liked the video.,B
english_test_061,english,test,"I kinda like the thought of Verlander in St. Louis. Wouldn't command as much as Sale, Cy Young candidate, filthy stuff, lots of Kate Upton.",positive,,,,True,setup_B,positive,False,"[""other""]",Expresses enthusiasm about a potential player trade and his skills,B
english_test_062,english,test,@user She will be hearing my voice on her hesitation to back HRC. I am a MA voter. @user @user @user,neutral,,,,True,setup_B,negative,False,"[""other""]",Expressed political dissatisfaction and intention to voice displeasure to a politician,B
english_test_063,english,test,"Those criticizing her for the ""I thought I was the only one allowed to **** Verlander"" need to find a hobby, and maybe a job.",neutral,,,,True,setup_B,negative,False,"[""other""]",Expresses annoyance and criticism toward people who are complaining about a public figure,B
english_test_064,english,test,It was really fantastic *-* #FantasticBeasts,positive,,,,True,setup_B,positive,False,"[""product_praise"", ""other""]",The user expresses genuine enthusiasm about the movie Fantastic Beasts.,B
english_test_065,english,test,"The Cuban embargo remains for many sectors, as trade grows slowly @user reports from…",negative,,,,True,setup_B,neutral,False,"[""other""]",Objective reporting on the ongoing Cuban embargo and slow trade growth.,B
english_test_066,english,test,(Slideshow) the unintended ways #SelfDrivingCars will change our lives - $TSLA $UBER $GM $F $BMW $GOOG,positive,,,,True,setup_B,neutral,False,"[""other""]",Sharing an informative slideshow about self-driving cars without expressing a strong opinion,B
english_test_067,english,test,Exactly right and the problem. #Hamas and the #PA both PROMOTE the idea of their people dying to fuel their war.,negative,,,,True,setup_B,negative,False,"[""other""]",Strong condemnation of political leadership exploiting deaths,B
english_test_068,english,test,I just want the semester to be over so I can watch Westworld and Insecure without guilt,positive,,,,True,setup_B,neutral,False,"[""other""]",Expresses a desire for the semester to end to relax,B
english_test_069,english,test,@user @user @user I have yet to hear of any help from Obama admin. ..please post info if you have it. Thanks!,negative,,,,True,setup_B,negative,False,"[""customer_service"", ""other""]",Frustration over lack of help or response from the administration,B
english_test_070,english,test,Got to show the boys in Tipp the way to the Kingdom of Kerry!,neutral,,,,True,setup_B,neutral,False,"[""other""]",Casual sports or travel related statement,B
english_test_071,english,test,@user you shut your mouth Grayson Allen is a saint,negative,,,,True,setup_B,negative,False,"[""other""]",Aggressive defense of Grayson Allen,B
english_test_072,english,test,Sentinel Editorial: FBI’s Comey ‘had no one of middle class families.,neutral,,,,True,setup_B,neutral,False,"[""other""]",Headline discussing public figures without emotional polarity,B
english_test_073,english,test,I think this guy was a reasonable person involved in the Alt-right;  he's dropping the label since the Nazi salute…,neutral,,,,True,setup_B,neutral,False,"[""other""]",Commentary on an individual dropping a political label,B
english_test_074,english,test,We just tried @user #VR in our @user and loved everything about it!https://t.co/TbrBW2fwx6,positive,,,,True,setup_B,positive,False,"[""product_praise"", ""other""]",The user expresses love and enthusiasm for trying out the VR experience.,B
english_test_075,english,test,@user @user It all comes together if electors go with the popular vote. Dun dun DUNNNN!,neutral,,,,True,setup_B,neutral,False,"[""other""]",Commentary on the electoral process without strong emotional polarity,B
english_test_076,english,test,@user @user France. Be very afraid of Marine Le Pen,negative,,,,True,setup_B,negative,False,"[""other""]",Warning against a political figure,B
english_test_077,english,test,Steve Bannon is the chief strategist for Donald Trump's presidential staff. Read more about Bannon here:,neutral,,,,True,setup_B,neutral,False,"[""other""]",Factual statement providing political information.,B
english_test_078,english,test,Electoral College must reject Trump #rejecttrump #notmypresident #takingbackdemocracy #blacklivesmatter #nevertrump,negative,,,,True,setup_B,negative,False,"[""other""]",Strong political opposition and call to action against Trump,B
english_test_079,english,test,George Soros Exposed as Money Behind Anti-Trump Protests/Riots#tcot #pjnet #p2,negative,,,,True,setup_B,negative,False,"[""other""]",Accusatory political statement about protests,B
english_test_080,english,test,The radical left positioned Trump as a Nazi when they themselves r deeply anti Semitic and their riots are mini Intifadas. Keith Ellison.,negative,,,,True,setup_B,negative,False,"[""other""]",Highly charged political criticism condemning left-wing figures and groups,B
english_test_081,english,test,#Israel is threatened by a more capable and deadly #Hezbollah,negative,,,,True,setup_B,negative,False,"[""other""]",Expresses concern over a military threat,B
english_test_082,english,test,@user @user The team plays at a different level when you are in the game. It's great that you're back. Happy thanksgiving.,positive,,,,True,setup_B,positive,False,"[""product_praise"", ""other""]",Expresses joy and high praise for the player's return.,B
english_test_083,english,test,Also low-key wanting to look into veganism & vegetarianism? I'm feeling like trash & want to do something good for my diet and the earth.,neutral,,,,True,setup_B,neutral,False,"[""other""]",Expressing a personal thought about exploring veganism and diet changes.,B
english_test_084,english,test,"With a gun to my head, The Stranger Song might be my favourite Leonard Cohen song... only because it's emotional trajectory is so familiar",positive,,,,True,setup_B,positive,False,"[""product_praise""]",Expresses strong admiration for a specific song,B
english_test_085,english,test,whew god damn lea michele is so sexy #LeaMichele #ScreamQueens #Hester #Booty,positive,,,,True,setup_B,positive,False,"[""product_praise""]",Expressing strong admiration and attraction towards the celebrity.,B
english_test_086,english,test,"@user Your President Elect has called for drone strikes vs. innocent women and children, why are ""Christians"" ok with that?",negative,,,,True,setup_B,negative,False,"[""other""]",Expresses strong anger over political violence and perceived hypocrisy,B
english_test_087,english,test,@user we're thankful for Grayson Allen TBH,positive,,,,True,setup_B,positive,False,"[""other""]",Expressing gratitude and appreciation for Grayson Allen,B
english_test_088,english,test,una de mis favoritas. #NowPlaying The (Shipped) Gold Standard de Fall Out Boy ♫,positive,,,,True,setup_B,positive,False,"[""product_praise"", ""other""]",Expressing that the song is a favorite,B
english_test_089,english,test,"Flashback #ObamaShutDown: Dems reject GOP proposal, would cut 75% Obamacare subsidy for Congress  #UniteBlue #PJNet",negative,,,,True,setup_B,neutral,False,"[""other""]",Political commentary on a legislative flashback,B
english_test_090,english,test,Our #MannequinChallenge it's only 10 secs tho 😂😂😂,positive,,,,True,setup_B,neutral,False,"[""other""]",Sharing a lighthearted social media trend video without any strong positive or negative emotion.,B
english_test_091,english,test,"@user sure us liberals can be annoying, but this doesn't negate issues of inequality. He is locked onto the same pts over & over",negative,,,,True,setup_B,negative,False,"[""other""]",Critical commentary on political discourse and inequality,B
english_test_092,english,test,I liked a @user video Nougat 7.1 for Samsung Galaxy Note 4 (SM-N910V) CM 14.1 trltevzw,positive,,,,True,setup_B,positive,False,"[""other""]",User expressed liking a video about software.,B
english_test_093,english,test,"@user @user trump already broke  cuba embargo, so that part is taken care of i guess diplomacy in 140 in not good policy.",neutral,,,,True,setup_B,negative,False,"[""other""]",Critical commentary on political diplomacy and foreign policy,B
english_test_094,english,test,We cannot afford to ignore the conflict in #Yemen #protecthumanity #stopindifference,neutral,,,,True,setup_B,negative,False,"[""other""]",Expresses serious concern and urgency regarding a humanitarian conflict,B
english_test_095,english,test,"@user When will, the theme for Ryuji from Persona 5 be available in Europe? #BetterLateThanNever #P5 #Ryuji",positive,,,,True,setup_B,neutral,False,"[""other""]",Asking a straightforward question about the release of a theme in a specific region.,B
english_test_096,english,test,You don't need that stuff u got ok lifes just live it were ok Kim Jong un take a bath look at ur boobies,neutral,,,,True,setup_B,neutral,False,"[""other""]",Nonsensical and incoherent social media post,B
english_test_097,english,test,"So wait, $30 of Burger King at LAX is NOT a good idea before my 5 hour flight? WHY DIDN'T ANYONE STOP ME #NationalFastFoodDay",negative,,,,True,setup_B,negative,True,"[""price"", ""other""]",Sarcastic regret over spending money on fast food before a flight,B
english_test_098,english,test,@user @user @user @user @user @user @user  That didn't take long-GOP=Special interest.,negative,,,,True,setup_B,negative,False,"[""other""]",Critical political comment about the GOP,B
english_test_099,english,test,Karan Mahajan reading from THE ASSOCIATION OF SMALL BOMBS #MiamiBookFair2016 #NBAwards,neutral,,,,True,setup_B,neutral,False,"[""other""]",Factual announcement of an author reading at an event,B
english_test_100,english,test,American Radical Christianity seems to love hate-spewing Marine Le Pen 😂🙄,negative,,,,True,setup_B,negative,False,"[""other""]",Critique of political views and religious alignment,B
arabic_test_001,arabic,test,#دبي_اليوممفوض برلين للشؤون الروسية: موسكو مصدومة من الانتقادات الدولية حول حلب http,negative,,,,True,setup_B,neutral,False,"[""other""]",A factual news report about international reactions to the situation in Aleppo.,B
arabic_test_002,arabic,test,إصابة 16 جندياً #روسياً في حادث طائرةhttp #امل_عباس,negative,,,,True,setup_B,neutral,False,"[""other""]",News report about a military plane accident without personal sentiment,B
arabic_test_003,arabic,test,أكدت مصادر رسمية لـ «الحياة»أمس، أن وفداً سعودياً رفيعاً سيزور #بيروت غداً (الإثنين) للقاء رؤساء الجمهورية العماد #ميشال_عون,neutral,,,,True,setup_B,neutral,False,"[""other""]",Factual news report about an official visit,B
arabic_test_004,arabic,test,ملكة على عرش كل الاستفتاءات👑 #نادين_نسيب_نجيم @user http,positive,,,,True,setup_B,positive,False,"[""product_praise""]",Praising Nadine Njeim as a queen in polls with supportive crown emojis,B
arabic_test_005,arabic,test,لسه بمسك الفرشاة وبجيب شعرى على الجمب واقلد ميريام فارس،مبعرفش انام غير على بطنى،بستعمل شامبوو جونسون، بحب الاقلام… http,neutral,,,,True,setup_B,neutral,False,"[""other""]",Sharing random personal habits and preferences in a casual manner,B
arabic_test_006,arabic,test,🔴 مستشار روسي: موسكو أبلغت الأسد بأنه لا حل عسكريا بسوريا,neutral,,,,True,setup_B,neutral,False,"[""other""]",Reporting a political statement without expressing personal sentiment,B
arabic_test_007,arabic,test,"حال الرئيس #ميشال_عون يقول:""اللي نطر سنتين ونص كرمال الرئاسة وما تراجع بينطر  كم يوم زيادة كرمال الحكومة..""",neutral,,,,True,setup_B,neutral,False,"[""other""]",A factual or neutral political quote regarding the formation of the government.,B
arabic_test_008,arabic,test,http فارس💕 غافي💕 وتصبحون على خير http,positive,,,,True,setup_B,positive,False,"[""other""]",Sweet and warm bedtime greeting to followers,B
arabic_test_009,arabic,test,للمرة الأولى ميريام فارس تنشر فيديو لطفلها جايدن وتنهال عليها التعليقات...وشاهد زوجها الوسيم وصور زفافها... http,positive,,,,True,setup_B,neutral,False,"[""other""]",Objective reporting of celebrity news without expressing personal sentiment,B
arabic_test_010,arabic,test,@user والله ثم الله لاجيبك على وجهك لو انك في قلعة وادرين في لبنان او فلسطين جايبك جايبك و بعدها بعلقك و ادخل سيم مجمر في مكوتك يالكلب,negative,,,,True,setup_B,negative,False,"[""other""]",Violent threats and abusive language.,B
arabic_test_011,arabic,test,@user إيران و روسيا  وش تسوي في سوريا  تزرع  ورد و توزع هدايا  هناك  لا بارك الله فيهم,negative,,,,True,setup_B,negative,False,"[""other""]",Strong condemnation of military actions by Iran and Russia in Syria,B
arabic_test_012,arabic,test,@user ولو لك في حد غير أكيد نوال الزغبي,positive,,,,True,setup_B,neutral,False,"[""other""]",Mentioning an artist without expressing clear sentiment,B
arabic_test_013,arabic,test,شاهد لأول مرة بالصور ميريام فارس ترتدي الحجاب: http via @user,neutral,,,,True,setup_B,neutral,False,"[""other""]",Sharing a news link about a celebrity without expressing personal opinion.,B
arabic_test_014,arabic,test,تابعوا الفنانة #ميريام_فارس في #حفلات_في_دبي_مول الليلة بالقرب من الواجهه المائية لنافورة دبي… http,positive,,,,True,setup_B,neutral,False,"[""other""]",Informational announcement about an upcoming concert event,B
arabic_test_015,arabic,test,لولا حزب الله وتضحيات مقاوميه واحتضان بيئته الحاضنة لهلم يكن هناك من لبنان لتتصارعوا على سرقته والاستئثار بالمناصب التي تحمي فسادكم.,negative,,,,True,setup_B,negative,False,"[""other""]",Critical political statement about corruption and the state of Lebanon,B
arabic_test_016,arabic,test,#ميريام_فارس تنشر الفيديو الأول لابنها جايدن @user http http,neutral,,,,True,setup_B,neutral,False,"[""other""]",Factual sharing of a celebrity news update without positive or negative opinion,B
arabic_test_017,arabic,test,كل ما فيكي جميلبراءة وجهك ،، وإبتسامتك اللطيفة ،، وعيناكي الفاتنتان😘😘😍😍🌷يسعد مساكي ندوون@nadinenjeim… http,positive,,,,True,setup_B,positive,False,"[""product_praise"", ""other""]",Expressing admiration and compliments,B
arabic_test_018,arabic,test,يسعدلي كل أوقاتكم ♡بليز لا تنسوا تصوتوا للنجمة #نادين_نسيب_نجيم على هالرابط ك أفضل ممثلة لبنانية وملكة جمال لبنانيةhttp,positive,,,,True,setup_B,positive,False,"[""other""]",Friendly and enthusiastic call to vote for a celebrity,B
arabic_test_019,arabic,test,#وعد: قراءة في جريمة #الاختفاء_القسري في التشريع البحرينيhttp #البحرين #تونس #الكويت #لبنان #Bahrain,neutral,,,,True,setup_B,neutral,False,"[""other""]",Sharing an article or legal reading regarding enforced disappearance in Bahrain,B
arabic_test_020,arabic,test,راموس يضع شروط تعجيزية قبل تجديد عقده مع ريال مدريد http,negative,,,,True,setup_B,neutral,False,"[""other""]",A neutral news headline reporting on Ramos contract conditions with Real Madrid,B
arabic_test_021,arabic,test,بالصور.. #الرئيس_ميشال_عون يحقق حلم هذه الشابة.. ما هو؟#شعب_لبنان_العظيم http,positive,,,,True,setup_B,neutral,False,"[""other""]",News headline reporting an event without taking a positive or negative stance,B
arabic_test_022,arabic,test,الرئيس عون والرئيس الحريري مستعجلان على اطلاق ورشة البناء في لبنانhttp,positive,,,,True,setup_B,neutral,False,"[""other""]",A factual statement about political figures and their urgency to start building work in Lebanon,B
arabic_test_023,arabic,test,@user @user #القوات_اللبنانية أضحت الحليف الحديدي للرئيس #ميشال_عون رئيسك و تاج راسك و تاج راس كل لبناني,positive,,,,True,setup_B,neutral,False,"[""other""]",A political statement regarding alliances without explicit positive or negative product sentiment,B
arabic_test_024,arabic,test,"@user @user اين من هؤلاء ""برجت باردو"" التي قامت بحملة ضد المسلمين في فرنسا لانهم بذبحون الأغنام في اعيادهم بكل قسوة!",negative,,,,True,setup_B,negative,False,"[""other""]",Criticizing someone for anti-Muslim campaigns regarding religious slaughter,B
arabic_test_025,arabic,test,مسؤول كبير في وزارة الخارجية التركية ينفي ابرام اي “صفقة” سرية مع موسكو حول سوريا http http,neutral,,,,True,setup_B,neutral,False,"[""other""]",Factual news report regarding a statement by a Turkish foreign ministry official.,B
arabic_test_026,arabic,test,"http عرض يحاكي ""معركة موسكو"" عام 1941",neutral,,,,True,setup_B,neutral,False,"[""other""]",Objective sharing of an event exhibition,B
arabic_test_027,arabic,test,اخر اخبار الفن ميريام فارس تشارك محبيها بفيديو جديد لمولودها.. شاهد http http,positive,,,,True,setup_B,neutral,False,"[""other""]",A neutral news update about a celebrity,B
arabic_test_028,arabic,test,تتوفر رواية شبابيك في بلاد حزينة في #معرض_جدة_الدولي_للكتاب جناح مؤسسة الانتشار العربي (لبنان - جناح ٥٤٠) http,neutral,,,,True,setup_B,neutral,False,"[""other""]",Informational post about book availability at a fair,B
arabic_test_029,arabic,test,وداد جابر: ميشال عون لن يكمل ولايته #للنشر,negative,,,,True,setup_B,neutral,False,"[""other""]",A factual quote or news statement about a politician's term,B
arabic_test_030,arabic,test,جنتي على الأرض😌🌸 #نادين_نسيب_نجيم @user http,positive,,,,True,setup_B,positive,False,"[""product_praise"", ""other""]",Expresses high admiration and affection using a positive phrase,B
arabic_test_031,arabic,test,عادة ما يطلق على من يترك دراسته بالجامعة بالشخص الفاشل. ويندوز، أبل، تويتر، فيسبوك، أوراكل، واتساب، أوبر، وغيرها كث… http,negative,,,,True,setup_B,neutral,False,"[""other""]",Sharing an inspiring fact about successful people who dropped out of university,B
arabic_test_032,arabic,test,اجتماع وزراء روسيا وتركيا وايران يجتمعون في موسكو غدا لمناقشة الوضع في #حلب  اين النظام السوري اللي هنئته يا… http,negative,,,,True,setup_B,negative,False,"[""other""]",Critical political comment regarding the Syrian regime and international meetings.,B
arabic_test_033,arabic,test,فادي الأعور: الرئيس ميشال عون وحده الذي يعلن عن تحركاتهhttp http,neutral,,,,True,setup_B,neutral,False,"[""other""]",A factual statement about a political figure's movements without expressing sentiment.,B
arabic_test_034,arabic,test,@user @user المرأة في الغرب الحضاري⬛ مظاهرات في فرنسا لارتفاع قضايا الاغتصاب ⬛http,negative,,,,True,setup_B,negative,False,"[""other""]",Highlighting a negative social issue in the West regarding protests against rape cases,B
arabic_test_035,arabic,test,@user طقس العرب اخباركم دأئماً متاخرة ولاعندكم مصدر لتحري الطقس يخص بكم,negative,,,,True,setup_B,negative,False,"[""delivery"", ""other""]",Complaining that the weather news is always late and lacks a reliable source,B
arabic_test_036,arabic,test,"قضاء فرنسا يدين مديرة صندوق النقد الدولي بتهمة""الاهمال""عندما كانت وزيرة، الذي قد يكون سمح باختلاس ضخم لأموال عامةلصالح رجل أعمال فرنسي #فساد",negative,,,,True,setup_B,negative,False,"[""other""]",Reporting on a corruption conviction of a public official,B
arabic_test_037,arabic,test,إبتسامتك اﻷعجوبه الثامنة ...وأما السبع السابقات كلها أنتِ😍😍🌷😘😘@user#نادين_نسيب_نجيم http,positive,,,,True,setup_B,positive,False,"[""product_praise""]",Expressing deep admiration and compliments towards Nadine Njeim,B
arabic_test_038,arabic,test,رئيس البنتاغون الأسبق يحذر من المبالغة بتقييم تعاطف تيليرسون مع موسكوقال وزير الدفاع الأمريكي الأسبق روبرت غيتس... http,neutral,,,,True,setup_B,neutral,False,"[""other""]",News report regarding political statements without emotional bias,B
arabic_test_039,arabic,test,شركة ابل مستحيل تدعم صفحة فيسبوك او اى صفحات اخرى لو فى صفحة هتكون لهم فقط مش دعمأقرب ابل ستور ليك فى الوطن العربى  فى الإمارات غير كدا بلح,negative,,,,True,setup_B,negative,False,"[""customer_service"", ""other""]",Complaining about the lack of official Apple support and stores in the Arab world outside the UAE,B
arabic_test_040,arabic,test,جريدة الموجز elmogaz#الوجزشاهد .. #ميريام_فارس تشارك متابعيها بفيديو جديد لطفلها جايدنالتفاصيل عبر الرابط:... http,positive,,,,True,setup_B,neutral,False,"[""other""]",A factual news headline sharing a celebrity video,B
arabic_test_041,arabic,test,@user @user @user @user الا أوهن كل حروبها كانت خلف امريكا في العراق وخلف روسيا في سوريا وعملتها طاايحه اقتصاد هزيل,negative,,,,True,setup_B,negative,False,"[""other""]",Criticism of foreign military interventions and economic decline,B
arabic_test_042,arabic,test,#الاقتصاد #أستراليا و #فرنسا ستوقعان صفقة غواصات بأكثر من 36 مليار دولار غداًhttp http,neutral,,,,True,setup_B,neutral,False,"[""other""]",A factual news report about an upcoming economic deal between Australia and France,B
arabic_test_043,arabic,test,حقول الخزامى  في فرنسا#france#traveltuesday #travel #tourism #hotels #i_like_it #island… http,neutral,,,,True,setup_B,positive,False,"[""other""]",Appreciative post sharing lavender fields in France with travel tags.,B
arabic_test_044,arabic,test,الله يخلي لنا هالضحكة وصاحبتها 😍😍😍😍💗💗💗💗💗🙏🙏 @user #nadinenassibnjeim #nnn #star #actress #نادين_نسيب_نجيم… http,positive,,,,True,setup_B,positive,False,"[""product_praise""]",Warm and affectionate praise for the celebrity,B
arabic_test_045,arabic,test,لافروف: نأمل أن يتيح الاجتماع الروسي الإيراني التركي في موسكو إحراز تقدم في تسوية الأزمة السورية أعرب وزير... http,positive,,,,True,setup_B,neutral,False,"[""other""]",News report about Lavrov's statement regarding the Syrian crisis,B
arabic_test_046,arabic,test,فيديو: 10 منشورات فيسبوك غبية ألقت بأصحابها في السجن http,negative,,,,True,setup_B,neutral,False,"[""other""]",Sharing a news video title about people arrested for Facebook posts.,B
arabic_test_047,arabic,test,@user من موسكو,neutral,,,,True,setup_B,neutral,False,"[""other""]","A brief, factual mention of a location.",B
arabic_test_048,arabic,test,Mougleta تطرح البومها من لبنان http,neutral,,,,True,setup_B,neutral,False,"[""other""]",Factual news update about an artist releasing an album from Lebanon,B
arabic_test_049,arabic,test,التحكم المروري: حركة المرور كثيفة من اوتوستراد زوق مكايل باتجاه مفرق غزير وصولا الى كازينو لبنان من دون عوائق http,neutral,,,,True,setup_B,neutral,False,"[""delivery""]",Traffic report providing objective information on road conditions,B
arabic_test_050,arabic,test,لدى ريكي مارتن !! لكن هي عملة ههههههه http,negative,,,,True,setup_B,neutral,False,"[""other""]",Amused observation about a currency named like Ricky Martin,B
arabic_test_051,arabic,test,تصويتكم للمبدعة #نادين_نسيب_نجيم 😍😍😍http,positive,,,,True,setup_B,positive,False,"[""product_praise""]",Enthusiastic expression of support and admiration for the celebrity,B
arabic_test_052,arabic,test,الممثلة #نادين_نسيب_نجيم ترفض المشاركة في المسلسلات الخليجية وأداء اللهجة لأنها لهجة صعبة. http,neutral,,,,True,setup_B,neutral,False,"[""other""]",Factual news reporting about an actress's statement.,B
arabic_test_053,arabic,test,بالفيديو – الصين تتابع باهتمام وصول الرئيس ميشال عون الى سدّة الرئاسة.. (Video) – Agoraleakshttp,neutral,,,,True,setup_B,neutral,False,"[""other""]",Sharing a news video about political events without expressing personal opinion.,B
arabic_test_054,arabic,test,#نادين_نسيب_نجيمنجمة الشاشة العربية بوقت الحالي 💗😍,positive,,,,True,setup_B,positive,False,"[""other""]",Expresses admiration and praise for the celebrity,B
arabic_test_055,arabic,test,@user بدّي أسالك سوءال انت هلاء شو بيعنيلك الرءيس ميشال عون,neutral,,,,True,setup_B,neutral,False,"[""other""]",Asking a neutral question about a political figure without expressing personal sentiment,B
arabic_test_056,arabic,test,الواحد مبيفتحش فيسبوك عشان البهايم انتوا تجيبوا بوستس البهايم تحطوهاله هنا طبعا,negative,,,,True,setup_B,negative,False,"[""other""]",Expressed strong frustration and insult towards the content shown on the platform,B
arabic_test_057,arabic,test,اهو طلع عجله يا مصر .... ماشي يا مصر http,negative,,,,True,setup_B,negative,False,"[""other""]",Expressing disappointment and frustration directed at Egypt,B
arabic_test_058,arabic,test,اجتماع وزراء خارجية #روسيا و #تركيا و #إيران..الثلاثاء بدل الاسبوع المقبل http http,neutral,,,,True,setup_B,neutral,False,"[""other""]",Factual news report about a scheduling change for a political meeting.,B
arabic_test_059,arabic,test,@user تقريبا البرنامج اللي عامله جديد اسمه كل يوم جمعه مش جايب فيه الا فنانين لبنانين سمعت انه جايب اليسا نوال الزغبي وائل جسار,positive,,,,True,setup_B,neutral,False,"[""other""]",Sharing information about the guests on a new TV program,B
arabic_test_060,arabic,test,"مش عارفة ليه بس انا بسمع نوال الزغبى ""بيلبقلك لو شفت عليهن حالك """,positive,,,,True,setup_B,neutral,False,"[""other""]",Sharing a personal musical preference without positive or negative evaluation,B
arabic_test_061,arabic,test,الجو مال اتلحف بكشه ميريام فارس,positive,,,,True,setup_B,neutral,False,"[""other""]",A casual remark about the weather and a celebrity.,B
arabic_test_062,arabic,test,@user @user بس إنتي نسيتي نوال الزغبي😊😊,neutral,,,,True,setup_B,neutral,False,"[""other""]",A friendly reminder about a forgotten artist with no strong sentiment.,B
arabic_test_063,arabic,test,#عاجل: قرر مجلس الأمن الدولي بالإجماع علي مشروع فرنسي لنشر مراقبين دوليين في #حلب لمراقبة عمليات إجلاء السكان منها… http,neutral,,,,True,setup_B,neutral,False,"[""other""]",Factual news report about a UN Security Council decision regarding Aleppo.,B
arabic_test_064,arabic,test,#ملكة_المسرح #ميريام_فارس قبل صعودها على المسرح في #دبي 😍😍@user http,positive,,,,True,setup_B,positive,False,"[""other""]",Expresses admiration and excitement for the artist before her performance,B
arabic_test_065,arabic,test,تنظيم #داعش يعدم فتى  في مدينة الطبقة في ريف الرقة الغربي بتهمة التعامل مع ’’التحالف الدولي’’ #لبنان_الآن,negative,,,,True,setup_B,negative,False,"[""other""]",Reporting a tragic execution by ISIS,B
arabic_test_066,arabic,test,ميريام فارس تعود لأمجادها#ET_بالعربي http,positive,,,,True,setup_B,positive,False,"[""other""]",Praising the return of the artist to her glory,B
arabic_test_067,arabic,test,بشار قتل الشعب السوري ليخدم الصليبيين هنا يشكره البابا وبطريرك موسكو ... http,negative,,,,True,setup_B,negative,False,"[""other""]",Strong condemnation of political and religious figures,B
arabic_test_068,arabic,test,أحضر الفنانة ميريام فارس في حفلات من دبي مول في The Dubai Mall http,positive,,,,True,setup_B,neutral,False,"[""other""]",Informational announcement about an artist's concert event.,B
arabic_test_069,arabic,test,حكومة سهرة ليليه تتشكل في لبنان..المطرب من حزب الله والراقصه مسيحيه وجمهور السهره المسطول والمصفّق سني..والخادم درزي..وحارس المرقص ايراني!!,negative,,,,True,setup_B,negative,False,"[""other""]",Political critique of the Lebanese government formation through a metaphorical nightclub scene,B
arabic_test_070,arabic,test,@user @user انا رجعت لصور البروفايل على فيسبوك عندي الفرق واضح المشكلة + حلها في اربع صور ورا بعض كدا 😂😂,neutral,,,,True,setup_B,neutral,False,"[""other""]",Sharing personal profile pictures and a funny observation without expressing positive or negative feedback on a product or service,B
arabic_test_071,arabic,test,روسيا تقول بزيارة  #اردوغان الى موسكو اتفقنا مع #اردوغان على الحل ب #حلب-يعني خيانه يعني #اردوغان خان المسلمين بحلب #حلب_تباد,negative,,,,True,setup_B,negative,False,"[""other""]",Strong condemnation and accusation of betrayal regarding political events in Aleppo,B
arabic_test_072,arabic,test,“إيغيل فيلمز” تطلق “#ولعانة”.. و #نوال_الزغبي توجه كلمة لـ #ماغي_بوغصن عبر”فوشيا”http http,neutral,,,,True,setup_B,neutral,False,"[""other""]",Informative news announcement about a film launch and celebrity interactions,B
arabic_test_073,arabic,test,بالصور... إحتجزتهما ثلوج جرود الكنيسة! - http #لبنان http,neutral,,,,True,setup_B,neutral,False,"[""other""]",News report about people trapped in the snow in Lebanon,B
arabic_test_074,arabic,test,دقائق وتطل #ملكه_المسرح #ميريام_فارس علي المسرح 💃👏 #Myriamindubai,positive,,,,True,setup_B,positive,False,"[""other""]",Excited announcement about Myriam Fares performing on stage,B
arabic_test_075,arabic,test,"ماذا كشف #تيم_حسن عن ""الهيبة"" وثنائيته مع #نادين_نسيب_نجيم؟http @user http",neutral,,,,True,setup_B,neutral,False,"[""other""]",Asking a factual question about a TV show and actors,B
arabic_test_076,arabic,test,زواج المطرب المشهور ريكي مارتنبرجل سوريهههههعفن الفنواهله http,negative,,,,True,setup_B,negative,False,"[""other""]",Disapproving comment about a celebrity marriage,B
arabic_test_077,arabic,test,#حركة_المرور كثيفة على اوتوستراد #المطار باتجاه الانفاق وصولا الى #خلدة دون عوائق #لبنان_الآن,neutral,,,,True,setup_B,neutral,False,"[""other""]",Factual traffic update about road conditions in Lebanon.,B
arabic_test_078,arabic,test,#star_news@Cheb_Khaled_ رد الشاب خالد على نوال الزغبي مضحك ههههههههههه  نوال لازم ما تتكلمي على اسيادكhttp,negative,,,,True,setup_B,negative,False,"[""other""]",Hostile comment criticizing a celebrity,B
arabic_test_079,arabic,test,د. زاهدي.. سياسيا خرجت المعادلة من يد خامنئي بمعنى انه خسر استراتيجية ابقاء بشار الأسد مقابل استراتيجية روسيا#حلب… http,negative,,,,True,setup_B,neutral,False,"[""other""]",Political analysis of geopolitical strategy without personal sentiment.,B
arabic_test_080,arabic,test,#الاتحاد_الاوروبي يمدد العقوبات الاقتصادية على #روسيا بسبب الأزمة الاوكرانية حتى 31 يوليود#أوكرانيا #كييف #القرم… http,negative,,,,True,setup_B,neutral,False,"[""other""]",Factual news report about the extension of economic sanctions.,B
arabic_test_081,arabic,test,"لبنان جاب جورج كلوني ""صهر""، وسوريا عملت ريكي مارتن ""كنّة""... 😎 http",negative,,,,True,setup_B,neutral,False,"[""other""]",A humorous social media post comparing cultural news between Lebanon and Syria.,B
arabic_test_082,arabic,test,😂😂😂😂 فضيعه @user #nadinenassibnjeim #nnn #star #actress #نادين_نسيب_نجيم #في_بيتنا_ضيف http,positive,,,,True,setup_B,positive,False,"[""product_praise"", ""other""]",Laughter emojis and enthusiastic labeling praising the actress,B
arabic_test_083,arabic,test,رسالة الى فخامة رئيس الجمهورية العماد ميشال عون أتذكرون يا فخامة الرئيس حين زرتكم منذ ست و عشرين عاما ، في بيت... http,neutral,,,,True,setup_B,neutral,False,"[""other""]",An open letter or message addressed to the president recalling past events without expressing explicit positive or negative consumer feedback.,B
arabic_test_084,arabic,test,#ميشال_عون .....نثق بك ، ونحبك ❤لا تعد بنا إلى عام 1988 ...مسارك ومسيرتك يتجاوزانتلك اللحظة. انت المؤهل لإرساء دو… http,positive,,,,True,setup_B,positive,False,"[""other""]","Expresses trust, love, and high praise for the political figure Michel Aoun",B
arabic_test_085,arabic,test,اﻵن على قناة LDC تشاهدون مسلسل #عشق_النساء#نادين_نسيب_نجيموندوون تجمعنا 🌹@user,positive,,,,True,setup_B,neutral,False,"[""other""]",A promotional announcement for a TV show,B
arabic_test_086,arabic,test,موعد مباره ريال مدريد بكره فاشل بمعنى الكلمه,negative,,,,True,setup_B,negative,False,"[""other""]",Complaining about the timing of a Real Madrid match,B
arabic_test_087,arabic,test,الحب كلو 😻💘#نادين_نسيب_نجيم #ملكة_الهيبة #الهيية_الندونية #الهيبة_نادين_نسيب_نجيم #الهيبة #رمضان_٢٠١٧ @user http,positive,,,,True,setup_B,positive,False,"[""product_praise""]",Expressing strong love and admiration for the celebrity and her work,B
arabic_test_088,arabic,test,@user @user 😄😄😍😍😘 الله يديمها ل هالضحكة الجنان#نادين_نسيب_نجيم,positive,,,,True,setup_B,positive,False,"[""product_praise"", ""other""]",Expressing deep admiration and love for the celebrity's smile,B
arabic_test_089,arabic,test,@user السعودية مهزومة حتى لو تدعمها الشياطين الأمريكي أم أياديها و معاضديها الالكتروني مثل تويتر و فيسبوك و..,negative,,,,True,setup_B,negative,False,"[""other""]",Hostile political statement expressing negativity toward Saudi Arabia,B
arabic_test_090,arabic,test,@user قريباً جداً عمرو اديب ببرنامج #كل_بوم_جمعه مع الديفا الماسية #نوال_الزغبي على قناة #ON_E المصرية http,positive,,,,True,setup_B,neutral,False,"[""other""]",Informational post about an upcoming television show,B
arabic_test_091,arabic,test,"بشار الجعفري، مندوب سوريا لدى الأمم المتحدة صرح بأن هناك ""أجندات خفية"" لدى مؤيدي القرار. طيب روسيا حليفتكم أيدته، هذا إقرار بأجندتها أيضاً؟",negative,,,,True,setup_B,neutral,False,"[""other""]",Political commentary questioning a diplomatic statement without expressing personal praise or complaint.,B
arabic_test_092,arabic,test,#lebanon  باسيل: لبنان بدأ بالخروج من نفق مظلم  http,positive,,,,True,setup_B,neutral,False,"[""other""]",Sharing a political statement without expressing personal opinion.,B
arabic_test_093,arabic,test,"أنقرة تنفي إبرام أي صفقة ""سرية"" مع موسكو بخصوص مستقبل سوريا http http",neutral,,,,True,setup_B,neutral,False,"[""other""]",Factual news report about an official denial of a secret deal,B
arabic_test_094,arabic,test,استئناف عمليات الإجلاء من #حلب .. و #اجتماع_إيراني_روسي_تركي غدا فى #موسكو - للتفاصيل اضغط الرابط… http,neutral,,,,True,setup_B,neutral,False,"[""other""]",Factual news report regarding evacuations and political meetings,B
arabic_test_095,arabic,test,I liked a @user video from @user http للمرة الأولى ميريام فارس تنشر فيديو,positive,,,,True,setup_B,positive,False,"[""product_praise""]",User expresses enjoyment of a video,B
arabic_test_096,arabic,test,"بالصور.. تتويج ""alicia aylies"" بملكة جمال فرنسا http http",neutral,,,,True,setup_B,neutral,False,"[""other""]",Factual news headline about a beauty pageant winner,B
arabic_test_097,arabic,test,"كيف يسرق فيسبوك مليارات المشاهدات منذ فترةٍ أعلن ""فيس... http",negative,,,,True,setup_B,neutral,False,"[""other""]",Sharing an article headline asking a critical question about Facebook views without expressing personal sentiment,B
arabic_test_098,arabic,test,"#سوريا  مصادر: ""حزب الله"" يستثمر مجازر ""حلب"" للسيطرة على لبنان http #SYRIA http",negative,,,,True,setup_B,negative,False,"[""other""]",Report on political and military exploitation of massacres in Syria.,B
arabic_test_099,arabic,test,#أحوال_العرب: أستراليا توقع الثلاثاء صفقة لشراء 12 غواصة من فرنسا http http,neutral,,,,True,setup_B,neutral,False,"[""other""]",Factual news report about a submarine purchase deal.,B
arabic_test_100,arabic,test,@user روسيا استخدمت جميع الاسلحه المحرمه 🖕🏻🖕🏻🖕🏻,negative,,,,True,setup_B,negative,False,"[""other""]",Strong condemnation of Russia's use of forbidden weapons,B
mixed_test_001,mixed,test,Gims راحت لهيبة 💔💔,negative,,,,True,setup_B,negative,False,"[""other""]",Expressing disappointment over Gims losing his prestige or status.,B
mixed_test_002,mixed,test,احلي come back للعالمي,positive,,,,True,setup_B,positive,False,"[""product_praise""]",Praising the best comeback,B
mixed_test_003,mixed,test,منتظر الحلقه الجايه  بفارغ الصبر على Watch it,positive,,,,True,setup_B,positive,False,"[""other""]",Expresses excitement and eager anticipation for the upcoming episode.,B
mixed_test_004,mixed,test,هى الناس اللى كاتبه افلام حلوه دى مصدقا نفسها ي جدعان ان مش عاوز احبطكم بس ياريت نركز ف صناعه محتوى ياعنى نشوف البناء الدرامى الاداء السناريو ماشى ازاى الحبكه فين ف القصه وكل ده مش شويه vfx رخيص وحركتين اكشن انتهت خلاص من العالم واداء شبه منعدم من امير كراره ونقول ايوا بقى السبنما راجعه بقوه الفيلم الحلو ممكن يكون معتمد ع طريقه السرد والبساطه والمشهد اكتر من المبالغه وف الاخر بدون مستوى,negative,,,,True,setup_B,negative,False,"[""quality"", ""other""]","Strong criticism of the poor scriptwriting, acting, and overall quality of recent films.",B
mixed_test_005,mixed,test,"From 🇱🇾 
تحية طيبة للطيبين أهل مصر الحبيبة",positive,,,,True,setup_B,positive,False,"[""other""]",Friendly and warm greeting from Libya to Egypt,B
mixed_test_006,mixed,test,مستحيل هاي يلي كنت اشوفها ببنات العيلة نانسي Oh my God 😱😱😱😱,positive,,,,True,setup_B,neutral,False,"[""other""]",Surprise expression without clear positive or negative sentiment,B
mixed_test_007,mixed,test,"يسرا هي إكسير النجاح لأي منتوج مصري عندنا في المغرب 😘😘😘😘😘
A very beautiful song ❤
A very nice interpretation 👍",positive,,,,True,setup_B,positive,False,"[""product_praise""]",The user expresses strong admiration and praise for the artist and the work.,B
mixed_test_008,mixed,test,من تونس bravo 👏,positive,,,,True,setup_B,positive,False,"[""other""]",Expressing admiration and praise from Tunisia,B
mixed_test_009,mixed,test,وربنا عبيط اللى عمل unlike,negative,,,,True,setup_B,negative,False,"[""other""]",Expresses annoyance and insults anyone who pressed unlike,B
mixed_test_010,mixed,test,"we love you all my family love and like your natural look, u so cute im writing from Australia my original from iraq but im following up watching your all shows you're princess ur move omr وسلم we liked it so much",positive,,,,True,setup_B,positive,False,"[""product_praise""]",Expressing deep affection and admiration for the creator and their natural look.,B
mixed_test_011,mixed,test,مش هتعمل مراجعة ل loki ؟,neutral,,,,True,setup_B,neutral,False,"[""other""]",A neutral question asking about a review for Loki,B
mixed_test_012,mixed,test,نفسي افهم الألف وشويه الي عاملين dislike عاملينه ليه دي الحلقه تحفه💜💜,positive,,,,True,setup_B,positive,False,"[""other""]",Expressing admiration for a wonderful episode and confusion over dislikes,B
mixed_test_013,mixed,test,احلا محمد رمضان واحلا stlng,positive,,,,True,setup_B,positive,False,"[""product_praise"", ""other""]",Praising Mohamed Ramadan and the styling enthusiastically,B
mixed_test_014,mixed,test,فنانة  بمعني الكلمة  رقيقة  she  is  beautiful and star  🌹🌹🌹🌹🇩🇿⚘,positive,,,,True,setup_B,positive,False,"[""product_praise""]",Praising the artist with kind words and compliments.,B
mixed_test_015,mixed,test,انا بموت فيك تيوو I live you temo💕💕💞,positive,,,,True,setup_B,positive,False,"[""product_praise""]",Expressing deep affection and love for Temo.,B
mixed_test_016,mixed,test,Number 1 في كل حاجه,positive,,,,True,setup_B,positive,False,"[""product_praise"", ""other""]",Praising something as number one in everything indicates strong approval.,B
mixed_test_017,mixed,test,اجمل اغنية  TOoooooooooooooooob,positive,,,,True,setup_B,positive,False,"[""product_praise""]",The user is praising a song as the most beautiful.,B
mixed_test_018,mixed,test,دى مش اول تجربه مصرية فيها robot .. راح فين العمدة الالى في مسلسل جدو عبده 😂😂,neutral,,,,True,setup_B,neutral,False,"[""other""]",A nostalgic and humorous reference to an old Egyptian television character involving a robot.,B
mixed_test_019,mixed,test,اشتركوا في قناتي تسمي love youمي عمر اقوم بتنزيل فيديوهات للنجمات مثل مي عمر وساره سلامه وهنا الزاهدوغيرها,neutral,,,,True,setup_B,neutral,False,"[""other""]",Promotional message asking users to subscribe to a YouTube channel,B
mixed_test_020,mixed,test,ايه يا تامر الاغنية الجاااامدة دى... يخربيت كده يا شيخ ...سمعت الاغنية مرة وبعدين عدتها تانى وعلى طول روحت فتحت برنامج المونتاج وعملت فيديو كليب بالاغنية  وأنا الموديل بتاعه وبعته لحبيبتى اللى منفصل عنها من 3 شهور .... جات على الجرح قوى الاغنية دى .................................. i love it so much,positive,,,,True,setup_B,mixed,False,"[""product_praise"", ""other""]",Loves the song very much but it brought back painful memories of an ex-girlfriend,B
mixed_test_021,mixed,test,ياريت الناس تتابعني علي قناه بتاعتي ahmed saeed proudection,neutral,,,,True,setup_B,neutral,False,"[""other""]",A neutral request to follow a personal channel.,B
mixed_test_022,mixed,test,يا رمضان انت اكيد بتلعب فري فاير انا بلعبه دا ال ID 941083176 بتاعي ابعتلي طلب نلعب مع بعض,neutral,,,,True,setup_B,neutral,False,"[""other""]",Friendly invitation to play a video game together,B
mixed_test_023,mixed,test,تريلر رياكشن la casa de pabel season 5,neutral,,,,True,setup_B,neutral,False,"[""other""]",Mention of a reaction video to a show trailer without expressing personal opinion.,B
mixed_test_024,mixed,test,حد شاف علامه bts  زييي 😂😂,neutral,,,,True,setup_B,neutral,False,"[""other""]",Casual social media question about seeing a BTS sign,B
mixed_test_025,mixed,test,Dislike جماعي الاغنيه يا جماعه 🔥🔥🔥🔥,negative,,,,True,setup_B,negative,False,"[""other""]",Calling for mass dislikes on a song,B
mixed_test_026,mixed,test,أحسن إعلان من Vodafone 💖💖💖💖💕💕💕💕,positive,,,,True,setup_B,positive,False,"[""other""]",Expressing strong love and praise for a Vodafone advertisement.,B
mixed_test_027,mixed,test,مين جاي من كوفر big,neutral,,,,True,setup_B,neutral,False,"[""other""]",Asking a question about a cover or video without expressing clear sentiment,B
mixed_test_028,mixed,test,الى عاملين dislike دول هيروحو من ربنا فيييين,negative,,,,True,setup_B,negative,False,"[""other""]",Complaining about people leaving dislikes on a post,B
mixed_test_029,mixed,test,مين ال 74 ال عملين dislike,neutral,,,,True,setup_B,neutral,False,"[""other""]",Asking a neutral question about dislikes on a video,B
mixed_test_030,mixed,test,في 121 حلوف عاملين dislike,negative,,,,True,setup_B,negative,False,"[""other""]",Expressing frustration about dislikes on a post,B
mixed_test_031,mixed,test,مش عارف الناس اللي عاملها dislike ولا ليكوا لازمة,negative,,,,True,setup_B,negative,False,"[""other""]",Expressing frustration and dismissing people who gave dislikes,B
mixed_test_032,mixed,test,كمية جمال وسلام بالاغنية  رهيبه ..اغنية عبقريه خاصه الفيديو كليب so beautiful,positive,,,,True,setup_B,positive,False,"[""product_praise"", ""other""]",High praise for the beauty and genius of the song and music video,B
mixed_test_033,mixed,test,متى يعرض في قناة on,neutral,,,,True,setup_B,neutral,False,"[""other""]",Asking a straightforward informational question about a TV channel schedule,B
mixed_test_034,mixed,test,اسمع موسيقى 3 دقات واغانى تانية بالجيتار على الصفحة ولو عحبك متنساش لايك و subscribe,neutral,,,,True,setup_B,neutral,False,"[""other""]",Simple invitation to listen to music and subscribe to the page.,B
mixed_test_035,mixed,test,The best song ever. تحيه من الجزائر لشعب مصر العظيم,positive,,,,True,setup_B,positive,False,"[""product_praise"", ""other""]",Expresses strong praise for a song and sends warm greetings between nations.,B
mixed_test_036,mixed,test,حقيقي مابقتش اتحمل وجود جماهير في البرامج الحوارية خاصة ان االناس كلها خلاص بقت عارفة انهم بيكونوا مأجورين .... تسقيف Fake  ضحك Fake كل شيء مزيف.,negative,,,,True,setup_B,negative,False,"[""other""]",Expressing strong frustration over fake and paid audiences in talk shows,B
mixed_test_037,mixed,test,ياريت المسلسلات تنزل على اليوتيوب احنا بندفع اشتراك النت بالعفي أو تسيبو watch it مجاني زي مهو  وغير كدا الابلكيش تقيل مش بعرف اتفرج عليه عايز نت من الفضاء عشان يشتغل كويس,negative,,,,True,setup_B,negative,False,"[""other"", ""customer_service""]","Complaining about poor app performance, expensive internet, and wishing for free streaming on YouTube or watch it.",B
mixed_test_038,mixed,test,الاعلان جميل اوي وممكن تعملوا سبسكريب للقناة magd omar,positive,,,,True,setup_B,positive,False,"[""other""]",Expresses praise for the advertisement,B
mixed_test_039,mixed,test,جاي اشرب شاي ok,neutral,,,,True,setup_B,neutral,False,"[""other""]",Casual and unrelated personal statement,B
mixed_test_040,mixed,test,"الي يحب فرقه بي تي اس bts يشوف الرابط يغنون ثلاث دقات 
https://youtu.be/NCQ1mVVsNhU",neutral,,,,True,setup_B,neutral,False,"[""other""]",Sharing a link of BTS singing a song without expressing positive or negative opinion,B
mixed_test_041,mixed,test,"EQ مش
Emotional Intelligence
ومفيش حاجة اسمها EQ اسمه IQ
معلش انتي سخيفة فحبيت اسخف عليكي 😂",negative,,,,True,setup_B,negative,False,"[""other""]",The user is dismissing the concept of EQ and insulting the poster directly.,B
mixed_test_042,mixed,test,هو مفيش love في اليوتيوب ليه <3,neutral,,,,True,setup_B,neutral,False,"[""other""]",A casual question about YouTube platform features,B
mixed_test_043,mixed,test,هو مفيش dna,neutral,,,,True,setup_B,neutral,False,"[""other""]",A neutral question asking about DNA testing availability.,B
mixed_test_044,mixed,test,dislike لمي عمر وجوزها,negative,,,,True,setup_B,negative,False,"[""other""]",Expressing dislike for two public figures.,B
mixed_test_045,mixed,test,داخلت  fast and furious 9,neutral,,,,True,setup_B,neutral,False,"[""other""]",Simple statement about watching a movie without expressing positive or negative opinion,B
mixed_test_046,mixed,test,"وقت غروب الشمس واقف ع البحر بعيد 
  you are Amazing .. best wishes from Libya",positive,,,,True,setup_B,positive,False,"[""product_praise"", ""other""]",Compliments the user directly with best wishes,B
mixed_test_047,mixed,test,من أجمل إعلانات عمرو مع پيپسي إن لم يكن الأجمل على الإطلاق، كله بهجة وفرحة ⁦☺️⁩ الأغنية دي Hit لسنين قدام,positive,,,,True,setup_B,positive,False,"[""product_praise"", ""other""]","High praise for an advertisement and its song, expressing joy and admiration.",B
mixed_test_048,mixed,test,محمد سعد احسن ممتل كوميدى مستحيل متضحكش  . وتحية كبيرة من المغرب . والله ضحكت من الاعلان بس شكلو فلم فشيخ hahhaha,positive,,,,True,setup_B,positive,False,"[""product_praise""]",Praising the comedic talent and expressing genuine laughter and excitement for the movie,B
mixed_test_049,mixed,test,"فيديو نهائي ما عجبني الصراحة
ما في شيء original
No, next",negative,,,,True,setup_B,negative,False,"[""quality"", ""other""]",The user expresses dissatisfaction with the lack of originality and overall video quality.,B
mixed_test_050,mixed,test,الناس اللى عامله dislike  دى معندكوش احساس بالفن,negative,,,,True,setup_B,negative,False,"[""other""]",Complaining about people not appreciating art,B
mixed_test_051,mixed,test,من أجمل الاغانى الرومانسية والراقصة فى نفس الوقت  - من يريد تعلم اللغة الانجليزية من الصفر بشكل جديد ومطور يشترك فى قناة Mr. Mohsen وبها دورات مجانية فى اللغة الانجليزية,positive,,,,True,setup_B,positive,False,"[""other""]",Praising a romantic song and recommending an educational YouTube channel,B
mixed_test_052,mixed,test,Abo صوتو بجد تحفة كتير حلو صوت المغني و احساسو رااااائع,positive,,,,True,setup_B,positive,False,"[""product_praise"", ""other""]",Praising the singer's voice and wonderful emotion in Arabic,B
mixed_test_053,mixed,test,جميلة و قوية و مبدعة لأبعد حد و قصتها معروضة بطريقة جميلة جدا اعلان مليان تفاؤل و متقن و جذاب جدا جدا .. و فكرة انكم عملتوه استعراضي فكرة جميلة جداااااا ما بنشوفهاش كتير .. تحية لفودافون و تحية أكبر للرائعة شيريهان stunning as always queen sherry..,positive,,,,True,setup_B,positive,False,"[""product_praise"", ""other""]",High praise and appreciation for the Vodafone advertisement starring Sherihan.,B
mixed_test_054,mixed,test,هههههههههههه هههههههههههههههههههههههههههههههههههههههههههه هههههههههههههههههههههههههههههه هههههههههههههههه ههههههههههه هههههههههه هههههههههhhhhhhhhhhhhhhhhhhhhhhhhhhhhh هههههههههههههههه هههههههه هههههههههه هههههههه هههههههههههههههه هههههههههههههه هههههههههههههه هههههههههههههه هههههههههههه هههههههههههههههههههههههههههههههههههههههههههههههههههههههههههههههههههههههه ههhhhhhhhhhhhhhhhhhhhjههههخهههههه ههههههههههه هههههههههه ههههههههههه ههههههههه هههههههه هههههههههhhhhhhhhhhhhhhhhhhhhhhhhhhhhh hhhhhhhhhhhhhhhhhhhhhhhhh ههههههههه عسسسسل يااااااااااااااااااحمدى,positive,,,,True,setup_B,positive,False,"[""product_praise""]",Joyful laughter and affectionate praise indicating high positivity,B
mixed_test_055,mixed,test,هي الناس اللي عامله dislike دي عندها اعاقه ✋😂😂😒😒,negative,,,,True,setup_B,negative,False,"[""other""]",Aggressive and derogatory question directed at people who disliked the content,B
mixed_test_056,mixed,test,"ليه كان يتوقع انها ممكن تشمت فيه لانه بدون شغل؟ 
Sounds toxic",negative,,,,True,setup_B,negative,False,"[""other""]",Expressing disapproval of toxic behavior in a relationship or situation,B
mixed_test_057,mixed,test,أول مشاهد ⁦❤️⁩⁦❤️⁩ رمضان العشق Number 1,positive,,,,True,setup_B,positive,False,"[""product_praise"", ""other""]",Expressing love and high praise for a Ramadan show,B
mixed_test_058,mixed,test,"مش غريبة برضو الفيديو مفيهوش ولا راجل ""including Mohamed Ramadan 😂""",negative,,,,True,setup_B,neutral,False,"[""other""]",Observational comment about the people in the video without clear positive or negative sentiment,B
mixed_test_059,mixed,test,This is فوووول,neutral,,,,True,setup_B,positive,False,"[""product_praise"", ""other""]",Expresses strong approval or excitement,B
mixed_test_060,mixed,test,بلنسبالي number one تامر عاشور ❤️❤️❤️❤️❤️❤️❤️كل اغنيه احلي من اللي قبلها ف كل اغانيه بجد تحفه لحن وكلام واحساس شااااااابو بجد 👏👏👏👏❤️❤️❤️❤️❤️,positive,,,,True,setup_B,positive,False,"[""product_praise""]","High praise for the artist's songs, melody, lyrics, and emotion.",B
mixed_test_061,mixed,test,شركه We بقت قذره بجد,negative,,,,True,setup_B,negative,False,"[""customer_service""]",Strong negative expression about the telecommunications company WE,B
mixed_test_062,mixed,test,انا بحب حضرتك قوي ينفع تعملي علي فيلم    Spider Manاو كرتون انمي اسمه Miraculous بليز ينفع حضرتك تعملي كدا,positive,,,,True,setup_B,positive,False,"[""other""]",Expresses affection and asks for specific content to be made,B
mixed_test_063,mixed,test,50 مليووووووون الف مبرووووووك 50M views 🙋💃🙆💃🙆😘😍💋❤,positive,,,,True,setup_B,positive,False,"[""product_praise"", ""other""]",Extremely enthusiastic celebration of reaching 50 million views,B
mixed_test_064,mixed,test,انتي قمر اوي اوي💖so cute,positive,,,,True,setup_B,positive,False,"[""product_praise"", ""other""]",Affectionate and complimentary language praising someone or something,B
mixed_test_065,mixed,test,This is absolute Masterpiece. بحبكم يا جماعة😍😘,positive,,,,True,setup_B,positive,False,"[""product_praise""]",High praise for the product and expression of love for the brand in both English and Arabic,B
mixed_test_066,mixed,test,"💪💪💪بتحب تعمل شوبنج من  ✊6th street ✊
استخدم كود الخصم دة👈 AC5501 👉
👀👀هاتحصل على 20% خصم اضافى
صالح في السعوديه و الإمارات والكويت والبحرين وقطر وعمان 👩‍👧‍👧👩‍👧‍👦💗💗💗
www.6thstreet.com",neutral,,,,True,setup_B,positive,False,"[""price""]",Promotional post sharing a discount code to save money on shopping.,B
mixed_test_067,mixed,test,هما يعني بينزلوا الحلقات بايظه عشان نتفرج ع ال TV !!!!,negative,,,,True,setup_B,negative,True,"[""other""]",Frustrated complaint about poor episode video quality with sarcastic tone,B
mixed_test_068,mixed,test,"اقسم بالله يا جماعة الفيلم يستاهل oscar الفيلم جامد 
جدا جدا جدا جدا جدا",positive,,,,True,setup_B,positive,False,"[""product_praise""]","Extremely high praise for the movie, stating it deserves an Oscar",B
mixed_test_069,mixed,test,"الدقيقه 05:00  معزوفة كونشيرتو دي ارانجويز
الدقيقه 13:31  معزوفه من اغنية  The sound of silence",neutral,,,,True,setup_B,neutral,False,"[""other""]",Timestamps and names of musical pieces provided objectively.,B
mixed_test_070,mixed,test,الحب رائع I love you,positive,,,,True,setup_B,positive,False,"[""other""]",Expressing love and affection in Arabic and English,B
mixed_test_071,mixed,test,I LOVE You محمد رمضان,positive,,,,True,setup_B,positive,False,"[""other""]",Expresses affection and fandom for a celebrity,B
mixed_test_072,mixed,test,عمرو دياب  vs ابيو و مروان موسى 🤯🤯🤯😂🤞😜,neutral,,,,True,setup_B,neutral,False,"[""other""]",A playful comparison between different music artists.,B
mixed_test_073,mixed,test,Yaya بيقول افية بعد النكته تبقي احلي من من النكته,positive,,,,True,setup_B,neutral,False,"[""other""]",Sharing a casual quote or thought without strong positive or negative emotion.,B
mixed_test_074,mixed,test,الناس اللي عامله dislike دول ايه ؟؟,neutral,,,,True,setup_B,neutral,False,"[""other""]",Asking a question in Arabic about people who made dislikes without expressing a clear positive or negative sentiment,B
mixed_test_075,mixed,test,دلوقتي تقدر تشاهد جميع فيديوهات واخبار المطرب خالد مصطفى Mrprodution,neutral,,,,True,setup_B,neutral,False,"[""other""]",Announcing the availability of artist videos and news,B
mixed_test_076,mixed,test,"لو عايز طريقة  تاخد منها 100 صندوق -كلاسيك مجانا- فى pubg mobile  , كل اللى هتعمله هتدخل جوجل وتكتب mbs45 وتدخل اول موقع هيبعتولك الصناديق , الطريقة سهله ونفعت معايا",neutral,,,,True,setup_B,neutral,False,"[""other""]",Shares a gaming tip for PUBG Mobile without expressing strong personal sentiment.,B
mixed_test_077,mixed,test,كفو وربي البرنس Nember 1,positive,,,,True,setup_B,positive,False,"[""product_praise"", ""other""]",Strong praise and admiration for a person or product,B
mixed_test_078,mixed,test,360k dislikes لاكن ماالسبب؟,neutral,,,,True,setup_B,neutral,False,"[""other""]",Asking a neutral question about why a video has many dislikes,B
mixed_test_079,mixed,test,Venom لو سمحت,neutral,,,,True,setup_B,neutral,False,"[""other""]",The user is asking about the movie or character Venom without expressing a clear sentiment.,B
mixed_test_080,mixed,test,روووعة 😍💗💜   i like it,positive,,,,True,setup_B,positive,False,"[""product_praise""]",Expresses strong approval and liking for the product using enthusiastic words and emojis.,B
mixed_test_081,mixed,test,مين سمعها مش كنا شغلنا BTS غيري🙂,neutral,,,,True,setup_B,neutral,False,"[""other""]",Casual conversational post asking if anyone else listens to BTS,B
mixed_test_082,mixed,test,😂😂😂كلهة جاية من BIG,neutral,,,,True,setup_B,neutral,False,"[""other""]",Amused observation about people shopping from the same place without expressing direct praise or criticism.,B
mixed_test_083,mixed,test,اعملو ليا subscribe ❤️❤️🌸,neutral,,,,True,setup_B,positive,False,"[""other""]",Friendly and affectionate request to subscribe with positive emojis,B
mixed_test_084,mixed,test,الناس اللي عامله dislike بيقولو لعقلهم اي 🙄,negative,,,,True,setup_B,negative,False,"[""other""]",Expressing disapproval of people leaving dislikes,B
mixed_test_085,mixed,test,The Legend - الهضبة,positive,,,,True,setup_B,positive,False,"[""product_praise"", ""other""]",Praising a well-known celebrity or artist using a famous nickname,B
mixed_test_086,mixed,test,تريد تبيض وجهك بعد ما شفناك مع فناني الاحتلال 😎 . # free palestine,negative,,,,True,setup_B,negative,False,"[""other""]",Criticizing someone for associating with artists from the occupation,B
mixed_test_087,mixed,test,الاغنية مميزة جدا ، hit الموسم والتيك توك💃🏻,positive,,,,True,setup_B,positive,False,"[""product_praise"", ""other""]",Strong praise for the song calling it the hit of the season,B
mixed_test_088,mixed,test,شريهان ..... Icon ❤️❤️❤️❤️,positive,,,,True,setup_B,positive,False,"[""product_praise""]",Expresses strong admiration and love with heart emojis,B
mixed_test_089,mixed,test,"Vodafone Egypt بدل ماتعملو اعلانات وتدفعو مبالغ كبيره على تكلفتها 
ادفعو الفلوس دى ف تحسين الشبكه الزباله بتاعتكم ولما الشبكه تتحسن دى هتكون احلى دعايه لكم 
لانكم بجد شبكتكم زفت وشركه سيئه وزباله",negative,,,,True,setup_B,negative,False,"[""other"", ""customer_service""]",Severe criticism of network quality and company spending on advertisements.,B
mixed_test_090,mixed,test,ناجح ف كل حاجه بجد I love you,positive,,,,True,setup_B,positive,False,"[""product_praise""]",Strong expression of affection and praise in Arabic and English.,B
mixed_test_091,mixed,test,البيحب تامر حسني Like,neutral,,,,True,setup_B,neutral,False,"[""other""]",A simple call-to-action asking fans of an artist to like the post.,B
mixed_test_092,mixed,test,عجيييييبة الاغنية جن فيها spanish vibes,positive,,,,True,setup_B,positive,False,"[""product_praise""]",Praising the song and its Spanish vibe,B
mixed_test_093,mixed,test,المتخلفين الي عاملين dis like 😒,negative,,,,True,setup_B,negative,False,"[""other""]",Expressing annoyance towards people who disliked the content,B
mixed_test_094,mixed,test,Dis like علشان غزلان البضان,negative,,,,True,setup_B,negative,False,"[""other""]",Disliking the content due to annoyance with specific people,B
mixed_test_095,mixed,test,Mona zaki كرهتنا في الشخصية,negative,,,,True,setup_B,negative,False,"[""other""]",Expressing dislike for a character played by Mona Zaki,B
mixed_test_096,mixed,test,فيها من تراك  (Lighters - Eminem - ft.-Bruno-mars),neutral,,,,True,setup_B,neutral,False,"[""other""]",Mentions a resemblance to a song track without positive or negative evaluation,B
mixed_test_097,mixed,test,"subscribe Please
Bitte ‏ ‏اقسم بالله أحب المصريين كثيرا إذا تحبون أيضا اشترك بقناة ‏أخوكم من العراق
https://www.youtube.com/watch?v=OqzbkpFqIJw&feature=share",positive,,,,True,setup_B,positive,False,"[""other""]",Friendly and warm message expressing love for Egyptians and asking for channel subscriptions,B
mixed_test_098,mixed,test,حاول تعمل حاجه توصل ل usa,neutral,,,,True,setup_B,neutral,False,"[""other""]",General inquiry about shipping to the USA,B
mixed_test_099,mixed,test,يعني مش مقلد smooth criminal ?,neutral,,,,True,setup_B,neutral,False,"[""other""]",Asking a question about a potential resemblance or imitation without clear positive or negative sentiment,B
mixed_test_100,mixed,test,Lyrics : Ahmed El Malki  !!انت ايه ياعم برنس؟!! ايه الكلمات دي لو معملتش اغاني تاني كفاية دي الكلمات عظمة بس,positive,,,,True,setup_B,positive,False,"[""product_praise"", ""other""]",Praising the amazing lyrics by Ahmed El Malki,B
