id,slice,split,text,gold_sentiment,xlmr_label,xlmr_conf,topic_scores,routed,route_reason,final_sentiment,sarcasm,final_topics,llm_reason,setup,gold_topics
youtube_arabic_001,arabic,test,لأعلم إذا كانت جورجينا جيدة أم سيئة لكن أنا متأكدة أن كل شيء يهتم له كرستيانو يثير جدل ويكون مميز عند الكثير من الأشخاص مثلا الجميع يقول سيي فقط لأن رونالدو يقولها قال الدوري سعودي أفضل من الفرنسي قال أن فينيسيوس هو من يستحق الكرة الذهبية إتفق الجميع على هذا طبعا أنا أتحدث عن الكرة وليس الدين فلا داعي للمهاجمة وخلط الأمور,neutral,,,,True,setup_B,neutral,False,"[""other""]",Objective discussion about Cristiano Ronaldo's influence and public reception without strong positive or negative feelings.,B,"[""other""]"
youtube_arabic_002,arabic,test,ولا وحدة فيهم جورجينا لبست اسود من حيث لون فخامة اما هي لبستو مانو متناسق مع جسمها صدرها بارز مو متناسق اما لباس الاخر محتشم نوعا ما,neutral,,,,True,setup_B,neutral,False,"[""other""]",Objective critique of outfits worn by a celebrity,B,"[""other""]"
youtube_arabic_003,arabic,test,يعني الواحد ما يبغى يتنمر لكن رب العالمين خلقنا بأحسن تقويم يجون هم يخربون اشكالهم ويركبون ويغيرون اشياء كنهم موتر يعني صراحتا يلوعون الكبد أستغفر الله طالعين كنهم مسوخ🤦♀️,negative,,,,True,setup_B,negative,False,"[""other""]",Strong negative reaction and criticism towards cosmetic surgery,B,"[""other""]"
youtube_arabic_004,arabic,test,بالعكس كلهم عطوا عليها لبسها يفشل مو مناسب للحفل و حتى شعرها مو مسويته جايه تسليك لو مناسبه اجنبية جان جت فل اناقة بس واضح تقلل من مناسبات العرب و كذلك انتو تقللون من العربيات بهاي المنشورات 🥰,negative,,,,True,setup_B,negative,False,"[""other""]","Criticizing someone's outfit and hair, and complaining about the content of the posts.",B,"[""other""]"
youtube_arabic_005,arabic,test,3:02 في زمن صار فيه كل شيء بمقابل، اخترت أنت أن تعطي بلا حدود، وأن تزرع العلم في دروبنا بالمجان، لا لشيء إلا لإيمانك بنا وبمستقبلنااستمرارك معنا رغم الضيق ورغم كلام الناس هو أكبر دليل على نبل أخلاقك أنت لا تُدرسنا مادة علمية فحسب،بل تُدرسنا درساً في الصمود والإخلاص أثرك باقٍ وكلامهم فانٍ استاذ مانتمنى نشوفك ضايج وأن شاءالله تعبك ميضيع احنه كاعد نتعب علمود ميضيع تعبكم ويانه وتشوفون درجاتنه ❤❤,positive,,,,True,setup_B,positive,False,"[""customer_service"", ""other""]",Heartfelt expression of gratitude and support for a teacher,B,"[""customer_service"", ""other""]"
youtube_arabic_006,arabic,test,ترا يجماعه لبس جورجينا مو من شي أن ترا من ماركات ذي الملونيره تلبس من شي أن ترا نفس الفستان بس الي يبوعوه بشي أن للصغاره وحقو اربع ليارت اردني تخيلو تلبس من شي ان,neutral,,,,True,setup_B,neutral,False,"[""other""]",Discussing the clothing brands worn by a celebrity without expressing personal emotional sentiment.,B,"[""other""]"
youtube_arabic_007,arabic,test,ترا ذي فكرة جورجينا انو كتبت بالدعوة انو يلبسو زهري وليلكي وبيج وذي الدرجات عشان هي تلبس اسود وتكون مميزة عنهم(في ناس ما يقدرو يلبسو الوان يعني بس اسود),negative,,,,True,setup_B,negative,False,"[""other""]",Criticizing a party dress code rule that forces guests into specific colors while the host wears black.,B,"[""other""]"
youtube_arabic_008,arabic,test,ضحكتم فيكم جورجينا تلقاها كتموت بالضحك عليكم غاصابرة حتى توصل لدار وتنفجر بالضحك ويلي على بينوار بريش نعام ديال بيت نعاس😂😂😂,negative,,,,True,setup_B,negative,False,"[""quality"", ""other""]",Mocking the poor quality and ridiculous look of a feather bathrobe,B,"[""quality"", ""other""]"
youtube_arabic_009,arabic,test,الصراحه الصراحه هنه كلش مبالغات بلزينه والالوان والملابس وجورجينا مبالغه بلبساطه درجة اللبس كلش عادي متعبانه غليه لا اكسسوارات لا شي,negative,,,,True,setup_B,negative,False,"[""quality"", ""other""]",Criticism of excessive decoration and Georgina's overly simple and plain outfit.,B,"[""quality"", ""other""]"
youtube_arabic_010,arabic,test,كلهم لبسهم يفشل انوب جورجينا لابسه علاگه وجاية استحي البس لبسها مع نفسي والـ3 الي گدامها يمثلوني اني وبنات خالاتي لما كنة بالابتدائية ومتأثرين بالمسلسلات ونجي نرقع ملابسنا مع ملابس امهاتنا واخواننا وابائنا ونطلع بستايل خايس وفرحانين بيه فـ المهم كلهم منضرهم لايرضي الله سبحانه وتعالى ولاحتى البشر.,negative,,,,True,setup_B,negative,False,"[""quality"", ""other""]",Strongly criticizes the outfits of celebrities at an event,B,"[""quality"", ""other""]"
youtube_arabic_011,arabic,test,ايه الريش ده خجلتونا كنتو جيبو درة التونسية عشان تغطي عليها اي تونسية و خلاص تعرف تلبس مش زي المهرجات دي قال ريش قال 😂😂😂 حتى في غرفة النوم بقى موضة قديمةمن الخمسينات زمن نازك هانم الصلحدار 😂😂,negative,,,,True,setup_B,negative,False,"[""quality"", ""other""]",Strong criticism and mocking of someone's outfit and style choices,B,"[""quality"", ""other""]"
youtube_arabic_012,arabic,test,يوم لا ينفع مال ولا بنون إلا من أتى الله بقلب سليم 🤍🤲اللهم أحسن خاتمتنا وأغفر لنا ولوالدينا ولجميع المسلمين والمسلمات وأرحمنا برحمتك يا أرحم الراحمين 🤲 🕊️ 💞,positive,,,,True,setup_B,positive,False,"[""other""]",Religious supplication and remembrance of God,B,"[""other""]"
youtube_arabic_013,arabic,test,أصلا السعوديات ذوقهم صفر والله في المناسبات ولا أي شي كترت البريستيج ولبس لا علاقة و ذهب ومكياج أوڤر و عدسات جات جورجينا ببساطة صارت حلوة عليهمم كلهم,negative,,,,True,setup_B,negative,False,"[""other""]",Negative generalization about Saudi women's fashion taste compared to Georgina,B,"[""other""]"
youtube_arabic_014,arabic,test,لا حول ولا قوة الا بالله اهلنا بغزة عم يموتو وبسودان عم يموتو وبسوريا العصابات مليانة والعراق كمان وآخر شي تجي تحكو علي إطلالات كفار,negative,,,,True,setup_B,negative,False,"[""other""]","Expressing deep frustration and sadness over tragedies in Gaza, Sudan, Syria, and Iraq while people focus on trivial matters.",B,"[""other""]"
youtube_arabic_015,arabic,test,يشهد علي الله ومحمد رسول الله انه البنات المتحجبات اجمل من ملكات جمال العالم انا كشب عمري 22 سنه انه البنات المتحجبات في الجامعه اجمل من كل وحده غير لابسه للحجاب,positive,,,,True,setup_B,positive,False,"[""other""]",Expresses strong admiration and praise for veiled women.,B,"[""other""]"
youtube_arabic_016,arabic,test,تره حتى جورجينا ملابسها مو حلوه ابداً وجداً بسيطة لدرجة حتى بعرس ما اكدر البس هيج فستان مو انوب افتتاح عطر ! وهيج مشهور وحتى ستيانها مو على مقاسها واصغر ومبين شكل صدرها نشاز,negative,,,,True,setup_B,negative,False,"[""quality"", ""sizing"", ""other""]","Criticizing the poor clothing style, simplicity, and incorrect sizing of the dress.",B,"[""quality"", ""sizing"", ""other""]"
youtube_arabic_017,arabic,test,والله العظيم اسوء اطلاله هيه اطلالة جورجينا زين بس اريد اعرف عده ثقه جيس حب خره بهيج ثقه واريد احجيه مباشر ودور شنو هذا سدره ايع 🤢 اه الله يثبتنه عله طريق الحجاب والستر بس 🙄😁,negative,,,,True,setup_B,negative,False,"[""other""]",Strong negative critique of someone's outfit and appearance.,B,"[""other""]"
youtube_arabic_018,arabic,test,ايععععع ذنيي البناتتت ينرزفزنن وحدهه لابسهه ديج بي كم ريشه باقيه والثانيه لا دجاجه هم مهلسه بس بيها شعر اكثر من الديج والثالثه بيضه مسلوگه وبسس سويي لايكك باجرر عنديي امتحانن ادعولييي طالبههه سادسس 🌝✨🫰🏻,negative,,,,True,setup_B,negative,False,"[""other""]",Negative and mocking commentary about people's outfits.,B,"[""other""]"
youtube_arabic_019,arabic,test,بكل بساطة( لولا اختلاف الاذواق لبارت السلع) همة هيك اذواقهم بالبس وهية هيك ذوقها ف عادي المهم الشخص يكون عاجبه شكله طز بالباقي طالما هية راضية عن نفسها 😊,neutral,,,,True,setup_B,neutral,False,"[""sizing"", ""other""]",Neutral perspective on personal fashion choices and individual preferences,B,"[""other""]"
youtube_arabic_020,arabic,test,بعد ما راحت جورجينا صاروا يحكيوا على جورجينا و على لبسها😢 واصلا جورجينا احلا وحدة فيهم..😢 انا اكره البنات و النسوان مع انو انا بنت,negative,,,,True,setup_B,negative,False,"[""other""]",Expressing frustration and dislike toward women and their gossiping behavior.,B,"[""other""]"
youtube_arabic_021,arabic,test,مره مافي ثقه بالنفس ليه انا الوحيده الي مااشوف جورجينا حلووه المميز فيها انه فيها كريزما وجادبيه وثقه عاليه بالنفس اما جمال ابد حتى شكل جسمها مااحبه عاملين عليها ضجه لسه مدري,negative,,,,True,setup_B,negative,False,"[""other""]",Negative opinion expressing dislike of a celebrity's appearance and the hype around her,B,"[""other""]"
youtube_arabic_022,arabic,test,قال رسول الله صلى الله عليه وسلم (( ونِساءٌ كاسِياتٌ عارياتٌ مُمِيلاتٌ مائِلاتٌ، رُؤُسُهُنَّ كَأسْنمَةِ البُخْتِ المائِلَةِ، لا يَدْخُلْنَ الجَنَّةَ، ولا يَجِدْنَ رِيحَها،وإنَّ رِيحَها ليُوجَدُ مِن مَسِيرَةِ كَذا وكَذا)) « صحيح مسلم » ( 2128 ) هذا رأيي اتمنى يعجبك و اتمنى محد يهجم ويقول مالك دخل لأنه المفروض ننهي عن المنكر مو نشجع عليه 🫶🏻🫶🏻,negative,,,,True,setup_B,negative,False,"[""other""]",Expresses disapproval of immodest clothing based on religious text,B,"[""other""]"
youtube_arabic_023,arabic,test,كلهن لعبان نفس وتبرج ولا حدة بيهن قدوة القدوة الي توقف بوجه الميركافا الاسرائيلية القدوة الي تقدم اولادها فداء للمقاومة وتحرير الأرض,negative,,,,True,setup_B,negative,False,"[""other""]",Expresses strong disapproval and political commentary against public figures,B,"[""other""]"
youtube_arabic_024,arabic,test,اكو تطبيق ملابسه من كوريه اصنعوه ويبوعوه بل امارات اسم التكبيق شيك بويت احله من شي ان وملابسه اتجنن والخامايه مالته اتخبل و عدهم بس ملابس رحالي ونسائي ولاظي وبناتي واطفال اهواي اشياء حلوه اكثير انصحكم في اسمه شيك بوين,positive,,,,True,setup_B,positive,False,"[""quality"", ""product_praise""]",Strongly praises the quality and variety of clothes on the app.,B,"[""quality"", ""product_praise"", ""other""]"
youtube_arabic_025,arabic,test,يقهرني وجههم وتوترهم ترا كذا حسسوها انه فعلا هي مهمة او اعلى منهم المفروض يعاملونها عادي جدا ، انا قابلت مشهورة نسيت اسمها المهم سمراء متزوجة امريكي عاملتها عادي جدا هي بني ادمة زيي عادي,negative,,,,True,setup_B,negative,False,"[""other""]",Expressing annoyance at how celebrities are treated with excessive importance,B,"[""other""]"
youtube_arabic_026,arabic,test,اسوء شيء جورجينا لا منظر شلون صدرها صاير ولا مناسب ولا شيء الحين هذا عجبكم بس لانه جورجينا لاتقصون على عقول ناس صغيرة ولا وحدة حلوة 😅,negative,,,,True,setup_B,negative,False,"[""quality"", ""other""]",Strong criticism of the appearance and fit of the outfit worn by Georgina,B,"[""quality"", ""other""]"
youtube_arabic_027,arabic,test,ولله صار معي هلموقف بخطبة قريب،علي. كتير فلازم كون متشيكة ف عرسوا قمت لبست فستان من خزانتي لكن فخم وموضة فا غطييييت ع لعروووووسة حرفيا 😂😂😂,positive,,,,True,setup_B,positive,False,"[""product_praise""]",Amused anecdote about wearing a gorgeous dress that outshone the bride,B,"[""product_praise"", ""other""]"
youtube_arabic_028,arabic,test,البساطة و الأشياء السادة الي بيها تفاصيل صغيرة بس تأثر هواية على اللبس دائمًا تخلي شكل اللبس راقي و أنيق أكثر من اللبس المبهرج.,positive,,,,True,setup_B,positive,False,"[""product_praise""]",Appreciates simple and elegant clothing details over flashy styles.,B,"[""product_praise"", ""other""]"
youtube_arabic_029,arabic,test,ترا جوجي الحين شايفتهم اوفر لانو بالنسبة لها هذا ايفينت عادي مو عرس وذول لابسين ريش يعني هما الي طالع شكلهم مو حلوة وسط ايفينت تبع عطر,negative,,,,True,setup_B,negative,False,"[""other""]",Critical commentary on people's outfits at an event,B,"[""other""]"
youtube_arabic_030,arabic,test,سبحان الله الناس بوجهين ✨ تعديل : صرت مشهوره ب 72 لايك شكرا اول مره اوصل هذا العدد الكبير بالنسبة لي✨🫶🫂 تعديل مره اخرى✨ : صار عندي 80 لايك خلاص لحد يسوي لايك 🤣 اسفه تعديل مره اخرى : وصلت ٩١ لايك 🎀✨✨✨🥹,positive,,,,True,setup_B,positive,False,"[""other""]",The user is excitedly expressing joy over getting likes on their post.,B,"[""other""]"
youtube_arabic_031,arabic,test,في حقيق حسيتهم مسترين احسن من جورجينا انتم تدعمون الجانب الخاطئ لو كنتم مسلمين لشكرتم تسترهم مش وحدة اجنبية لبس على المفضوح ملابس ضيق الغرب مح شيء اسمه حشم حسيتكم مغسولين دماغ فقلت اعاود ارجعهلكم لاشكر على واجب😊😊❤❤,negative,,,,True,setup_B,negative,False,"[""returns_refunds"", ""quality"", ""other""]",Customer is returning an item due to modesty concerns and criticizing the brand's association with a less modest style.,B,"[""returns_refunds"", ""quality""]"
youtube_arabic_032,arabic,test,ما تخافون من الله انتم تقولون انكم مسلمون بس تكذبون على انفسكم والله انكم مو مسلمون طيب وين الاسلام حسبي الله ونعم الوكيل فيكم 😊😊,negative,,,,True,setup_B,negative,False,"[""customer_service"", ""other""]",Strong condemnation and anger towards the company's integrity,B,"[""customer_service"", ""other""]"
youtube_arabic_033,arabic,test,لو انهن قدمن ثقافتهن باللباسهن الاسلامي...العباءة الخليجية...والكحل العربي لقدمن الجمال العربي الحقيقي المتميز.... لكن ظهرن كالدجاجات في القفص...,negative,,,,True,setup_B,negative,False,"[""other""]",Disapproving critique of how cultural clothing was presented,B,"[""other""]"
youtube_arabic_034,arabic,test,وعليمن شايفه نفسها حتى زواج ممزوجها يعني ك ح ..ومامستور لبسها وعمليات التنحيف والتجميل مستمره وشكو اخليلها قيمه عديمة الش. Rف,negative,,,,True,setup_B,negative,False,"[""other""]",Harsh criticism and insults directed at someone's appearance and lifestyle,B,"[""other""]"
youtube_arabic_035,arabic,test,هذني خو الكاعدات فد حياية 🐍 ورة ضهرها يحجن عليها كدامها جورجينا ما جورجينا ولبسج حلو عود حسبالهن جورجينا ما ترجم الكلام وتعرف منو ألححت عليها ونوب يصورن ويحجن استخفر الله 😢,negative,,,,True,setup_B,negative,False,"[""other""]",Expressing anger and disappointment over two-faced behavior and gossip.,B,"[""other""]"
youtube_arabic_036,arabic,test,لبسها بسيط جدا بس الي خلاها مميزة انو ما اجت مثل العرب لابسين ريش 😂😂 واحلا وحدة في هذا الحفل هي نارين بساطة ولون ابيض غير عن الكل ❤,positive,,,,True,setup_B,positive,False,"[""product_praise""]",Compliments Nareen's simple and unique white dress at the event,B,"[""product_praise"", ""other""]"
youtube_arabic_037,arabic,test,﴿ يَوْمَ تُقَلَّبُ وُجُوهُهُمْ فِي النَّارِ يَقُولُونَ يَا لَيْتَنَا أَطَعْنَا اللَّهَ وَأَطَعْنَا الرَّسُولَا ﴾ [الأحزاب: 66].,neutral,,,,True,setup_B,neutral,False,"[""other""]",Quranic verse sharing a religious reminder,B,"[""other""]"
youtube_arabic_038,arabic,test,جدا رخيص اللي لابسته مو بقيمته اتكلم عن الشكل ماكان وقتها فيه احد يلبسها السنتيان هل طبيعي يكون قاسم صدري نصين وانا لابسه ضيق ؟؟ جدا سئي اللي لابسته,negative,,,,True,setup_B,negative,False,"[""quality"", ""price""]",Complains about the cheap appearance and poor fit of the clothing item,B,"[""quality"", ""price"", ""sizing""]"
youtube_arabic_039,arabic,test,كلهم ملابس 👎🏻 خاصة دي الوردي الفاقع وجورجينا ما يناسبها الثوب خاصة من فوق ودي الي لابسه أبيض أو طالع وردي فاتح بسبب الاضاءة يعني عادي اهون منهم,negative,,,,True,setup_B,negative,False,"[""quality"", ""other""]",Criticizing the appearance and design of the clothing.,B,"[""quality"", ""other""]"
youtube_arabic_040,arabic,test,استغفرالله العظيم واتوب اليه تفضلوا وحده ماهي مسلمة علي هولاء العربيات الله يهديهم ويصلحهم ويدلهم علي طريق الحق والصواب الحمدلله الذين عافنا كيف البأس لزق عليها اية جمال واناقة الله يارب بس يصرفها علي بلدها من غير رجعة لا أعلم لما عاملين لها قيمة افنتات وكلام فاضي لا فايدة منها اعوذا بالله من غضب الله,negative,,,,True,setup_B,negative,False,"[""other""]",Strong condemnation and negative remarks about a non-Muslim woman and Arab women.,B,"[""other""]"
youtube_arabic_041,arabic,test,علي فكرة جورجينا مو حلوة بس بتخلي في أي مكان الناس تنجذبلها من تصرفاتها بتحسسك انها حدا كتير مهم واثقة من حالها لدرجة تخليك تنبهر بيها و تتعامل معاها كانك أقل منها,neutral,,,,True,setup_B,neutral,False,"[""other""]",Commentary on a celebrity's personality and presence rather than a customer experience,B,"[""other""]"
youtube_arabic_042,arabic,test,ترا يلعبن النفس جورجينا ترا احله شني دجاجه لابسين هيج وناشرين ستوري على سناب يعبو على لبسها خلي يشوفون شكلهم بالاول صدك من كال ما يعب الا الميعوب,negative,,,,True,setup_B,negative,False,"[""other""]",Strong negative criticism towards individuals and their appearance.,B,"[""other""]"
youtube_arabic_043,arabic,test,العرب اعطوها قيمه أكثر من اللي تستاهل كريستيانو رجل جيد ولاعب مجتهد يستفيد منه العرب وابنائهم اما الزوجه ما هي الا طاقه سلبيه تنشر اللباس الفاسد في بنات المسلمين لكي تأثير على عقليتهم ولكن هيهات هيهات أنها المملكه العربيه السعوديه ديروا بالكم شويه أخوتكم من المغرب,negative,,,,True,setup_B,negative,False,"[""other""]",Critical commentary on cultural influence and values,B,"[""other""]"
youtube_arabic_044,arabic,test,لااا بساطه و لا ثقه و لا هل الكلام كله جورجينا اكثر مشهوره معروفه شكد تحب تلبس أرقى لبس و أشهر مجوهرات و ماركات و هي سوت هيج حتى تصير ترند لان اللي متابعها بالاتستا راح يعرف هي شنو تلبس حتى عدها جلسه على البحر لابسه لبس سباحه وياه لابسه مجوهرات وين البساطه اللي تحجون عليها,negative,,,,True,setup_B,negative,False,"[""other""]",Criticizing claims of simplicity about a famous personality.,B,"[""other""]"
youtube_arabic_045,arabic,test,بعدين الاشئ مش بالملابس الاشئ بالأخلاق وثقه النفس مش المظهر وهي لأنها ناجحه عملت عطر مش مثلهم لو كانو ناجحات بكونو مثلها فما في حاجه يتكلمون عنها بالعاطل ناس قليلة أدب واحترام حسبنا الله و نعم الوكيل فيهن,negative,,,,True,setup_B,negative,False,"[""other""]",Defending someone against negative talk about their character and success,B,"[""other""]"
youtube_arabic_046,arabic,test,واقفين امامها كانهم خدم عندها يا بنات قفوا بشكل مستقيم ولا تنحنوا ولا تتململوا بل قفوا مثل الحائط وحركة الراس بطيئة وبلاش الريش في الملابس انتي مش في غرفة النوم وبلاش الزينة الكثيرة او الذهب الكثير لو عايزين تكونو مودرن مش بلدي وبلاش الوقوف لامراة هي تقعد وقوفكم ليها خلاها تضهر كانها صاحبت الشركة وانتوا جايين تقدموا على وضيفة,negative,,,,True,setup_B,negative,False,"[""other""]",Harsh criticism of models or hostesses appearance and posture,B,"[""other""]"
youtube_arabic_047,arabic,test,حبيباتي المنشور بالاخر فقط للضحك ومو قصدي في لبس اي شخص ويا ريت تدعموني بلايك وسبسكرايب وشير ل تشوفي فيدوهات عن شي ان وتنسيقات ونورتو القناة جميعا❤,positive,,,,True,setup_B,positive,False,"[""other""]",Friendly message welcoming viewers and asking for channel support,B,"[""other""]"
youtube_arabic_048,arabic,test,أنا نشوف كل شي في الثقة بالنفس، تبارك الله كلهن جميلات بطريقة 🩷 لكن الثقة التي نهضن بها كانت منخفضة من الخجل بلبسهن أما هي العكس تماما، وفي النهاية السترة والحياء زينين,positive,,,,True,setup_B,positive,False,"[""other""]","Praising self-confidence, modesty, and character.",B,"[""other""]"
youtube_arabic_049,arabic,test,يا الله فاشيله الدكتوره خلود ونهى نبيل ولا اسوء على اللبس اللي لبسوه وتكشخو بالاخير لقوا جورجينا لابسه لبس من شي ان صدق 😂😂😂😂😊😊بس الصراحه انه حرام يعني هم مسلمين ويلبسون كذا بس الله يهديهم ❤❤😊,negative,,,,True,setup_B,negative,False,"[""quality"", ""other""]",Criticizing the public figures' fashion choices and comparing them unfavorably,B,"[""quality"", ""other""]"
youtube_arabic_050,arabic,test,بنات من وجهه نظري الفنانات العربيات لابسين لبس طويل ومحترم ويلحق باعمارهم رغم الريش اما جورجينا لبسها كثيييير ضيق وصدرها باين مقسوم نصين من فوق وكرشها واضح والفستان عباره عن كسرات وشفاف بلتصوير فه بلا تنمر وتشوفون الاجانب احسن مننا ع الاقل لبسو شي طويل ++وقفوا احتراما لها,negative,,,,True,setup_B,negative,False,"[""other""]",Criticizing a celebrity's outfit and appearance negatively.,B,"[""other""]"
youtube_arabic_051,arabic,test,اللهم أنت ربي لا إله إلا أنت خلقتني وأنا عبدك وأنا على عهدك ووعدك ما استطعت أعوذ بك من شر ما صنعت أبوء لك بنعمتك علي وأبوء لك بذنبي فاغفر لي فإنه لا يغفر إلا أنت,neutral,,,,True,setup_B,neutral,False,"[""other""]",Sharing a well-known religious supplication (Sayyid al-Istighfar),B,"[""other""]"
youtube_arabic_052,arabic,test,على فكرة استايل الفستان بتاع جوجينا كده اصلا مش من شي ان ولا حاجة وفي كذا واحدة لابسة نفس الفستان بنفس الطريقة .... وغير كده هي مش لابسة ريش يعني,neutral,,,,True,setup_B,neutral,False,"[""other""]",A factual observation clarifying the origin and style of a dress.,B,"[""other""]"
youtube_arabic_053,arabic,test,شوف شلون ؟؟ يعني ابليس عابد لله سبعين الف سنة بسبب ذنب واحد خرج من رحمة الله شوف شلون ؟؟ انتِ ورا كل هاي الذنوب والمعاصي دَ تنامين وتكعدين ثاني يوم عادي شوف شلون ؟؟ يعني هو الي يكدر يقبض روحج بثانية وحدة لسة مخليج عايشة ع ذنوبج شوف شلون؟؟ الله شكد رحيم بعباده ..,neutral,,,,True,setup_B,neutral,False,"[""other""]",Reflective and religious commentary on God's mercy and human sins.,B,"[""other""]"
youtube_arabic_054,arabic,test,في كل دول الاروبيه جورجينا هي لا تعدا كونها صديقه رونالدو.. اما دول الخليج هي اهم من رونالدو نفسو محشورة في كل مناسبة ختي احيانا احسها تسال نفسها انا ليش هون..,neutral,,,,True,setup_B,neutral,False,"[""other""]",Observational commentary on cultural perceptions of a celebrity without expressing personal positive or negative sentiment,B,"[""other""]"
youtube_arabic_055,arabic,test,يعني حتى مشد ملابسة و ملابسها بسيطة و المكياج خفيف و شعرها عادي و همة مخلين طن مكياج و ملابسهم كلها وبر و شعرهم جنهم راح يتزوجون و لابسين مليون مشد,negative,,,,True,setup_B,negative,False,"[""quality"", ""other""]",Criticizing the poor appearance and heavy makeup of others compared to simpler styles,B,"[""quality"", ""other""]"
youtube_arabic_056,arabic,test,صدك يحجون وحدة لابسة وردي وحدة لابسة فوشي وحدة لابسة بنفسجي 😂؟؟؟ بس اجت جورجينا وغطت عليهممممم بالفخامة والاناقة والشياكة 🙂↔️🪄,positive,,,,True,setup_B,positive,False,"[""product_praise""]",Praising Georgina's outfit and elegance compared to others,B,"[""product_praise""]"
youtube_arabic_057,arabic,test,لماذا التنمر هن احلى منها مستورات لكن طريقة استقبالها هو احترام لها لانها ضيفة وغريبة عن البلد ...وحتى قوامها مو مزلوط😂😂😂,negative,,,,True,setup_B,negative,False,"[""other""]",The post discusses and condemns bullying towards someone based on their appearance and origin.,B,"[""other""]"
youtube_arabic_058,arabic,test,اني من عشاق كريستيانو بس احس الناس مكبريهة حيل يعني هية حلوة بس مو الجمال الي الناس يحجون بي يعني عادية وحلوة بس اكو احلة. والله مو غيرة لو حقد بس صدك انتو تكبرون بل عالم,neutral,,,,True,setup_B,neutral,False,"[""other""]",Expressing a balanced personal opinion about someone's appearance without strong positive or negative emotion.,B,"[""other""]"
youtube_arabic_059,arabic,test,والله مش بتريق بش اللبس اللي هما لابسينه ده لبس العراايس في مصر يوم الصباحية ومش بتطلع بيه حتي تستقبل ضيوف ده والله الاناقة في الرقي والبساطة,negative,,,,True,setup_B,negative,False,"[""quality"", ""other""]",Criticizes the clothing style as overly flashy and lacking true elegance.,B,"[""quality"", ""other""]"
youtube_arabic_060,arabic,test,المشكلة ليست في اللبس المشكلة في الثقة في النفس هما باين انهم اول ما شافوها احرجو و بيرتجفة كأنهم شايفين عزرائيل حتى وقفتهم صارت وقفة عجائز,neutral,,,,True,setup_B,negative,False,"[""other""]",Negative commentary on people looking uncomfortable and lacking confidence,B,"[""other""]"
youtube_arabic_061,arabic,test,فعلن خير :ذي الي لبسه بنفسجي مدري شسمه بس خلونا نسميه رقيه والي لبسه وردي فوشي نسميه ساره والي لبسه وردي فاتح نسميه لطيفه رقيه صورت شورت وهي تطقطق على جورجينا عشان لبسه والي معه في بنت معه في الشورت بس ياربي نسيت اسمه وكانت ثلاثا قامو يتنمرو عليه وقدامه زي الكلب معليش بس ذي الحقيقه 🥹🌷قدروني بالايك,negative,,,,True,setup_B,negative,False,"[""other""]",The user is expressing strong disapproval and calling out bullying behavior among influencers.,B,"[""other""]"
youtube_arabic_062,arabic,test,المشكلة هي اعطاء قيمة لمن لا قيمة له ، فتترسخ في عقول الناس ويربتط في دهنهم ان فلانة خارقة الجمال فيصبح الكل يراها جميلة وحتى اجمل منه كما وقع مع الهيفة,negative,,,,True,setup_B,negative,False,"[""other""]",Critical commentary on how society perceives and elevates unworthy figures.,B,"[""other""]"
youtube_arabic_063,arabic,test,ليش قله الثقه هذه منهم مع انو كل وحده بالسناب ما شاءالله على ثقتها و ردها 😂😂؟؟كانو مشرفه القاعه دخّلت عليهم و شافتهم بزي الهالويين مو الرسمي😂😂😂😂,negative,,,,True,setup_B,negative,True,"[""other""]",Sarcastic mockery of influencers' confidence compared to reality,B,"[""other""]"
youtube_arabic_064,arabic,test,عبالهن هنه احلى اطلاله وحده دكل الثانيه اني اغغلى من فستانج ميدرن جورجينا فستانهه نص كليهه وييحجن من وراهه نفس الجلب بس يعني جلب وفي ميصير اكول عليهن جلب,negative,,,,True,setup_B,negative,False,"[""other""]",Derogatory and critical comments about outfits and behavior,B,"[""other""]"
youtube_arabic_065,arabic,test,تستحقون يا عرب ! أولا هذا تعبير منها على أنها لا تعطي قيمة للحضور أما لو كانت بدولة أوربية من طبيعة الحال سترتدي آخر ما دُرج ، ثانيا حضرت بعقلية امرأة الاعمال التي ستعقد صفقتها فبلد ينبهر بالتفاهات و تذهب و ليس لأمر آخر,negative,,,,True,setup_B,negative,False,"[""other""]",Harsh criticism of someone's disrespectful behavior and appearance during an event in an Arab country.,B,"[""other""]"
youtube_arabic_066,arabic,test,شكلي الوحيدة الي حاسة لبس جورجينا ابد مو زابط لان ضيق كتير وحتى من فوق ضيق ومو مقاسها وطالعة مبهدلة بس الخدعة فين انها مالبست شي يلفت النظر عشان التركيز كله على العطر وينشهر عطرها,negative,,,,True,setup_B,negative,False,"[""sizing"", ""other""]",Criticizing the fit and appearance of an outfit while noting a marketing trick,B,"[""sizing"", ""quality""]"
youtube_arabic_067,arabic,test,الغراب والدجاجات الثلاثة😂😂 تعديل : سعيدة جدا ان تعليقي خلا الابتسامة على وجوه بزاف ناس تحياتي .. نحن نمزح ولا نقصد اهانة أحد 😅,positive,,,,True,setup_B,positive,False,"[""other""]",The user is expressing happiness that their comment brought a smile to people and clarifying it was just a joke.,B,"[""other""]"
youtube_arabic_068,arabic,test,استغفر الله العظيم شو ذا اللبس والعياذ بالله استغفر الله 💚 الحمدالله 🩷 لا اله الا الله 🩵 🫐 الله أكبر 🫀❤️استغفر الله 💚 الحمدالله 🩷 لا اله الا الله 🩵 🫐 الله أكبر 🫀❤️استغفر الله 💚 الحمدالله 🩷 لا اله الا الله 🩵 🫐 الله أكبر 🫀❤️استغفر الله 💚 الحمدالله 🩷 لا اله الا الله 🩵 🫐 الله أكبر 🫀❤️استغفر الله 💚 الحمدالله 🩷 لا اله الا الله 🩵 🫐 الله أكبر 🫀❤️,negative,,,,True,setup_B,negative,False,"[""other""]",Expressing disapproval of clothing using religious phrases,B,"[""quality"", ""other""]"
youtube_arabic_069,arabic,test,المال يصنع الثقة مثلا قولولي لو انا صح ولا لا اذا دخلت محل بقالة سوبر ماركت وما معاك الا قليل من المال التردد والقلق واحيانا الخوف من ان مالك لن يكفيك وستخرج هنا كيف تكون نفسيتك رغم انك لم تصل لتحاسب بعد ولما يكون محفظتك مليانة ودخلت السوبر ماركت كيف بتكون نفسيتك وانت بتتسوق وكيف نفسيتك وانت امام الكاشير انا رايي ان الثراء الذي وصلتلو أعطاها الثقة والأريحية في التصرف والتعامل مع الناس,neutral,,,,True,setup_B,neutral,False,"[""other""]",Discussing the psychological effect of wealth and money while shopping,B,"[""other""]"
youtube_arabic_070,arabic,test,كانوا يفتحوا فيديوهات هذول البنات قليلات الأدب و يسبوها و هي عازمتهم و قدامها على أساس يحترموها و وحدة قالت جورجيا حسدتني عشان عيني على أساس مهمة بيكم عزمتكم شفقة,negative,,,,True,setup_B,negative,False,"[""other""]",Expressing strong anger and criticism towards guests who mocked their host after being invited out of pity.,B,"[""other""]"
youtube_arabic_071,arabic,test,نصيحة صغيرة، ياليت ما ننشر موسیقی وصور نساء❤خوفًا من حمل ذنب كل شخص سمعها وشافها ، وخوفًا من حمل ذنب المجاهرة بالمعصية، وطاعةً للهِ، وحبًا لجنتهِ,neutral,,,,True,setup_B,neutral,False,"[""other""]",A friendly religious reminder and advice,B,"[""other""]"
youtube_arabic_072,arabic,test,اخطاء بالجمله في لبس طورشينا اللون مش حلو عليها ابدااااا طفيها التفصيله جدا مبينه ديفوهات الجسم خصوصي من منطقه الصدر جدا غير مناسب اللوك بوجهه عام مو مناسب للمناسبه عادي جدا جدا وأقل من العادي لكنكم تحبون الغرب وعجبي 🙄🙄,negative,,,,True,setup_B,negative,False,"[""quality"", ""sizing"", ""other""]","Severe criticism of the dress color, fit, and overall look.",B,"[""quality"", ""sizing""]"
youtube_arabic_073,arabic,test,الي يقولون جورجيا لبسها اغلى طيب يمكن غالي بس الافضل ك شكل البنات⚡🌷 ادري كلهم يمدحون جورجينا عشان يحبونها بس⚡⚔️ ما يقولون الصدق 💕 بدون تهجم...🌷💗,neutral,,,,True,setup_B,neutral,False,"[""price"", ""other""]",Comparing clothing prices and styling preferences neutrally.,B,"[""price"", ""other""]"
youtube_arabic_074,arabic,test,احنا شي ان يوصل 6/27سبعه وعشرين سته الحين 6/23 يوم الاثنين طلبت اشياء تجنن انصحكم تطلبون من شي ان والله يجنن فيه كل شي هههه❤,positive,,,,True,setup_B,positive,False,"[""delivery"", ""product_praise""]",The user is happy with the fast delivery and strongly recommends the products.,B,"[""delivery"", ""product_praise""]"
youtube_arabic_075,arabic,test,من ابتغى العزة بغير الاسلام ذل و الله لو لبستم عباية بسيطة و حجابكم فوق راسكم و كنتم مقتنعين بانفسكم ما تجي لا هادي و لا الف زيها يهزوا شعرة من راسكم بس يا اسفي,negative,,,,True,setup_B,negative,False,"[""other""]",Expressing disappointment and criticism regarding adherence to Islamic values and attire,B,"[""other""]"
youtube_arabic_076,arabic,test,من شي أن أو غيرها البنت احلا منهم هم شنو لابسين لبسهم يلعب النفس عبالك هذا مال النوم كله ريش و جورجينا احلا منهم باضعاف على شنو شايفات روحهن كلهم عمليات تجميل وثاني شي ترا مو عيب وحده تلبس من شي أن على الأقل مرتب وحلو بس بس هن مو صوجهن صوج اللي عزم هيج نماذج مقرفه,negative,,,,True,setup_B,negative,False,"[""quality"", ""other""]",Strong criticism of the outfits and appearance of influencers,B,"[""quality"", ""other""]"
youtube_arabic_077,arabic,test,نصيحه حاولو تنتبهو من وضع ونشر صور النساء عشان الذنوب فلا يجوز وضع صور النساء بحيث يطلع عليها الرجال سواء في مواقع التواصل أم غيرها، وسواء وضعت الفتاة صورتها أم وضعت صورة غيرها، فكل ذلك من أسباب الفتنة، وقد ثبت في الحديث الصحيح عن أسامة بن زيد ـ رضي الله عنهما ـ قال: قال رسول الله صلى الله عليه وسلم: ما تركت بعدى فتنة هي أضر على الرجال من النساء.,neutral,,,,True,setup_B,neutral,False,"[""other""]",Religious advice regarding social media conduct,B,"[""other""]"
youtube_arabic_078,arabic,test,ليش كلهم لابسين ريش ماني فاهمة اكمام الريش راحت موضتها اصلا مو حلوة بس ضحكوني كيف قعدو يتمسخرو على نفسهم بعد ما راحت جورجينا😭😭,negative,,,,True,setup_B,negative,False,"[""other""]",Criticizing the feather sleeves fashion trend as outdated and unattractive,B,"[""other""]"
youtube_arabic_079,arabic,test,بصراحه مو علشان ديني وبس وربي اصلا ملابسهم الذوق بالسالب لاني ما احب الضيق -الفاقع-التصميم القديم مرا فساتين الحريم والبنت ذي معفنه 🗿💔☝🏻,negative,,,,True,setup_B,negative,False,"[""quality"", ""sizing"", ""other""]",Strong negative critique of clothing design and style,B,"[""quality"", ""sizing""]"
youtube_arabic_080,arabic,test,سمعت كلامهن على هاد اللقاء هم كاو طلبو منهم يلبسو الوان ولباس مناسبات زبالة جرجينا لبست فستان سانمبل عادي وخلاتهم كيشوفو فبعضهم,negative,,,,True,setup_B,negative,False,"[""other""]",Criticizing the outfits and overall situation in the meeting,B,"[""other""]"
youtube_arabic_081,arabic,test,اصلا شخص باليوتيوب كال هن البنات ماشيات صح لان فد شي مال عطر وردي لازم كان يلبسون وردي لذلك هن طبقن بس جورجينا خالفت فهي الغلط ونشاز وهن الصح. كافي تقلدون على ناس من جلدتكم,negative,,,,True,setup_B,negative,False,"[""other""]",Criticizing social media behavior and people mocking others for their choices,B,"[""other""]"
youtube_arabic_082,arabic,test,ترا طبلتوا لها اوفر وربي ستايلها خايس والسنتيانه ضيقه واضح مو مرتاحه لبسها ضيق طلع لها كرش وربي العربيات افضل منها وشذا الانبطاح يا عرب رفعتوها سماء صح اني ما احب البنات العربيات الي بالفيديو ولكن اطلالاتهم صدق كشخه وبارزه وفخمه,negative,,,,True,setup_B,negative,False,"[""sizing"", ""quality"", ""other""]",Criticism of the outfit's fit and style,B,"[""sizing"", ""quality"", ""other""]"
youtube_arabic_083,arabic,test,خواتهن في الحاره 1_اختي ف إجتماع مع جورجينا 2_ استودعتك الله ي أختي لقطة تجمع اختي الكبيره مع جورجينا 3_سندي مع جورجينا في بارتي خاص,neutral,,,,True,setup_B,neutral,False,"[""other""]",Sharing lighthearted posts about a sister meeting a celebrity,B,"[""other""]"
youtube_arabic_084,arabic,test,اولا الفرو والترتر استايل تسعينات انا امي هي اللي كانت بتلبس فرو وترتر مش فاهمه استايل اي اللي غالي دا بصراحه اللبس مش بغلاه بالزوق,negative,,,,True,setup_B,negative,False,"[""quality"", ""price""]",Criticizing the outdated style and high price of the clothing,B,"[""quality"", ""price""]"
youtube_arabic_085,arabic,test,وحدة جالسة جنبهم ماسكة تلفونها لابسة اسود ماقامت من مكانها ما بعرف بس حسيتها قاصدة انها ماتعطيها وجه يمكن من الغيرة كأنو مااشفتك بس ماعلينا من هدا كله...ياريت سوو متلها ولا البهدلة هادي 😂😂😂,mixed,,,,True,setup_B,mixed,False,"[""other""]",The user describes a negative social observation followed by laughter at a messy situation,B,"[""customer_service"", ""other""]"
youtube_arabic_086,arabic,test,نصيحه حاولو تنتبهو من وضع ونشر صور النساء والموسيقى عشان الذنوي ورسم ووضع صور الرسومات الي تشبه الحقيقه كثير وانكم تقولو لناس عن اسماء المسلسلات او الاغاني او البرنامج او القنوات عشان يمكن يكون فيها موسيقى ولا بنات ول رسومات واحد يروح لهم و الله اعلم جزاكم الله خير,neutral,,,,True,setup_B,neutral,False,"[""other""]",Friendly religious advice about avoiding certain types of media content,B,"[""other""]"
youtube_arabic_087,arabic,test,لبسهم صح شوي اوفر بس هاد ايفنت مشهور اكيد رح يلبسو شي اوفر تما اللي يحكي لبس جورجينا حلو فهاد ذره الزوق مو عندو وما يفهم بالبس,negative,,,,True,setup_B,negative,False,"[""quality"", ""other""]",Critical of the fashion choices and expresses strong disapproval of public taste.,B,"[""quality"", ""other""]"
youtube_arabic_088,arabic,test,يعني محدا شاف صدر جورجينا والبرا الي شكلا غلط اوك اطلاله بسيطه بس مو كلاس وكمان الباقي مو حلو بس ما شفت حدا علق على هالنقطه,negative,,,,True,setup_B,negative,False,"[""quality"", ""other""]",Criticism of an outfit's appearance and design choices.,B,"[""quality"", ""other""]"
youtube_arabic_089,arabic,test,حقيقة محزنة: احاول تقديم محتوى جيد 😢 لكن لااحد يشجعني، يارب ارزق الصحة والعافية لكل من يشجعني يارب احفظ له والديه يارب ارزق الذرية الصالحة لكل محروم الله يبيض وجهك❤😢..,negative,,,,True,setup_B,mixed,False,"[""other""]",Expresses sadness over lack of support but also shares positive prayers and gratitude for supporters.,B,"[""other""]"
youtube_arabic_090,arabic,test,والله احب هاي البنيه ما اعرف ليش فد حبابه واحسها انسانه طيبه وحسها تساعد الناس وحسها يعني قلبها ابيض نظيف ما بي حقد ما ابي كراهيه احسها نظيفه من كل النواحي احسها ام حنونه تحب اطفالها تحب زوجها ربي يحفظهم ان شاء الله,positive,,,,True,setup_B,positive,False,"[""other""]",Expresses genuine affection and admiration for a person's good character,B,"[""other""]"
youtube_arabic_091,arabic,test,حبيبتي ليش الفديوهات الأخيرة الك كلها كانت قصيرة 💔😞بصراحة مااحب هيك فديوهات احبها تكون طويلة لان هيك مانفهم شي ودغري يخلص,negative,,,,True,setup_B,negative,False,"[""other""]",Expresses disappointment and dissatisfaction with the short length of the videos,B,"[""other""]"
youtube_arabic_092,arabic,test,7:31 انتبهى ..كانوا ولادى كبروا وحبت مثل الاساور دول ..قامت بنت أخى فرطتتهم بفمها 😮..وكانت هتبلع منهم بالغلط فى ثانية ..الله ستر وخرجتهم بسرعة من فمها ..لكن رعبتنى وما عاد لبستهم وفى اطفال ابدااا لكن عندى كتير شيلاهم بعيييييد,negative,,,,True,setup_B,negative,False,"[""quality"", ""other""]",Describes a terrifying safety hazard involving children and small items.,B,"[""quality"", ""other""]"
youtube_arabic_093,arabic,test,سجاده تبع المطبخ الي بيهه رسمات خضروات تركيهه الشتاء دفي تحت رجلين بالشتاء خليهه من توقفو على مجا أو من توقفون على طباخ أو بصف براد الثلاجه دفي بلشتويه,positive,,,,True,setup_B,positive,False,"[""quality"", ""product_praise""]",The user is praising the kitchen rug for keeping their feet warm during winter.,B,"[""product_praise"", ""quality""]"
youtube_arabic_094,arabic,test,ساره اني قبل ماكنت اعرف اسوي ميكب بس هلا حتى ائرايبي يتون اليه عمود اعمللهم ميكب وقبل كنت اوجه هواي تنمر من وره سماري وعلى رغم اني عاجبني سماري وحيل اضوج من شخص يكلي سمره انت بس اني مو سمره اني حنطاويه ف مذيتني هاي كلمه 🌷,mixed,,,,True,setup_B,mixed,False,"[""other""]","The user shares a mix of pride in their makeup skills and success, alongside painful experiences of bullying and colorism regarding their skin tone.",B,"[""other""]"
youtube_arabic_095,arabic,test,سارة امانة لمن تحكي كلمات انجليزي حاولي اكتبي ترجمتها تحت مع المونتاج لانو كلامتك حلوة وانا بسمعها كتير لكن ما بعرف شو معناها وبتعب بش اضل اكلع من الفيديو واترجمها ومتاكدة في كتير بنات عندهم نفس الطلب بليييز يا حبييي ❤,positive,,,,True,setup_B,positive,False,"[""customer_service"", ""other""]",A kind request for translation assistance with lovely words of appreciation,B,"[""other""]"
youtube_arabic_096,arabic,test,مساء الخير كيفكم أنا من سكان أهل غزة و اسفة ع الدخول بالتعليقات والله بس انا طالبه جامعية و الله أنه ساكنين بخيمة و الوضع المالي سيئ كتتير انا مش طالبه غير ادفع حق الساعات الدراسية للجامعة بس لو 3 ساعات والله انا تخصصي تمريض سنة تالته و الحمد لله ومعدلي حلو و بنزل تدريب بتمني تساعديني و كل املي فيك بتمني حدا يساعدني لو بمبلغ بسيط من كل شخص واذا حابب تساعديني ببعتلك رقم جامعتي وانت تسجلهم و ببعتلك كل شي عن الخيمة و كيف وضعنا أمانة تساعدوني 😭😭😭,negative,,,,True,setup_B,negative,False,"[""other""]",Distressing personal plea for financial help regarding university tuition fees due to difficult living conditions in Gaza,B,"[""other""]"
youtube_arabic_097,arabic,test,ضحى مو مجرد قصة نشوفها ونسكر الفيديو... ضحى إنسانة تستحق الأمان والحق والوقفة الصادقة. يمكن صوتنا ما يغيّر الماضي، بس ممكن يغيّر مستقبلها. لا تخلّون صوت ضحى يضيع، انشروا قصتها وكونوا سند إلها. 🤍 #انقذوا_ضحى #ساعدوا_ضحى,negative,,,,True,setup_B,negative,False,"[""other""]",A serious plea to support and raise awareness for a person in distress,B,"[""other""]"
youtube_arabic_098,arabic,test,اعملي ملابس شتاء للجامعة ولخروجات شي ان لانو فايتين على شتاء وجامعة 🤍🦋🎀 وكتيرررر نبسطت انها تحكي مع ابنها عربي مش زي لباقي ❤,positive,,,,True,setup_B,positive,False,"[""product_praise"", ""other""]",Expresses excitement and happiness about winter outfits and someone speaking Arabic.,B,"[""other""]"
youtube_arabic_099,arabic,test,شكد حلوه طريقه لاينر الي مسويتها يجنن ميكاب مالتج وانتي حلوه بس فيديوهات قصيره واحنه نحبج ياريت طولين فيديو واذا ماعندج افكار هواي افكار ف مثلا احنه هسه بنات مقبلين ع داوم جامعات شوفينه تنسيقات ميكاب مناسب للمكان نصائح أو مثلا الاغلاط الي نجنبها وإذا انتي ماعندج اطلاع تكدرين تسئلين متابعين ويشاركوج اغلاطهم وانتي عرضيهم حته افكار مال مناسبات فساتين ميكاب هيج احنه نحتاج أو مثلا نصائح للبشره روتينات عنايات تجاربج للمنتجات الي تطلع ترند + احبج واثق بكلشي تمدحين بي❤❤❤❤,mixed,,,,True,setup_B,positive,False,"[""product_praise"", ""other""]","Praising the makeup and creator, while offering helpful suggestions for future content",B,"[""product_praise"", ""other""]"
youtube_arabic_100,arabic,test,سااارة 🥺🥺🥹 حبيبي سويلنا ڤيد عن تجهيز كامل لأساسيات الجامعة شفت هواية فيدوهات بس كل وحدة تحچي حسب النقص الي عدها نريد ڤيد للبنات البيوتات الي ماعندهم تجهيز سابق .. يكون بي القطع الأساسية الي نحتاجهم ومو فقط الوان رسمية بنهاية لازم الوان تكسر 🥹 رفعو تعليقي بنات 🩵,positive,,,,True,setup_B,positive,False,"[""other""]",Friendly and enthusiastic request for a helpful university preparation video.,B,"[""other""]"
youtube_english_001,english,test,Kan ky3aybo fiha meli jat 3a dhom welaw ki lklbat tfo ki dayrat hiya be3da hsen menhoum,mixed,,,,True,setup_B,negative,False,"[""other""]",Insulting and derogatory language used towards people changing their attitude.,B,"[""other""]"
youtube_english_002,english,test,"😊Georgina is malicious, she thought all the actresses wore pink, but she even wore black at a party.",negative,,,,True,setup_B,neutral,False,"[""other""]",Commentary on a celebrity's outfit choice without product or service context,B,"[""other""]"
youtube_english_003,english,test,Happy birthday to happy birthday cardi b I live in the internet❤❤ how do you say happy,positive,,,,True,setup_B,positive,False,"[""other""]",Expressing joy and celebratory wishes for a birthday,B,"[""other""]"
youtube_english_004,english,test,"I’m surprised to read comments saying how elegant Georgina is. As a woman, I love seeing other women who are beautiful and elegant, but Georgina looks like she’s going to a SHEIN spandex party—even her bra looks too tight. She’s the perfect example of “new rich” trying too hard but not quite pulling it off 😂",negative,,,,True,setup_B,negative,False,"[""quality"", ""other""]",Critical commentary on someone's appearance and outfit being low-class,B,"[""quality"", ""other""]"
youtube_english_005,english,test,GURL! Did you forget about us and the 10 days!? Because hun I need my man!😭😭,negative,,,,True,setup_B,negative,False,"[""delivery"", ""customer_service""]",Complaining about a severely delayed shipment.,B,"[""delivery"", ""other""]"
youtube_english_006,english,test,Counted how many times she said matching and she said it 32 times,neutral,,,,True,setup_B,neutral,False,"[""other""]",Observational statement without clear positive or negative sentiment,B,"[""other""]"
youtube_english_007,english,test,This is the definition of overconsumption like do you really need that many bikinis,negative,,,,True,setup_B,negative,False,"[""other""]",Criticism of excessive buying habits,B,"[""other""]"
youtube_english_008,english,test,please don't buy from shein if you have enough money to buy from brands that don't underpay their workers and use child labor!,negative,,,,True,setup_B,negative,False,"[""quality"", ""other""]",Strong ethical condemnation of the brand's labor practices,B,"[""quality"", ""other""]"
youtube_english_009,english,test,The entire haul is AMAZINGGGGG!!!!🥳❤️❤️❤️❤️❤️💗💗💗😍😍😍😍,positive,,,,True,setup_B,positive,False,"[""product_praise""]",High enthusiasm and praise for the entire haul,B,"[""product_praise""]"
youtube_english_010,english,test,Btw dont shop from shein they are know to use child labour and pay their workers literally pennies,negative,,,,True,setup_B,negative,False,"[""other""]",Warning against a brand due to unethical labor practices,B,"[""other""]"
youtube_english_011,english,test,"is their anyway you could make a video on the SHEIN app showing what they are called, I loved everything! I understand if not, I know it is probably very difficult.",positive,,,,True,setup_B,positive,False,"[""product_praise"", ""other""]",The user expresses love for all the items received and makes a friendly request.,B,"[""product_praise"", ""other""]"
youtube_english_012,english,test,ok but like when is ONE person gonna use ALL of this along with their current wardrobe??? i smell overconsumption...,negative,,,,True,setup_B,negative,False,"[""other""]",Critique of overconsumption and product excess.,B,"[""other""]"
youtube_english_013,english,test,Do you need a new swimsuit each day or!?? And yes I liked my own commenttahh,neutral,,,,True,setup_B,neutral,False,"[""other""]",Playful observation about someone's swimsuit choices,B,"[""product_praise"", ""other""]"
youtube_english_014,english,test,"the all bikinis so cute but i think don't show your bottoms in the video because there are a lot of malicious ""MEN"" on the internet",mixed,,,,True,setup_B,mixed,False,"[""product_praise"", ""other""]",Praises the bikinis as cute while expressing concern about inappropriate viewers,B,"[""product_praise"", ""other""]"
youtube_english_015,english,test,"There’s no reason to get 50 bikinis, especially from shein... consumerism like this is not cute",negative,,,,True,setup_B,negative,False,"[""other""]",Criticizing excessive consumerism and buying too many items from a specific brand.,B,"[""other""]"
youtube_english_016,english,test,You said math/matching 37 times yes I took the time to count it,negative,,,,True,setup_B,neutral,False,"[""other""]",The user is casually pointing out a repetitive word count without strong positive or negative emotion.,B,"[""other""]"
youtube_english_017,english,test,who in their right mind needs that many swim suits,neutral,,,,True,setup_B,neutral,False,"[""other""]",Expressing mild bewilderment about the quantity of swimsuits without strong positive or negative emotion,B,"[""other""]"
youtube_english_018,english,test,Omg your parents must be so controlling! This year I had to wear a peice of see- through tape to the beach and I thought it was full coverage!! Poor baby.,negative,,,,True,setup_B,negative,True,"[""other""]",Sarcastic mockery of someone's complaint about clothing coverage,B,"[""other""]"
youtube_english_019,english,test,what are the bottoms covering? They are so tiny. (not tryna be rude js saying)😊,negative,,,,True,setup_B,negative,False,"[""sizing"", ""quality""]",Complains about the bottoms being too tiny,B,"[""sizing"", ""quality""]"
youtube_english_020,english,test,She’s bought more bathing suits then there are days in the summer 😂😭😭,neutral,,,,True,setup_B,neutral,False,"[""other""]",Amused observation about someone buying many bathing suits without expressing a direct sentiment about a product,B,"[""other""]"
youtube_english_021,english,test,Not to be mom but are you sure those are the full matching bottoms?😅 but besides that they are super cute! ❤,mixed,,,,True,setup_B,mixed,False,"[""sizing"", ""product_praise""]",Expresses concern about the bottoms matching or fitting while praising the cuteness of the item,B,"[""sizing"", ""product_praise""]"
youtube_english_022,english,test,Do you even Really care about the World around you or do you just live in your own overconsumption bubble?,negative,,,,True,setup_B,negative,False,"[""other""]",Accusatory question criticizing overconsumption and lack of awareness,B,"[""other""]"
youtube_english_023,english,test,why so many😭 like there’s literally no way she’ll wear them all this summer,neutral,,,,True,setup_B,neutral,False,"[""other""]",Expresses amusement or disbelief at the quantity of items without negative or positive review sentiment.,B,"[""other""]"
youtube_english_024,english,test,Future self is it going to be anything else than bikini’s?,neutral,,,,True,setup_B,neutral,False,"[""other""]","A casual, lighthearted rhetorical question about future wardrobe choices",B,"[""other""]"
youtube_english_025,english,test,Is it just me or is it that the older u get the smaller the bathing suits get😅😅😅😅,neutral,,,,True,setup_B,neutral,False,"[""sizing""]",Observational and humorous remark about clothing sizes over time,B,"[""sizing"", ""other""]"
youtube_english_026,english,test,"Omg. I can't believe you are doing this. Shein is sooooo bad for the environment. Also, 100% possible child labor. I can't believe that people who have the means to buy higher quality clothes that help our planet are supporting businesses that should be shut down. This is wild. Horrible consumerism.",negative,,,,True,setup_B,negative,False,"[""quality"", ""other""]",Strong criticism of the brand's environmental impact and ethical practices.,B,"[""quality"", ""other""]"
youtube_english_027,english,test,shein scammed me so my mom won’t let me order from it anymore😢,negative,,,,True,setup_B,negative,False,"[""other""]",The user expresses distress about being scammed and banned from ordering.,B,"[""other""]"
youtube_english_028,english,test,Now the question is how much money did she spend lol😂,neutral,,,,True,setup_B,neutral,False,"[""other""]",Amused inquiry about someone's spending without positive or negative evaluation,B,"[""other""]"
youtube_english_029,english,test,She said matching not including match 33 times 🤭😦😯 i think.,neutral,,,,True,setup_B,neutral,False,"[""other""]",A lighthearted and unclear comment about a matching game or phrase,B,"[""other""]"
youtube_english_030,english,test,I HAVE LIKE 100 THINGS IN MY CART FOR THE SUMMER THAT IMMA ORDER,positive,,,,True,setup_B,positive,False,"[""other""]",Excitement about planning a large summer shopping order.,B,"[""other""]"
youtube_english_031,english,test,sorry emma but why does one need so many bikinis... like do u need a new one every week?,negative,,,,True,setup_B,negative,False,"[""other""]",Critical question about someone buying too many bikinis.,B,"[""other""]"
youtube_english_032,english,test,do you think a small would be good for a 12-13 year ?,neutral,,,,True,setup_B,neutral,False,"[""sizing""]",Asking a sizing question about whether a small fits a specific age group.,B,"[""sizing""]"
youtube_english_033,english,test,so we just going to forget about child labor now? btw im not trying to hate!,negative,,,,True,setup_B,negative,False,"[""other""]",Expresses serious concern about an ethical issue despite the disclaimer,B,"[""quality"", ""other""]"
youtube_english_034,english,test,I love that you are happy but she in is a scam and not the best material at all so try shopping for cloths some where else love you so much love the energy❤️❤️,mixed,,,,True,setup_B,mixed,False,"[""quality"", ""other""]",The user compliments the person's energy but complains that the product is a scam with poor material.,B,"[""quality"", ""product_praise"", ""other""]"
youtube_english_035,english,test,It is disgusting how tiny and inappropriate those bikinis were!🙄🤮,negative,,,,True,setup_B,negative,False,"[""sizing"", ""quality""]",Strong negative reaction to the sizing and appropriateness of the product.,B,"[""sizing"", ""quality""]"
youtube_english_036,english,test,"For yall wondering, she said ""matching"" 89 times❤❤",neutral,,,,True,setup_B,neutral,False,"[""other""]",A casual observation about a video without expressing positive or negative feelings,B,"[""other""]"
youtube_english_037,english,test,I’m glad you liked the things my siblings and I made !,positive,,,,True,setup_B,positive,False,"[""product_praise"", ""other""]",Expressing gladness about someone liking handmade items,B,"[""product_praise"", ""other""]"
youtube_english_038,english,test,Isn’t this the influencer who is part of that trending sound “how to be the prettiest girl at your school”😭😭,neutral,,,,True,setup_B,neutral,False,"[""other""]",Asking a question about an influencer and a trending sound without expressing clear positive or negative sentiment.,B,"[""other""]"
youtube_english_039,english,test,Can we talk about climate change and the fact that over consumption and buying to many clothes is harming the environment,negative,,,,True,setup_B,negative,False,"[""other""]",Expresses concern over environmental harm caused by overconsumption of clothing,B,"[""other""]"
youtube_english_040,english,test,Yea we know the bottoms are tiny also SHEIN really,negative,,,,True,setup_B,negative,False,"[""sizing"", ""quality""]",Complaint about tiny bottoms and poor product quality from the brand,B,"[""sizing"", ""quality""]"
youtube_english_041,english,test,Those 2 pieces were soo cuteee🤭💙 but if i had the body i would wear it to😔✌🏿🥀,positive,,,,True,setup_B,positive,False,"[""product_praise""]",Expresses admiration for how cute the items are.,B,"[""product_praise""]"
youtube_english_042,english,test,Baby girl calm down I know your not that exited for some swim suites that will break in one day,negative,,,,True,setup_B,negative,False,"[""quality""]","Critiques the durability of the swimsuits, implying poor quality.",B,"[""quality""]"
youtube_english_043,english,test,I never thought I’d actually see someone this excited to support SHEIN.,negative,,,,True,setup_B,negative,True,"[""other""]",Sarcastic remark expressing disbelief and disapproval of someone supporting SHEIN,B,"[""quality"", ""other""]"
youtube_english_044,english,test,"The amount of times she said “Bikini top, matching bottoms.” was crazy😂😂😂",neutral,,,,True,setup_B,neutral,False,"[""other""]",Amused observation about repetition without expressing positive or negative sentiment toward a product,B,"[""other""]"
youtube_english_045,english,test,I love that she’s excited but shein is so bad girl.. child labor and fast fashion,negative,,,,True,setup_B,negative,False,"[""quality"", ""other""]",Criticism of Shein regarding fast fashion practices and product quality,B,"[""quality"", ""other""]"
youtube_english_046,english,test,I don’t even want to know how much that cost you 😭,negative,,,,True,setup_B,negative,False,"[""price""]",Expresses shock and dismay over high cost,B,"[""price""]"
youtube_english_047,english,test,Guys for anyone wondering clothes come in at 1:22 😂❤acc 2:04 bcs it was pjs,positive,,,,True,setup_B,positive,False,"[""product_praise"", ""sizing""]",Helpful and friendly sharing of clothing timestamps with laughing and heart emojis,B,"[""product_praise"", ""sizing""]"
youtube_english_048,english,test,How can somone even use that many bikinis in one summer😅,neutral,,,,True,setup_B,neutral,False,"[""other""]","A casual, humorous observation about having many bikinis",B,"[""other""]"
youtube_english_049,english,test,I think she said matching like around 40 times lolll,neutral,,,,True,setup_B,neutral,False,"[""other""]",Amused observation without strong positive or negative feelings,B,"[""other""]"
youtube_english_050,english,test,Where are the rest of the bottoms? IM JUST SAYING THEY ARE REVEALING A LOT OK NO HATE,neutral,,,,True,setup_B,neutral,False,"[""sizing"", ""quality""]",Expressing mild surprise about product design without being overly negative.,B,"[""sizing"", ""quality""]"
youtube_english_051,english,test,This lady just called me broke in 39473939287 different languages,negative,,,,True,setup_B,negative,False,"[""customer_service"", ""other""]",User is complaining about a rude interaction with someone.,B,"[""customer_service"", ""other""]"
youtube_english_052,english,test,I’ll never forget that one video you are how u are I know you haven’t changed,negative,,,,True,setup_B,negative,False,"[""other""]",Expressing lingering resentment about past behavior shown in a video,B,"[""other""]"
youtube_english_053,english,test,"“how to go from ugly, TO PRETTY” “How to be the pretty friend and not the ‘oh yeah she’s nice’ friend” “here’s how to glow up the night before school” “here how to be the PRETTIEDT girl at ur school”",negative,,,,True,setup_B,negative,False,"[""other""]",Highlights toxic beauty standards for young girls.,B,"[""other""]"
youtube_english_054,english,test,I swear the words top and bottoms are the only words in my vocabulary now🙏,neutral,,,,True,setup_B,neutral,False,"[""other""]",A casual comment about everyday vocabulary usage,B,"[""sizing""]"
youtube_english_055,english,test,The children in china are crying 😭😭 Edit: omg I'm famous 😂,neutral,,,,True,setup_B,neutral,False,"[""other""]",A dramatic statement followed by lighthearted realization of attention,B,"[""other""]"
youtube_english_056,english,test,those bikinis are more than every single thing in my room combined 🙏🙏🙏,negative,,,,True,setup_B,negative,False,"[""price""]",Complaining that the bikinis are extremely expensive,B,"[""price""]"
youtube_english_057,english,test,OMG you should do the red and white striped bikini top with the blue and white bikini bottoms or the other way around and like make a match for the 4th of July. I know it’s a bit late. 😅😂❤,positive,,,,True,setup_B,positive,False,"[""product_praise"", ""other""]",Enthusiastic suggestion for a holiday-themed matching bikini combination,B,"[""product_praise"", ""other""]"
youtube_english_058,english,test,She said matching so many times I tried to count but I lost count after 20 but I think it was 35,neutral,,,,True,setup_B,neutral,False,"[""other""]",Observational comment about repetition without clear positive or negative sentiment,B,"[""other""]"
youtube_english_059,english,test,Not to be rude but those bottoms are not covering anything 😬,negative,,,,True,setup_B,negative,False,"[""sizing"", ""quality""]",Critique of the product fitting poorly and showing too much skin,B,"[""sizing"", ""quality""]"
youtube_english_060,english,test,Girl theyre so cute but how do you afford all that😭😭😭,neutral,,,,True,setup_B,neutral,False,"[""price""]",Expresses admiration for the items while questioning their affordability,B,"[""price"", ""product_praise""]"
youtube_english_061,english,test,”I don’t have a bank account. I have a husband” type shi 😂😂,neutral,,,,True,setup_B,neutral,False,"[""other""]",Sharing a humorous lifestyle quote without direct positive or negative critique of a product or service.,B,"[""other""]"
youtube_english_062,english,test,This girl has a whole life’s worth amount of bikinis,neutral,,,,True,setup_B,neutral,False,"[""other""]",A casual observation about someone owning many bikinis,B,"[""other""]"
youtube_english_063,english,test,how are you supposed to tell which is the front and back!!!! They look the same!😭,negative,,,,True,setup_B,negative,False,"[""quality"", ""other""]",Frustrated complaint about the confusing design of the garment,B,"[""quality"", ""other""]"
youtube_english_064,english,test,Are you even gonna get the chance to wear all those bikinis....?,neutral,,,,True,setup_B,neutral,False,"[""other""]",A casual or questioning remark about having many items.,B,"[""other""]"
youtube_english_065,english,test,1: shein uses child labour 2: those bikinis look like they’re bad quality 3: NO ONE NEEDS THAT MUCH BIKINIS,negative,,,,True,setup_B,negative,False,"[""quality"", ""other""]","Criticism of ethical practices, poor quality, and excessive consumption.",B,"[""quality"", ""other""]"
youtube_english_066,english,test,WHO NEEDS THAT MANY BIKINIS??? CHILD LABOUR ALERT !!️ 🚨,negative,,,,True,setup_B,negative,False,"[""quality"", ""other""]",Strong ethical condemnation of mass production and potential child labor,B,"[""quality"", ""other""]"
youtube_english_067,english,test,Love ❤❤❤🎉🎉🎉 Btw emma PLS FINISH HOW TO GET A BOY IN 10 DAYS IM ON A CLIFFHANGER HERE 😭,positive,,,,True,setup_B,positive,False,"[""product_praise"", ""other""]",Expresses strong love and excitement for the content while eagerly waiting for the next part,B,"[""product_praise"", ""other""]"
youtube_english_068,english,test,The amount of times she said “matching” is crazyyy,neutral,,,,True,setup_B,neutral,False,"[""other""]",Observational comment about a repetition without strong positive or negative emotion,B,"[""other""]"
youtube_english_069,english,test,I hope you can sleep at night knowing children made those clothes for nothing,negative,,,,True,setup_B,negative,False,"[""quality"", ""other""]",Strong moral condemnation of unethical manufacturing practices,B,"[""quality"", ""other""]"
youtube_english_070,english,test,I love how she called the one bikini bottom that was the same size as all the other bikini bottoms a little bit small like girl did you see the other ones,neutral,,,,True,setup_B,negative,False,"[""sizing"", ""quality""]",Frustrated critique of inconsistent sizing on a bikini bottom,B,"[""sizing"", ""other""]"
youtube_english_071,english,test,guys no hate js curious isnt shein like rly bad :0 don't they use rly inhumane methods to make the clothes,negative,,,,True,setup_B,negative,False,"[""quality"", ""other""]",Expresses concern over unethical manufacturing practices and low product standards,B,"[""quality"", ""other""]"
youtube_english_072,english,test,Oh my gosh I love people that shop from SHEIN proudly and give hauls that help know that their quality actually is good and I can trust them more,positive,,,,True,setup_B,positive,False,"[""quality"", ""product_praise""]",Expressing genuine appreciation for SHEIN hauls and good quality,B,"[""quality"", ""product_praise""]"
youtube_english_073,english,test,The definition of consumerism 😂 Like I'm a competitive swimmer and I swim like 4 days a week and I have 3 swim suits for practice and 3 for fun. I thought that was a lot!,neutral,,,,True,setup_B,neutral,False,"[""other""]",Sharing a casual personal observation about swimwear habits,B,"[""other""]"
youtube_english_074,english,test,The clothes are cute children in other countries are being forced to work there for long hours and you’re just like “ooh look at this bikini” idk if you knew about it but please just don’t buy from SHEIN.,negative,,,,True,setup_B,negative,False,"[""quality"", ""other""]",Expresses strong ethical criticism regarding the brand's labor practices despite cute clothes.,B,"[""quality"", ""other""]"
youtube_english_075,english,test,You really only need 1 swimsuit and she ordered so many from shein so Js basically a bunch of child labor PS I am not targeting if you shop on shein Ik it’s very cheap so it’s nice for people!,negative,,,,True,setup_B,negative,False,"[""quality"", ""price"", ""other""]",Criticism of Shein regarding child labor despite acknowledging low prices,B,"[""price"", ""quality"", ""other""]"
youtube_english_076,english,test,Imagine never wearing a swimsuit twice!(no hate girl❤it was a joke,neutral,,,,True,setup_B,neutral,False,"[""other""]",The post is a lighthearted comment clarifying a joke rather than expressing strong sentiment.,B,"[""other""]"
youtube_english_077,english,test,Can someone tell me why SHEIN hasn’t got shut down bc of child labor?,negative,,,,True,setup_B,negative,False,"[""quality"", ""other""]",Strong ethical condemnation of the brand's labor practices.,B,"[""quality"", ""other""]"
youtube_english_078,english,test,Please someone count how many times she says matching bottoms 💀,neutral,,,,True,setup_B,neutral,False,"[""other""]",A casual observation about a video without expressing positive or negative feelings,B,"[""other""]"
youtube_english_079,english,test,the amount of clothes in her hall is the amount of clothes in my closet 😢,negative,,,,True,setup_B,negative,False,"[""sizing"", ""other""]",Expressing sadness or envy over having significantly fewer clothes,B,"[""sizing"", ""other""]"
youtube_english_080,english,test,I’m sorry but nobody needs that many bikinis especially from SHIEN!!!,negative,,,,True,setup_B,negative,False,"[""other""]",Criticism of excessive purchases from a fast fashion brand,B,"[""other""]"
youtube_english_081,english,test,Who needs this many bikinis 😂 Btw I counted and I think around 19 bikinis 😅,neutral,,,,True,setup_B,neutral,False,"[""other""]",Amused observation about having many bikinis without expressing positive or negative judgment on the product.,B,"[""other""]"
youtube_english_082,english,test,Her saying the full coverage ones are a bit small but than saying NOTHING about the ones that are lit so this😅,mixed,,,,True,setup_B,mixed,False,"[""sizing"", ""product_praise""]",The reviewer mentions sizing issues for one item while praising another,B,"[""sizing"", ""product_praise""]"
youtube_english_083,english,test,Those are actually some of the smallest bottoms I’ve done did ever seen ngl 💀,negative,,,,True,setup_B,negative,False,"[""sizing""]",Complaint about the product being too small,B,"[""sizing""]"
youtube_english_084,english,test,How can you even possibly use all of those wtf ☠️ peak overconsumption,negative,,,,True,setup_B,negative,False,"[""other""]",Critique of excessive consumption and product volume,B,"[""other""]"
youtube_english_085,english,test,Those are NOT bathing suit bottoms they look more like thongs to me,negative,,,,True,setup_B,negative,False,"[""sizing"", ""quality""]",Dissatisfaction with the revealing fit and style of the item,B,"[""sizing"", ""quality""]"
youtube_english_086,english,test,No one like this comment if you do your #1 fan of her,neutral,,,,True,setup_B,neutral,False,"[""other""]",Typical social media engagement bait comment,B,"[""other""]"
youtube_english_087,english,test,The things for me is that when you have to money to shop ethically but you don’t. For some people SHEIN is all they can afford but when you have the money to get that much I’m sure you can afford to shop ethically.,negative,,,,True,setup_B,negative,False,"[""price"", ""other""]",Criticism of people buying fast fashion when they can afford ethical alternatives,B,"[""other""]"
youtube_english_088,english,test,Just so u know I love you but u should be buying from SHEIN it is homophobic anti semtic fast fashion sexist and racist do ur own research and help spread awareness,negative,,,,True,setup_B,negative,False,"[""other""]",Accuses the brand of severe ethical issues like racism and sexism,B,"[""other""]"
youtube_english_089,english,test,Wait but girl how are u supposed to work out in a tube top..,negative,,,,True,setup_B,negative,False,"[""quality"", ""other""]",Questioning the practicality and suitability of the product for working out,B,"[""quality"", ""other""]"
youtube_english_090,english,test,"Did anyone else comprehend a thing she said? All I heard was “matching, matching, matching, so cute!”",neutral,,,,True,setup_B,negative,False,"[""other""]",Confused and critical reaction to someone's repetitive statements,B,"[""other""]"
youtube_english_091,english,test,“All this is such great quality” —— who’s gonna tell her...,negative,,,,True,setup_B,negative,True,"[""quality""]",Sarcastic remark implying the quality is actually poor,B,"[""quality""]"
youtube_english_092,english,test,holy over-consumerism.. she bought every bikini so i didn’t have to.. 🫢,negative,,,,True,setup_B,negative,False,"[""other""]",Criticizes excessive buying behavior,B,"[""other""]"
youtube_english_093,english,test,Girl bought more clothes than I own.. lol I have ALOT,neutral,,,,True,setup_B,neutral,False,"[""other""]",Amused observation about someone buying many clothes,B,"[""other""]"
youtube_english_094,english,test,Is there ANY WAY u would be able to share the price?? I totally get if it’s your business and don’t want to share but I do want to know bc I would loveeee to get some of those atleast,neutral,,,,True,setup_B,neutral,False,"[""price""]",Polite inquiry about the cost of a product with genuine interest,B,"[""price""]"
youtube_english_095,english,test,I think shein’s bikinis and pj’s are probs out of stock now..😂❤,neutral,,,,True,setup_B,neutral,False,"[""other""]",Speculating on product availability with a casual and playful tone,B,"[""other""]"
youtube_english_096,english,test,the 1st bottoms look like they ain’t gunna cover nothing 😭,negative,,,,True,setup_B,negative,False,"[""sizing"", ""quality""]",Expresses disappointment and disbelief about the revealing sizing of the bottoms.,B,"[""sizing"", ""quality""]"
youtube_english_097,english,test,Omg I can see all of this clothes going in the garbage in years taking YEARS to decompose and all the kids and adults working dollars an hour for these clothes .the over consumption is insane,negative,,,,True,setup_B,negative,False,"[""quality"", ""other""]",Expresses strong distress over fast fashion waste and poor labor conditions,B,"[""quality"", ""other""]"
youtube_english_098,english,test,She has a different bikini for every time she goes swimming 😭😭,neutral,,,,True,setup_B,neutral,False,"[""other""]",Amused observation about someone's swimsuit collection,B,"[""other""]"
youtube_english_099,english,test,i can’t even tell which side of bottoms is the front vs back omg those are tiny,negative,,,,True,setup_B,negative,False,"[""sizing"", ""quality""]",Frustration with confusing design and extremely small sizing of the bottoms.,B,"[""sizing"", ""quality""]"
youtube_english_100,english,test,The fact that she’s so grateful about it warms my heart,positive,,,,True,setup_B,positive,False,"[""other""]",Expresses genuine warmth and happiness about gratitude shown.,B,"[""other""]"
youtube_mixed_001,mixed,test,مسالة Elegance ومش كلشي يفهم فيها 😂😂❤,positive,,,,True,setup_B,positive,False,"[""product_praise"", ""other""]",Playful expression of appreciation for elegance and style,B,"[""product_praise"", ""other""]"
youtube_mixed_002,mixed,test,"الصراحة كلهن يلعبن النفس خصوص ام الاسود She is wearing tight clothes, her charm is obvious, and her underwear is clear",negative,,,,True,setup_B,negative,False,"[""other""]",Disapproving and critical comment about someone's appearance and clothing,B,"[""other""]"
youtube_mixed_003,mixed,test,مخكم من SHEIN لبسها حقه 2400دولار يعني9000ريال,neutral,,,,True,setup_B,neutral,False,"[""price""]",Commenting on the high price of an outfit compared to SHEIN,B,"[""other""]"
youtube_mixed_004,mixed,test,دوق جرجنا دون المستوى ،vulgaire,negative,,,,True,setup_B,negative,False,"[""quality"", ""product_praise""]",The user states the product is below standards and vulgar,B,"[""quality""]"
youtube_mixed_005,mixed,test,هي طلبت منهم دريس كود فساتين Pink وهما مقصروش 😂😂😂 بس ده اختلاف ثقافات يعني لو بنت من بنات العرب لابسه نفس فستان جورجينا كانت اتهاجمت طالعين زي الاميرات ومتسترين ❤️❤️,positive,,,,True,setup_B,positive,False,"[""other""]",Complimenting the modest and princess-like appearance of the women wearing pink dresses.,B,"[""other""]"
youtube_mixed_006,mixed,test,"جورجينا لابسه شي بسيط وحلو وكمان اسود وهم زرق ورق وفوگ كل هذا ريش حمام 😂😂😂😂😂🎉 I loved Georgina's outfit so much, it's beautiful, wow 🖤🖤🖤🖤",positive,,,,True,setup_B,positive,False,"[""product_praise""]",The user expressed genuine love and admiration for the outfit.,B,"[""product_praise"", ""other""]"
youtube_mixed_007,mixed,test,معجونيش حتى لبسهم 🥴🥴🥴 بس جورجينا لابسا simple même maquillage simple les accessoires شوية ⁦❤️⁩😎😍,positive,,,,True,setup_B,mixed,False,"[""quality"", ""other""]",Criticizes the clothing while praising Georgina's simple and elegant look,B,"[""product_praise"", ""other""]"
youtube_mixed_008,mixed,test,من جنت مراهقه وشفت الكيبوب وbts و exo و بلاك بينك هم تخبلت عليهم وكرهت حياتي والواقع الي عايشته وجنت بس لازمه التلفون و اكره امي وابوي لان جانو يمنعوني و فكرت انتحر هواي مرات وابتعدت عن الصلاه ورب العالمين من كبرت فهمت الوضع وعرفت اهلي ماجانو يكرهوني بس اني جنت على غلط ف بالنسبه لقضية البنات ما اعتقد والدهن اله ايد بقتلهن هنه سون هذا الشي بنفسهن وداخلات هواي بجو المراهقه,negative,,,,True,setup_B,negative,False,"[""other""]",Reflecting on a painful and extreme phase of teenage obsession and depression,B,"[""other""]"
youtube_mixed_009,mixed,test,الbra اللي لابستها مرة غلط 😑💔,negative,,,,True,setup_B,negative,False,"[""sizing"", ""quality""]",User is complaining that the bra fits completely wrong,B,"[""sizing"", ""quality""]"
youtube_mixed_010,mixed,test,La simplicité fait la beauté. الأناقة في البساطة,neutral,,,,True,setup_B,positive,False,"[""product_praise""]",Appreciates simplicity and elegance,B,"[""other""]"
youtube_mixed_011,mixed,test,ليش لبسهم كله ريش ومكياجهن over بيشبهن Drag Queens😂,negative,,,,True,setup_B,negative,False,"[""quality"", ""other""]",Criticizing the excessive outfits and makeup style of the models,B,"[""other""]"
youtube_mixed_012,mixed,test,رح اقول لكم حاجه بالانجليزي She Clever idea معناها هذه فكرة ذكيه قصدي على فكره جورجينا,positive,,,,True,setup_B,positive,False,"[""product_praise"", ""other""]",Complimenting an idea or person with a positive statement,B,"[""other""]"
youtube_mixed_013,mixed,test,صدق وناسه وجينا Vip هذا لا لحد يشوفه عيب مفصخ بعد,negative,,,,True,setup_B,negative,False,"[""other""]",Expressed shock and disapproval about inappropriate content visible in a VIP area.,B,"[""other""]"
youtube_mixed_014,mixed,test,هما لابسين pink بس جورجينا لابسة plake,neutral,,,,True,setup_B,neutral,False,"[""other""]",Observational comment on clothing colors without positive or negative judgment,B,"[""other""]"
youtube_mixed_015,mixed,test,ملابس النوم لابسين nuisette,neutral,,,,True,setup_B,neutral,False,"[""other""]",A casual descriptive statement about nightwear.,B,"[""other""]"
youtube_mixed_016,mixed,test,SHEIN ❌ كلية ونص✅,negative,,,,True,setup_B,negative,False,"[""quality""]",Comparing SHEIN unfavorably to a local Egyptian brand or cheap alternative implying poor quality,B,"[""quality""]"
youtube_mixed_017,mixed,test,sagx6f6 كود شي ان خصم,neutral,,,,True,setup_B,neutral,False,"[""price""]",Sharing a discount code for Shein,B,"[""price""]"
youtube_mixed_018,mixed,test,كأنهن طالعات من غرف نومهن hhh,negative,,,,True,setup_B,negative,False,"[""other""]",Critical and mocking comment about people's appearance,B,"[""other""]"
youtube_mixed_019,mixed,test,صراحه لبسهم ومكياجهم over 🥲,negative,,,,True,setup_B,negative,False,"[""quality""]",Expressing disapproval of the style and makeup being over the top,B,"[""quality"", ""other""]"
youtube_mixed_020,mixed,test,في مثل فرنسي بيقول “plus simple plus beau”جورجينا طبقت هذا المثل,positive,,,,True,setup_B,positive,False,"[""product_praise"", ""other""]",Praising Georgina for applying the French proverb of simplicity and beauty,B,"[""product_praise"", ""other""]"
youtube_mixed_021,mixed,test,Georgina is the most beautiful girl in the world ترجمووو,positive,,,,True,setup_B,positive,False,"[""product_praise""]",Expresses high admiration and praise for someone,B,"[""product_praise""]"
youtube_mixed_022,mixed,test,Ana bou7di li la7t ponge li labsa awilii انا الوحيده إلي لاحظت ص*درها لابسه ...,neutral,,,,True,setup_B,neutral,False,"[""other""]",Observation about someone's outfit without clear positive or negative sentiment,B,"[""other""]"
youtube_mixed_023,mixed,test,ليه يا عرب تعطو للاجانب قيمة و هم في بلدكم dont care them🎉 نحب اصولنا و تقافتنا و عروبتنا لنعتز بانفسنا متل اجدادنا,negative,,,,True,setup_B,negative,False,"[""other""]",Frustrated expression regarding how foreigners are treated compared to locals,B,"[""other""]"
youtube_mixed_024,mixed,test,حاولت طبق ال make up الكوري اللي عملتيه من فترة.. وما زبط معي😂,neutral,,,,True,setup_B,neutral,False,"[""other""]","User is sharing a lighthearted, neutral experience of trying a makeup tutorial without success",B,"[""other""]"
youtube_mixed_025,mixed,test,10:58 شكلو كان حلمان بالCow😂,neutral,,,,True,setup_B,neutral,False,"[""other""]","A casual, humorous remark in Arabic about someone dreaming of a cow",B,"[""other""]"
youtube_mixed_026,mixed,test,ساره ع طاري بتحضري كوري ليه ماتجربي ميكب glow ودي اجرب منتجاتهم بس خايفه يكون كله كذب وما اوثق الا فيك 😭😭😭,neutral,,,,True,setup_B,neutral,False,"[""product_praise"", ""other""]",Asking for recommendations and expressing hesitation about makeup products.,B,"[""product_praise"", ""other""]"
youtube_mixed_027,mixed,test,يقصدنا احنا الـ cow 😂🥲,neutral,,,,True,setup_B,neutral,False,"[""other""]",Amused comment using emojis and slang without a strong positive or negative sentiment,B,"[""other""]"
youtube_mixed_028,mixed,test,👶: في cow 🤷♀: يا ماما وين الcow؟ sooo cute🤏🥰,positive,,,,True,setup_B,positive,False,"[""product_praise"", ""other""]",Expressing affection and cuteness toward a cow toy or object,B,"[""product_praise""]"
youtube_mixed_029,mixed,test,ساره كنت عم اكل كوكيز لما قال cow بطلت بدي اكل خلاني اتذكر الدايت😭😭😭,negative,,,,True,setup_B,negative,False,"[""other""]",The user is sad because a reminder of their diet ruined their enjoyment of cookies.,B,"[""other""]"
youtube_mixed_030,mixed,test,سارة سوي فديو clean girl,neutral,,,,True,setup_B,neutral,False,"[""other""]",A request for a specific video style from a creator.,B,"[""other""]"
youtube_mixed_031,mixed,test,هاي سارة بليز جربي مكياج رينا الجزائرية وأعملي عليه ردة فعل love you❤❤,positive,,,,True,setup_B,positive,False,"[""product_praise"", ""other""]",Friendly and affectionate request to try a specific makeup brand,B,"[""other""]"
youtube_mixed_032,mixed,test,انا ابني تقريب نفس عمر ويليام مهوس بحيوان بس مو cow لا😂 cat يتجنن من يشوفها,positive,,,,True,setup_B,positive,False,"[""other""]",Affectionate and amused sharing of a personal anecdote about a child loving cats,B,"[""other""]"
youtube_mixed_033,mixed,test,الله يسامحك ويليام انا 🐮cow,negative,,,,True,setup_B,negative,False,"[""other""]",User is upset and calls themselves a cow in response to William,B,"[""other""]"
youtube_mixed_034,mixed,test,سارة 👈👉فيكي تسوي ميكاب بابلز يلي لونها اخضر💚 من كرتون فتيات القوة وبس بحبك من الجزائر و You are my favorite makeup artist,positive,,,,True,setup_B,positive,False,"[""product_praise"", ""other""]",Fan expresses love and requests a specific makeup look from her favorite artist,B,"[""other""]"
