id,text,judge_topics
english_test_001,The #Trump cabinet is an utter disaster. Full of cronies and swamp dwellers. You #MAGA people have been taken. Next…,"[""other""]"
english_test_002,Obvious Celine Dion should be the #BeautyAndTheBeast movie sound track ..come on bitches is her song 😒,"[""other""]"
english_test_003,"@user @user @user @user @user @user Non-availablity of child vaccines @ Jamui, Bihar hospital**","[""other""]"
english_test_004,David Blaine celebrity magic on YouTube right now I am laughing,"[""other""]"
english_test_005,I'd love your thoughts on this!,"[""other""]"
english_test_006,Not too late to enjoy #thanksgiving! Buy your fave #sextoys @ using discount coupon codes @user,"[""price""]"
english_test_007,"#Yemen: hospitals being terrorised by US allied, #Saudi funded anti-Houthi forces in Ta'iz","[""other""]"
english_test_008,Excited to be joining the great John Carr at @user tomorrow at 6:30pm to discuss #Pilgrimage. Please join us!,"[""other""]"
english_test_009,My dad has been reading #TheWalkingDead nonstop for the past two days.,"[""product_praise""]"
english_test_010,"This is a MAJOR FAILURE of the 4th estate. How Russia, Putin and Comey CONSPIRED with @user to steal the…","[""other""]"
english_test_011,@user I wish Chavez didn't die young because Maduro is doing terrible.,"[""other""]"
english_test_012,"FINALLY watching Love & Happiness!!!  This country is going to miss your family's class, wisdom, love, and patience. #ThankYouObama","[""other""]"
english_test_013,@user you joke was funny I thought    .Everyone took the piss out of melania trump for copying Michelle's speech .,"[""other""]"
english_test_014,#Westworld is the greatest work of art I've ever seen on TV. A true masterpiece.,"[""product_praise""]"
english_test_015,"@user @user her attack onTRUMP for""locker room""talk yet she takes sexy pictures she's a hypocrite What…","[""other""]"
english_test_016,"In terms of (exclusive) games I'd play on it, I can mostly only think of FFXV, Persona 5 (which I could play on PS3...), and... that's it?","[""product_praise""]"
english_test_017,I love how everyone on my TL and dash agrees that they wouldn't have let Miguel wear the hat #ThisIsUs,"[""other""]"
english_test_018,"Hey Colts, nice backup Quarterback, bro. S/Tony Romo #jaymohrsports","[""other""]"
english_test_019,Cuban immigrants stranded for days at Reynosa-Hidalgo international bridge#Cuban #Immigration #reynosa #hidalgo…,"[""other""]"
english_test_020,@user @user @user @user Using those Clinton Foundation bucks while there's till money left,"[""other""]"
english_test_021,"@user yeah good point, I forgot that veganism requires a lot of thought in that sense! I'm defo with you on vegetarianism though!","[""other""]"
english_test_022,"“I give you a very strong hug and I bless you with my whole heart, together with your parents and your loved ones.”","[""other""]"
english_test_023,"A travel call on Grayson Allen. Someplace, somewhere, Tony Bennett smiles.","[""other""]"
english_test_024,@user How stupid was that woman not to realize that Trump has always hated Obamacare and will he definitely decimate it.,"[""other""]"
english_test_025,14. Whats Your Social Security Number ? 🌚😂😭😂😭😂😭😂,"[""other""]"
english_test_026,@user @user found one more.,"[""other""]"
english_test_027,4. Sookie3. Kirk2. Richard1. Luke#GilmoreGirlsTop4,"[""other""]"
english_test_028,"Yay, avocado smashers!!! make gun control tight tight tight!!!!!","[""other""]"
english_test_029,Ben Carson for Housing & Urban Development?? 😐 I just can't 😒,"[""other""]"
english_test_030,Watching #thankyouobama on @user this @user 'u make me wanna' remix using that sweet sable 'old times sake' beat was 🔥🔥🔥very unexpected,"[""product_praise""]"
english_test_031,"...""radical acceptance"", a rigorous mental determination to meet head on the most powerful negatives in our lives...","[""other""]"
english_test_032,List of people I'd love to punch in the mouth:1. Grayson Allen2. Josh Norman3. Josh Norman again,"[""other""]"
english_test_033,To Donald Trump: National Security Memorandum Number One - - #Alternative #Matrix #Vaccines,"[""other""]"
english_test_034,Why focus on #Nusra and overlook Mullahs tyrants of #Iran's terrorists from #Hezbollah #Afghanistan #Iraq who murder Syrians? #AssadMustGo,"[""other""]"
english_test_035,"@user QHP is not medicaid. she's not poor,lower-middle class income - pre-SS pensioner at 64(?). i hope she dies in significant pain.","[""other""]"
english_test_036,@user @user we should all refuse to let them call themselves this new cleaned up label They are NEO NAZI WHITE SUPREMACISTS . Evil,"[""other""]"
english_test_037,“Real Madrid Keep Winning Because They Have the World’s Best Players” by @user,"[""other""]"
english_test_038,#RetailBroadway Target of the Opera (Mike Pence),"[""other""]"
english_test_039,@user @user @user We haven't forgotten. Still litigating multiple cases while Obama admin says courts don't have jurisdiction.,"[""other""]"
english_test_040,CRAVING TACOS AND SOME ICE CREAM !,"[""other""]"
english_test_041,#jocox  supporter of #hamas and #fabian and #hoax death to try and stop #brexitthe #remain cancer lost,"[""other""]"
english_test_042,Gun Control Endangers More Lives Than it Saves  via @user #2A,"[""other""]"
english_test_043,You seem like a Grayson Allen kinda guy,"[""other""]"
english_test_044,Today is the feast of St Barbara! Exit #euthanasia Action suggests you make your @user barbiturates see:ch2…,"[""other""]"
english_test_045,"@user I'm probably the only one who listens to the podcast that cares but... Pittsburgh thanks you for Hutchison, he'll win a Cy young😂","[""other""]"
english_test_046,"Just in time to destroy Social Security, Medicare, Medicaid, Health Care, Education, and Freedom of the Press.","[""other""]"
english_test_047,#NowPlaying on Wicca Radio International Folly Of Fracking by Cernunnos Rising #ListenHere,"[""other""]"
english_test_048,<-Chinese Wife Gets Hubby Off #tits #boob #memek #bispak  #onedirection,"[""other""]"
english_test_049,Randall discover some letters #ThisIsUs,"[""other""]"
english_test_050,This is what Oligarchy looks like. Democracy is dead and @user under Obama/Clinton(s)/Pelosi/Reid killed it.,"[""other""]"
english_test_051,@user @user Thank - you. You as well. Hugs and kisses to Matteo and Valentino dear heart. 😘,"[""other""]"
english_test_052,@user ....they haven't read about his history with that wall in Scotland or his shabby business deals.#deplorables bought a lemon,"[""other""]"
english_test_053,@user @user  I don't know costs associated with security of a Pres. I do know 8 yrs of Obama admin has taken a huge toll on America.,"[""other""]"
english_test_054,#onedirection #niallhoran #harrystyles #WWATour best 2 lovely dance 😊❤️ them 👍,"[""product_praise""]"
english_test_055,.@calreid opens our panel of #NBAwards Young People's Literature authors. #MiamiBookFair2016,"[""other""]"
english_test_056,@user Never trust Comey😡 if it wasn't for him we would have Hillary 😠 F Comey!! Get rid of him,"[""other""]"
english_test_057,"@user @user Single mothers, white supremacists, eh, what's the difference? Who can say. Who can say.","[""other""]"
english_test_058,How appetising is a Full English Brexit? My latest 'Sideways View' for @user,"[""other""]"
english_test_059,Look at Kierra doing her good singing and growling today. #ThankYouObama,"[""other""]"
english_test_060,I liked a @user video from @user Persona 5 - E3 Gameplay Analysis,"[""other""]"
english_test_061,"I kinda like the thought of Verlander in St. Louis. Wouldn't command as much as Sale, Cy Young candidate, filthy stuff, lots of Kate Upton.","[""other""]"
english_test_062,@user She will be hearing my voice on her hesitation to back HRC. I am a MA voter. @user @user @user,"[""other""]"
english_test_063,"Those criticizing her for the ""I thought I was the only one allowed to **** Verlander"" need to find a hobby, and maybe a job.","[""other""]"
english_test_064,It was really fantastic *-* #FantasticBeasts,"[""product_praise""]"
english_test_065,"The Cuban embargo remains for many sectors, as trade grows slowly @user reports from…","[""other""]"
english_test_066,(Slideshow) the unintended ways #SelfDrivingCars will change our lives - $TSLA $UBER $GM $F $BMW $GOOG,"[""other""]"
english_test_067,Exactly right and the problem. #Hamas and the #PA both PROMOTE the idea of their people dying to fuel their war.,"[""other""]"
english_test_068,I just want the semester to be over so I can watch Westworld and Insecure without guilt,"[""other""]"
english_test_069,@user @user @user I have yet to hear of any help from Obama admin. ..please post info if you have it. Thanks!,"[""other""]"
english_test_070,Got to show the boys in Tipp the way to the Kingdom of Kerry!,"[""other""]"
english_test_071,@user you shut your mouth Grayson Allen is a saint,"[""other""]"
english_test_072,Sentinel Editorial: FBI’s Comey ‘had no one of middle class families.,"[""other""]"
english_test_073,I think this guy was a reasonable person involved in the Alt-right;  he's dropping the label since the Nazi salute…,"[""other""]"
english_test_074,We just tried @user #VR in our @user and loved everything about it!https://t.co/TbrBW2fwx6,"[""product_praise""]"
english_test_075,@user @user It all comes together if electors go with the popular vote. Dun dun DUNNNN!,"[""other""]"
english_test_076,@user @user France. Be very afraid of Marine Le Pen,"[""other""]"
english_test_077,Steve Bannon is the chief strategist for Donald Trump's presidential staff. Read more about Bannon here:,"[""other""]"
english_test_078,Electoral College must reject Trump #rejecttrump #notmypresident #takingbackdemocracy #blacklivesmatter #nevertrump,"[""other""]"
english_test_079,George Soros Exposed as Money Behind Anti-Trump Protests/Riots#tcot #pjnet #p2,"[""other""]"
english_test_080,The radical left positioned Trump as a Nazi when they themselves r deeply anti Semitic and their riots are mini Intifadas. Keith Ellison.,"[""other""]"
english_test_081,#Israel is threatened by a more capable and deadly #Hezbollah,"[""other""]"
english_test_082,@user @user The team plays at a different level when you are in the game. It's great that you're back. Happy thanksgiving.,"[""other""]"
english_test_083,Also low-key wanting to look into veganism & vegetarianism? I'm feeling like trash & want to do something good for my diet and the earth.,"[""other""]"
english_test_084,"With a gun to my head, The Stranger Song might be my favourite Leonard Cohen song... only because it's emotional trajectory is so familiar","[""product_praise""]"
english_test_085,whew god damn lea michele is so sexy #LeaMichele #ScreamQueens #Hester #Booty,"[""other""]"
english_test_086,"@user Your President Elect has called for drone strikes vs. innocent women and children, why are ""Christians"" ok with that?","[""other""]"
english_test_087,@user we're thankful for Grayson Allen TBH,"[""other""]"
english_test_088,una de mis favoritas. #NowPlaying The (Shipped) Gold Standard de Fall Out Boy ♫,"[""product_praise""]"
english_test_089,"Flashback #ObamaShutDown: Dems reject GOP proposal, would cut 75% Obamacare subsidy for Congress  #UniteBlue #PJNet","[""other""]"
english_test_090,Our #MannequinChallenge it's only 10 secs tho 😂😂😂,"[""other""]"
english_test_091,"@user sure us liberals can be annoying, but this doesn't negate issues of inequality. He is locked onto the same pts over & over","[""other""]"
english_test_092,I liked a @user video Nougat 7.1 for Samsung Galaxy Note 4 (SM-N910V) CM 14.1 trltevzw,"[""other""]"
english_test_093,"@user @user trump already broke  cuba embargo, so that part is taken care of i guess diplomacy in 140 in not good policy.","[""other""]"
english_test_094,We cannot afford to ignore the conflict in #Yemen #protecthumanity #stopindifference,"[""other""]"
english_test_095,"@user When will, the theme for Ryuji from Persona 5 be available in Europe? #BetterLateThanNever #P5 #Ryuji","[""other""]"
english_test_096,You don't need that stuff u got ok lifes just live it were ok Kim Jong un take a bath look at ur boobies,"[""other""]"
english_test_097,"So wait, $30 of Burger King at LAX is NOT a good idea before my 5 hour flight? WHY DIDN'T ANYONE STOP ME #NationalFastFoodDay","[""price"", ""other""]"
english_test_098,@user @user @user @user @user @user @user  That didn't take long-GOP=Special interest.,"[""other""]"
english_test_099,Karan Mahajan reading from THE ASSOCIATION OF SMALL BOMBS #MiamiBookFair2016 #NBAwards,"[""other""]"
english_test_100,American Radical Christianity seems to love hate-spewing Marine Le Pen 😂🙄,"[""other""]"
arabic_test_001,#دبي_اليوممفوض برلين للشؤون الروسية: موسكو مصدومة من الانتقادات الدولية حول حلب http,"[""other""]"
arabic_test_002,إصابة 16 جندياً #روسياً في حادث طائرةhttp #امل_عباس,"[""other""]"
arabic_test_003,أكدت مصادر رسمية لـ «الحياة»أمس، أن وفداً سعودياً رفيعاً سيزور #بيروت غداً (الإثنين) للقاء رؤساء الجمهورية العماد #ميشال_عون,"[""other""]"
arabic_test_004,ملكة على عرش كل الاستفتاءات👑 #نادين_نسيب_نجيم @user http,"[""product_praise""]"
arabic_test_005,لسه بمسك الفرشاة وبجيب شعرى على الجمب واقلد ميريام فارس،مبعرفش انام غير على بطنى،بستعمل شامبوو جونسون، بحب الاقلام… http,"[""other""]"
arabic_test_006,🔴 مستشار روسي: موسكو أبلغت الأسد بأنه لا حل عسكريا بسوريا,"[""other""]"
arabic_test_007,"حال الرئيس #ميشال_عون يقول:""اللي نطر سنتين ونص كرمال الرئاسة وما تراجع بينطر  كم يوم زيادة كرمال الحكومة..""","[""other""]"
arabic_test_008,http فارس💕 غافي💕 وتصبحون على خير http,"[""other""]"
arabic_test_009,للمرة الأولى ميريام فارس تنشر فيديو لطفلها جايدن وتنهال عليها التعليقات...وشاهد زوجها الوسيم وصور زفافها... http,"[""other""]"
arabic_test_010,@user والله ثم الله لاجيبك على وجهك لو انك في قلعة وادرين في لبنان او فلسطين جايبك جايبك و بعدها بعلقك و ادخل سيم مجمر في مكوتك يالكلب,"[""other""]"
arabic_test_011,@user إيران و روسيا  وش تسوي في سوريا  تزرع  ورد و توزع هدايا  هناك  لا بارك الله فيهم,"[""other""]"
arabic_test_012,@user ولو لك في حد غير أكيد نوال الزغبي,"[""other""]"
arabic_test_013,شاهد لأول مرة بالصور ميريام فارس ترتدي الحجاب: http via @user,"[""other""]"
arabic_test_014,تابعوا الفنانة #ميريام_فارس في #حفلات_في_دبي_مول الليلة بالقرب من الواجهه المائية لنافورة دبي… http,"[""other""]"
arabic_test_015,لولا حزب الله وتضحيات مقاوميه واحتضان بيئته الحاضنة لهلم يكن هناك من لبنان لتتصارعوا على سرقته والاستئثار بالمناصب التي تحمي فسادكم.,"[""other""]"
arabic_test_016,#ميريام_فارس تنشر الفيديو الأول لابنها جايدن @user http http,"[""other""]"
arabic_test_017,كل ما فيكي جميلبراءة وجهك ،، وإبتسامتك اللطيفة ،، وعيناكي الفاتنتان😘😘😍😍🌷يسعد مساكي ندوون@nadinenjeim… http,"[""product_praise""]"
arabic_test_018,يسعدلي كل أوقاتكم ♡بليز لا تنسوا تصوتوا للنجمة #نادين_نسيب_نجيم على هالرابط ك أفضل ممثلة لبنانية وملكة جمال لبنانيةhttp,"[""other""]"
arabic_test_019,#وعد: قراءة في جريمة #الاختفاء_القسري في التشريع البحرينيhttp #البحرين #تونس #الكويت #لبنان #Bahrain,"[""other""]"
arabic_test_020,راموس يضع شروط تعجيزية قبل تجديد عقده مع ريال مدريد http,"[""other""]"
arabic_test_021,بالصور.. #الرئيس_ميشال_عون يحقق حلم هذه الشابة.. ما هو؟#شعب_لبنان_العظيم http,"[""other""]"
arabic_test_022,الرئيس عون والرئيس الحريري مستعجلان على اطلاق ورشة البناء في لبنانhttp,"[""other""]"
arabic_test_023,@user @user #القوات_اللبنانية أضحت الحليف الحديدي للرئيس #ميشال_عون رئيسك و تاج راسك و تاج راس كل لبناني,"[""other""]"
arabic_test_024,"@user @user اين من هؤلاء ""برجت باردو"" التي قامت بحملة ضد المسلمين في فرنسا لانهم بذبحون الأغنام في اعيادهم بكل قسوة!","[""other""]"
arabic_test_025,مسؤول كبير في وزارة الخارجية التركية ينفي ابرام اي “صفقة” سرية مع موسكو حول سوريا http http,"[""other""]"
arabic_test_026,"http عرض يحاكي ""معركة موسكو"" عام 1941","[""other""]"
arabic_test_027,اخر اخبار الفن ميريام فارس تشارك محبيها بفيديو جديد لمولودها.. شاهد http http,"[""other""]"
arabic_test_028,تتوفر رواية شبابيك في بلاد حزينة في #معرض_جدة_الدولي_للكتاب جناح مؤسسة الانتشار العربي (لبنان - جناح ٥٤٠) http,"[""other""]"
arabic_test_029,وداد جابر: ميشال عون لن يكمل ولايته #للنشر,"[""other""]"
arabic_test_030,جنتي على الأرض😌🌸 #نادين_نسيب_نجيم @user http,"[""product_praise""]"
arabic_test_031,عادة ما يطلق على من يترك دراسته بالجامعة بالشخص الفاشل. ويندوز، أبل، تويتر، فيسبوك، أوراكل، واتساب، أوبر، وغيرها كث… http,"[""other""]"
arabic_test_032,اجتماع وزراء روسيا وتركيا وايران يجتمعون في موسكو غدا لمناقشة الوضع في #حلب  اين النظام السوري اللي هنئته يا… http,"[""other""]"
arabic_test_033,فادي الأعور: الرئيس ميشال عون وحده الذي يعلن عن تحركاتهhttp http,"[""other""]"
arabic_test_034,@user @user المرأة في الغرب الحضاري⬛ مظاهرات في فرنسا لارتفاع قضايا الاغتصاب ⬛http,"[""other""]"
arabic_test_035,@user طقس العرب اخباركم دأئماً متاخرة ولاعندكم مصدر لتحري الطقس يخص بكم,"[""quality""]"
arabic_test_036,"قضاء فرنسا يدين مديرة صندوق النقد الدولي بتهمة""الاهمال""عندما كانت وزيرة، الذي قد يكون سمح باختلاس ضخم لأموال عامةلصالح رجل أعمال فرنسي #فساد","[""other""]"
arabic_test_037,إبتسامتك اﻷعجوبه الثامنة ...وأما السبع السابقات كلها أنتِ😍😍🌷😘😘@user#نادين_نسيب_نجيم http,"[""product_praise""]"
arabic_test_038,رئيس البنتاغون الأسبق يحذر من المبالغة بتقييم تعاطف تيليرسون مع موسكوقال وزير الدفاع الأمريكي الأسبق روبرت غيتس... http,"[""other""]"
arabic_test_039,شركة ابل مستحيل تدعم صفحة فيسبوك او اى صفحات اخرى لو فى صفحة هتكون لهم فقط مش دعمأقرب ابل ستور ليك فى الوطن العربى  فى الإمارات غير كدا بلح,"[""customer_service""]"
arabic_test_040,جريدة الموجز elmogaz#الوجزشاهد .. #ميريام_فارس تشارك متابعيها بفيديو جديد لطفلها جايدنالتفاصيل عبر الرابط:... http,"[""other""]"
arabic_test_041,@user @user @user @user الا أوهن كل حروبها كانت خلف امريكا في العراق وخلف روسيا في سوريا وعملتها طاايحه اقتصاد هزيل,"[""other""]"
arabic_test_042,#الاقتصاد #أستراليا و #فرنسا ستوقعان صفقة غواصات بأكثر من 36 مليار دولار غداًhttp http,"[""other""]"
arabic_test_043,حقول الخزامى  في فرنسا#france#traveltuesday #travel #tourism #hotels #i_like_it #island… http,"[""other""]"
arabic_test_044,الله يخلي لنا هالضحكة وصاحبتها 😍😍😍😍💗💗💗💗💗🙏🙏 @user #nadinenassibnjeim #nnn #star #actress #نادين_نسيب_نجيم… http,"[""other""]"
arabic_test_045,لافروف: نأمل أن يتيح الاجتماع الروسي الإيراني التركي في موسكو إحراز تقدم في تسوية الأزمة السورية أعرب وزير... http,"[""other""]"
arabic_test_046,فيديو: 10 منشورات فيسبوك غبية ألقت بأصحابها في السجن http,"[""other""]"
arabic_test_047,@user من موسكو,"[""other""]"
arabic_test_048,Mougleta تطرح البومها من لبنان http,"[""other""]"
arabic_test_049,التحكم المروري: حركة المرور كثيفة من اوتوستراد زوق مكايل باتجاه مفرق غزير وصولا الى كازينو لبنان من دون عوائق http,"[""other""]"
arabic_test_050,لدى ريكي مارتن !! لكن هي عملة ههههههه http,"[""other""]"
arabic_test_051,تصويتكم للمبدعة #نادين_نسيب_نجيم 😍😍😍http,"[""product_praise""]"
arabic_test_052,الممثلة #نادين_نسيب_نجيم ترفض المشاركة في المسلسلات الخليجية وأداء اللهجة لأنها لهجة صعبة. http,"[""other""]"
arabic_test_053,بالفيديو – الصين تتابع باهتمام وصول الرئيس ميشال عون الى سدّة الرئاسة.. (Video) – Agoraleakshttp,"[""other""]"
arabic_test_054,#نادين_نسيب_نجيمنجمة الشاشة العربية بوقت الحالي 💗😍,"[""other""]"
arabic_test_055,@user بدّي أسالك سوءال انت هلاء شو بيعنيلك الرءيس ميشال عون,"[""other""]"
arabic_test_056,الواحد مبيفتحش فيسبوك عشان البهايم انتوا تجيبوا بوستس البهايم تحطوهاله هنا طبعا,"[""other""]"
arabic_test_057,اهو طلع عجله يا مصر .... ماشي يا مصر http,"[""other""]"
arabic_test_058,اجتماع وزراء خارجية #روسيا و #تركيا و #إيران..الثلاثاء بدل الاسبوع المقبل http http,"[""other""]"
arabic_test_059,@user تقريبا البرنامج اللي عامله جديد اسمه كل يوم جمعه مش جايب فيه الا فنانين لبنانين سمعت انه جايب اليسا نوال الزغبي وائل جسار,"[""other""]"
arabic_test_060,"مش عارفة ليه بس انا بسمع نوال الزغبى ""بيلبقلك لو شفت عليهن حالك ""","[""other""]"
arabic_test_061,الجو مال اتلحف بكشه ميريام فارس,"[""other""]"
arabic_test_062,@user @user بس إنتي نسيتي نوال الزغبي😊😊,"[""other""]"
arabic_test_063,#عاجل: قرر مجلس الأمن الدولي بالإجماع علي مشروع فرنسي لنشر مراقبين دوليين في #حلب لمراقبة عمليات إجلاء السكان منها… http,"[""other""]"
arabic_test_064,#ملكة_المسرح #ميريام_فارس قبل صعودها على المسرح في #دبي 😍😍@user http,"[""other""]"
arabic_test_065,تنظيم #داعش يعدم فتى  في مدينة الطبقة في ريف الرقة الغربي بتهمة التعامل مع ’’التحالف الدولي’’ #لبنان_الآن,"[""other""]"
arabic_test_066,ميريام فارس تعود لأمجادها#ET_بالعربي http,"[""other""]"
arabic_test_067,بشار قتل الشعب السوري ليخدم الصليبيين هنا يشكره البابا وبطريرك موسكو ... http,"[""other""]"
arabic_test_068,أحضر الفنانة ميريام فارس في حفلات من دبي مول في The Dubai Mall http,"[""other""]"
arabic_test_069,حكومة سهرة ليليه تتشكل في لبنان..المطرب من حزب الله والراقصه مسيحيه وجمهور السهره المسطول والمصفّق سني..والخادم درزي..وحارس المرقص ايراني!!,"[""other""]"
arabic_test_070,@user @user انا رجعت لصور البروفايل على فيسبوك عندي الفرق واضح المشكلة + حلها في اربع صور ورا بعض كدا 😂😂,"[""other""]"
arabic_test_071,روسيا تقول بزيارة  #اردوغان الى موسكو اتفقنا مع #اردوغان على الحل ب #حلب-يعني خيانه يعني #اردوغان خان المسلمين بحلب #حلب_تباد,"[""other""]"
arabic_test_072,“إيغيل فيلمز” تطلق “#ولعانة”.. و #نوال_الزغبي توجه كلمة لـ #ماغي_بوغصن عبر”فوشيا”http http,"[""other""]"
arabic_test_073,بالصور... إحتجزتهما ثلوج جرود الكنيسة! - http #لبنان http,"[""other""]"
arabic_test_074,دقائق وتطل #ملكه_المسرح #ميريام_فارس علي المسرح 💃👏 #Myriamindubai,"[""other""]"
arabic_test_075,"ماذا كشف #تيم_حسن عن ""الهيبة"" وثنائيته مع #نادين_نسيب_نجيم؟http @user http","[""other""]"
arabic_test_076,زواج المطرب المشهور ريكي مارتنبرجل سوريهههههعفن الفنواهله http,"[""other""]"
arabic_test_077,#حركة_المرور كثيفة على اوتوستراد #المطار باتجاه الانفاق وصولا الى #خلدة دون عوائق #لبنان_الآن,"[""other""]"
arabic_test_078,#star_news@Cheb_Khaled_ رد الشاب خالد على نوال الزغبي مضحك ههههههههههه  نوال لازم ما تتكلمي على اسيادكhttp,"[""other""]"
arabic_test_079,د. زاهدي.. سياسيا خرجت المعادلة من يد خامنئي بمعنى انه خسر استراتيجية ابقاء بشار الأسد مقابل استراتيجية روسيا#حلب… http,"[""other""]"
arabic_test_080,#الاتحاد_الاوروبي يمدد العقوبات الاقتصادية على #روسيا بسبب الأزمة الاوكرانية حتى 31 يوليود#أوكرانيا #كييف #القرم… http,"[""other""]"
arabic_test_081,"لبنان جاب جورج كلوني ""صهر""، وسوريا عملت ريكي مارتن ""كنّة""... 😎 http","[""other""]"
arabic_test_082,😂😂😂😂 فضيعه @user #nadinenassibnjeim #nnn #star #actress #نادين_نسيب_نجيم #في_بيتنا_ضيف http,"[""product_praise""]"
arabic_test_083,رسالة الى فخامة رئيس الجمهورية العماد ميشال عون أتذكرون يا فخامة الرئيس حين زرتكم منذ ست و عشرين عاما ، في بيت... http,"[""other""]"
arabic_test_084,#ميشال_عون .....نثق بك ، ونحبك ❤لا تعد بنا إلى عام 1988 ...مسارك ومسيرتك يتجاوزانتلك اللحظة. انت المؤهل لإرساء دو… http,"[""other""]"
arabic_test_085,اﻵن على قناة LDC تشاهدون مسلسل #عشق_النساء#نادين_نسيب_نجيموندوون تجمعنا 🌹@user,"[""other""]"
arabic_test_086,موعد مباره ريال مدريد بكره فاشل بمعنى الكلمه,"[""other""]"
arabic_test_087,الحب كلو 😻💘#نادين_نسيب_نجيم #ملكة_الهيبة #الهيية_الندونية #الهيبة_نادين_نسيب_نجيم #الهيبة #رمضان_٢٠١٧ @user http,"[""product_praise""]"
arabic_test_088,@user @user 😄😄😍😍😘 الله يديمها ل هالضحكة الجنان#نادين_نسيب_نجيم,"[""other""]"
arabic_test_089,@user السعودية مهزومة حتى لو تدعمها الشياطين الأمريكي أم أياديها و معاضديها الالكتروني مثل تويتر و فيسبوك و..,"[""other""]"
arabic_test_090,@user قريباً جداً عمرو اديب ببرنامج #كل_بوم_جمعه مع الديفا الماسية #نوال_الزغبي على قناة #ON_E المصرية http,"[""other""]"
arabic_test_091,"بشار الجعفري، مندوب سوريا لدى الأمم المتحدة صرح بأن هناك ""أجندات خفية"" لدى مؤيدي القرار. طيب روسيا حليفتكم أيدته، هذا إقرار بأجندتها أيضاً؟","[""other""]"
arabic_test_092,#lebanon  باسيل: لبنان بدأ بالخروج من نفق مظلم  http,"[""other""]"
arabic_test_093,"أنقرة تنفي إبرام أي صفقة ""سرية"" مع موسكو بخصوص مستقبل سوريا http http","[""other""]"
arabic_test_094,استئناف عمليات الإجلاء من #حلب .. و #اجتماع_إيراني_روسي_تركي غدا فى #موسكو - للتفاصيل اضغط الرابط… http,"[""other""]"
arabic_test_095,I liked a @user video from @user http للمرة الأولى ميريام فارس تنشر فيديو,"[""other""]"
arabic_test_096,"بالصور.. تتويج ""alicia aylies"" بملكة جمال فرنسا http http","[""other""]"
arabic_test_097,"كيف يسرق فيسبوك مليارات المشاهدات منذ فترةٍ أعلن ""فيس... http","[""other""]"
arabic_test_098,"#سوريا  مصادر: ""حزب الله"" يستثمر مجازر ""حلب"" للسيطرة على لبنان http #SYRIA http","[""other""]"
arabic_test_099,#أحوال_العرب: أستراليا توقع الثلاثاء صفقة لشراء 12 غواصة من فرنسا http http,"[""other""]"
arabic_test_100,@user روسيا استخدمت جميع الاسلحه المحرمه 🖕🏻🖕🏻🖕🏻,"[""other""]"
mixed_test_001,Gims راحت لهيبة 💔💔,"[""other""]"
mixed_test_002,احلي come back للعالمي,"[""product_praise""]"
mixed_test_003,منتظر الحلقه الجايه  بفارغ الصبر على Watch it,"[""product_praise""]"
mixed_test_004,هى الناس اللى كاتبه افلام حلوه دى مصدقا نفسها ي جدعان ان مش عاوز احبطكم بس ياريت نركز ف صناعه محتوى ياعنى نشوف البناء الدرامى الاداء السناريو ماشى ازاى الحبكه فين ف القصه وكل ده مش شويه vfx رخيص وحركتين اكشن انتهت خلاص من العالم واداء شبه منعدم من امير كراره ونقول ايوا بقى السبنما راجعه بقوه الفيلم الحلو ممكن يكون معتمد ع طريقه السرد والبساطه والمشهد اكتر من المبالغه وف الاخر بدون مستوى,"[""quality""]"
mixed_test_005,"From 🇱🇾 
تحية طيبة للطيبين أهل مصر الحبيبة","[""other""]"
mixed_test_006,مستحيل هاي يلي كنت اشوفها ببنات العيلة نانسي Oh my God 😱😱😱😱,"[""product_praise""]"
mixed_test_007,"يسرا هي إكسير النجاح لأي منتوج مصري عندنا في المغرب 😘😘😘😘😘
A very beautiful song ❤
A very nice interpretation 👍","[""product_praise""]"
mixed_test_008,من تونس bravo 👏,"[""product_praise""]"
mixed_test_009,وربنا عبيط اللى عمل unlike,"[""other""]"
mixed_test_010,"we love you all my family love and like your natural look, u so cute im writing from Australia my original from iraq but im following up watching your all shows you're princess ur move omr وسلم we liked it so much","[""product_praise""]"
mixed_test_011,مش هتعمل مراجعة ل loki ؟,"[""other""]"
mixed_test_012,نفسي افهم الألف وشويه الي عاملين dislike عاملينه ليه دي الحلقه تحفه💜💜,"[""product_praise""]"
mixed_test_013,احلا محمد رمضان واحلا stlng,"[""product_praise""]"
mixed_test_014,فنانة  بمعني الكلمة  رقيقة  she  is  beautiful and star  🌹🌹🌹🌹🇩🇿⚘,"[""product_praise""]"
mixed_test_015,انا بموت فيك تيوو I live you temo💕💕💞,"[""product_praise""]"
mixed_test_016,Number 1 في كل حاجه,"[""product_praise""]"
mixed_test_017,اجمل اغنية  TOoooooooooooooooob,"[""product_praise""]"
mixed_test_018,دى مش اول تجربه مصرية فيها robot .. راح فين العمدة الالى في مسلسل جدو عبده 😂😂,"[""other""]"
mixed_test_019,اشتركوا في قناتي تسمي love youمي عمر اقوم بتنزيل فيديوهات للنجمات مثل مي عمر وساره سلامه وهنا الزاهدوغيرها,"[""other""]"
mixed_test_020,ايه يا تامر الاغنية الجاااامدة دى... يخربيت كده يا شيخ ...سمعت الاغنية مرة وبعدين عدتها تانى وعلى طول روحت فتحت برنامج المونتاج وعملت فيديو كليب بالاغنية  وأنا الموديل بتاعه وبعته لحبيبتى اللى منفصل عنها من 3 شهور .... جات على الجرح قوى الاغنية دى .................................. i love it so much,"[""product_praise""]"
mixed_test_021,ياريت الناس تتابعني علي قناه بتاعتي ahmed saeed proudection,"[""other""]"
mixed_test_022,يا رمضان انت اكيد بتلعب فري فاير انا بلعبه دا ال ID 941083176 بتاعي ابعتلي طلب نلعب مع بعض,"[""other""]"
mixed_test_023,تريلر رياكشن la casa de pabel season 5,"[""other""]"
mixed_test_024,حد شاف علامه bts  زييي 😂😂,"[""other""]"
mixed_test_025,Dislike جماعي الاغنيه يا جماعه 🔥🔥🔥🔥,"[""other""]"
mixed_test_026,أحسن إعلان من Vodafone 💖💖💖💖💕💕💕💕,"[""product_praise""]"
mixed_test_027,مين جاي من كوفر big,"[""other""]"
mixed_test_028,الى عاملين dislike دول هيروحو من ربنا فيييين,"[""other""]"
mixed_test_029,مين ال 74 ال عملين dislike,"[""other""]"
mixed_test_030,في 121 حلوف عاملين dislike,"[""other""]"
mixed_test_031,مش عارف الناس اللي عاملها dislike ولا ليكوا لازمة,"[""other""]"
mixed_test_032,كمية جمال وسلام بالاغنية  رهيبه ..اغنية عبقريه خاصه الفيديو كليب so beautiful,"[""product_praise""]"
mixed_test_033,متى يعرض في قناة on,"[""other""]"
mixed_test_034,اسمع موسيقى 3 دقات واغانى تانية بالجيتار على الصفحة ولو عحبك متنساش لايك و subscribe,"[""other""]"
mixed_test_035,The best song ever. تحيه من الجزائر لشعب مصر العظيم,"[""product_praise"", ""other""]"
mixed_test_036,حقيقي مابقتش اتحمل وجود جماهير في البرامج الحوارية خاصة ان االناس كلها خلاص بقت عارفة انهم بيكونوا مأجورين .... تسقيف Fake  ضحك Fake كل شيء مزيف.,"[""other""]"
mixed_test_037,ياريت المسلسلات تنزل على اليوتيوب احنا بندفع اشتراك النت بالعفي أو تسيبو watch it مجاني زي مهو  وغير كدا الابلكيش تقيل مش بعرف اتفرج عليه عايز نت من الفضاء عشان يشتغل كويس,"[""quality"", ""price""]"
mixed_test_038,الاعلان جميل اوي وممكن تعملوا سبسكريب للقناة magd omar,"[""other""]"
mixed_test_039,جاي اشرب شاي ok,"[""other""]"
mixed_test_040,"الي يحب فرقه بي تي اس bts يشوف الرابط يغنون ثلاث دقات 
https://youtu.be/NCQ1mVVsNhU","[""other""]"
mixed_test_041,"EQ مش
Emotional Intelligence
ومفيش حاجة اسمها EQ اسمه IQ
معلش انتي سخيفة فحبيت اسخف عليكي 😂","[""other""]"
mixed_test_042,هو مفيش love في اليوتيوب ليه <3,"[""other""]"
mixed_test_043,هو مفيش dna,"[""other""]"
mixed_test_044,dislike لمي عمر وجوزها,"[""other""]"
mixed_test_045,داخلت  fast and furious 9,"[""other""]"
mixed_test_046,"وقت غروب الشمس واقف ع البحر بعيد 
  you are Amazing .. best wishes from Libya","[""product_praise""]"
mixed_test_047,من أجمل إعلانات عمرو مع پيپسي إن لم يكن الأجمل على الإطلاق، كله بهجة وفرحة ⁦☺️⁩ الأغنية دي Hit لسنين قدام,"[""product_praise""]"
mixed_test_048,محمد سعد احسن ممتل كوميدى مستحيل متضحكش  . وتحية كبيرة من المغرب . والله ضحكت من الاعلان بس شكلو فلم فشيخ hahhaha,"[""product_praise""]"
mixed_test_049,"فيديو نهائي ما عجبني الصراحة
ما في شيء original
No, next","[""quality""]"
mixed_test_050,الناس اللى عامله dislike  دى معندكوش احساس بالفن,"[""product_praise""]"
mixed_test_051,من أجمل الاغانى الرومانسية والراقصة فى نفس الوقت  - من يريد تعلم اللغة الانجليزية من الصفر بشكل جديد ومطور يشترك فى قناة Mr. Mohsen وبها دورات مجانية فى اللغة الانجليزية,"[""other""]"
mixed_test_052,Abo صوتو بجد تحفة كتير حلو صوت المغني و احساسو رااااائع,"[""product_praise""]"
mixed_test_053,جميلة و قوية و مبدعة لأبعد حد و قصتها معروضة بطريقة جميلة جدا اعلان مليان تفاؤل و متقن و جذاب جدا جدا .. و فكرة انكم عملتوه استعراضي فكرة جميلة جداااااا ما بنشوفهاش كتير .. تحية لفودافون و تحية أكبر للرائعة شيريهان stunning as always queen sherry..,"[""product_praise""]"
mixed_test_054,هههههههههههه هههههههههههههههههههههههههههههههههههههههههههه هههههههههههههههههههههههههههههه هههههههههههههههه ههههههههههه هههههههههه هههههههههhhhhhhhhhhhhhhhhhhhhhhhhhhhhh هههههههههههههههه هههههههه هههههههههه هههههههه هههههههههههههههه هههههههههههههه هههههههههههههه هههههههههههههه هههههههههههه هههههههههههههههههههههههههههههههههههههههههههههههههههههههههههههههههههههههه ههhhhhhhhhhhhhhhhhhhhjههههخهههههه ههههههههههه هههههههههه ههههههههههه ههههههههه هههههههه هههههههههhhhhhhhhhhhhhhhhhhhhhhhhhhhhh hhhhhhhhhhhhhhhhhhhhhhhhh ههههههههه عسسسسل يااااااااااااااااااحمدى,"[""other""]"
mixed_test_055,هي الناس اللي عامله dislike دي عندها اعاقه ✋😂😂😒😒,"[""other""]"
mixed_test_056,"ليه كان يتوقع انها ممكن تشمت فيه لانه بدون شغل؟ 
Sounds toxic","[""other""]"
mixed_test_057,أول مشاهد ⁦❤️⁩⁦❤️⁩ رمضان العشق Number 1,"[""product_praise""]"
mixed_test_058,"مش غريبة برضو الفيديو مفيهوش ولا راجل ""including Mohamed Ramadan 😂""","[""other""]"
mixed_test_059,This is فوووول,"[""product_praise""]"
mixed_test_060,بلنسبالي number one تامر عاشور ❤️❤️❤️❤️❤️❤️❤️كل اغنيه احلي من اللي قبلها ف كل اغانيه بجد تحفه لحن وكلام واحساس شااااااابو بجد 👏👏👏👏❤️❤️❤️❤️❤️,"[""product_praise""]"
mixed_test_061,شركه We بقت قذره بجد,"[""customer_service""]"
mixed_test_062,انا بحب حضرتك قوي ينفع تعملي علي فيلم    Spider Manاو كرتون انمي اسمه Miraculous بليز ينفع حضرتك تعملي كدا,"[""other""]"
mixed_test_063,50 مليووووووون الف مبرووووووك 50M views 🙋💃🙆💃🙆😘😍💋❤,"[""other""]"
mixed_test_064,انتي قمر اوي اوي💖so cute,"[""product_praise""]"
mixed_test_065,This is absolute Masterpiece. بحبكم يا جماعة😍😘,"[""product_praise""]"
mixed_test_066,"💪💪💪بتحب تعمل شوبنج من  ✊6th street ✊
استخدم كود الخصم دة👈 AC5501 👉
👀👀هاتحصل على 20% خصم اضافى
صالح في السعوديه و الإمارات والكويت والبحرين وقطر وعمان 👩‍👧‍👧👩‍👧‍👦💗💗💗
www.6thstreet.com","[""price""]"
mixed_test_067,هما يعني بينزلوا الحلقات بايظه عشان نتفرج ع ال TV !!!!,"[""quality""]"
mixed_test_068,"اقسم بالله يا جماعة الفيلم يستاهل oscar الفيلم جامد 
جدا جدا جدا جدا جدا","[""product_praise""]"
mixed_test_069,"الدقيقه 05:00  معزوفة كونشيرتو دي ارانجويز
الدقيقه 13:31  معزوفه من اغنية  The sound of silence","[""other""]"
mixed_test_070,الحب رائع I love you,"[""other""]"
mixed_test_071,I LOVE You محمد رمضان,"[""product_praise""]"
mixed_test_072,عمرو دياب  vs ابيو و مروان موسى 🤯🤯🤯😂🤞😜,"[""other""]"
mixed_test_073,Yaya بيقول افية بعد النكته تبقي احلي من من النكته,"[""other""]"
mixed_test_074,الناس اللي عامله dislike دول ايه ؟؟,"[""other""]"
mixed_test_075,دلوقتي تقدر تشاهد جميع فيديوهات واخبار المطرب خالد مصطفى Mrprodution,"[""other""]"
mixed_test_076,"لو عايز طريقة  تاخد منها 100 صندوق -كلاسيك مجانا- فى pubg mobile  , كل اللى هتعمله هتدخل جوجل وتكتب mbs45 وتدخل اول موقع هيبعتولك الصناديق , الطريقة سهله ونفعت معايا","[""other""]"
mixed_test_077,كفو وربي البرنس Nember 1,"[""product_praise""]"
mixed_test_078,360k dislikes لاكن ماالسبب؟,"[""other""]"
mixed_test_079,Venom لو سمحت,"[""other""]"
mixed_test_080,روووعة 😍💗💜   i like it,"[""product_praise""]"
mixed_test_081,مين سمعها مش كنا شغلنا BTS غيري🙂,"[""other""]"
mixed_test_082,😂😂😂كلهة جاية من BIG,"[""other""]"
mixed_test_083,اعملو ليا subscribe ❤️❤️🌸,"[""other""]"
mixed_test_084,الناس اللي عامله dislike بيقولو لعقلهم اي 🙄,"[""other""]"
mixed_test_085,The Legend - الهضبة,"[""product_praise""]"
mixed_test_086,تريد تبيض وجهك بعد ما شفناك مع فناني الاحتلال 😎 . # free palestine,"[""other""]"
mixed_test_087,الاغنية مميزة جدا ، hit الموسم والتيك توك💃🏻,"[""product_praise""]"
mixed_test_088,شريهان ..... Icon ❤️❤️❤️❤️,"[""other""]"
mixed_test_089,"Vodafone Egypt بدل ماتعملو اعلانات وتدفعو مبالغ كبيره على تكلفتها 
ادفعو الفلوس دى ف تحسين الشبكه الزباله بتاعتكم ولما الشبكه تتحسن دى هتكون احلى دعايه لكم 
لانكم بجد شبكتكم زفت وشركه سيئه وزباله","[""quality""]"
mixed_test_090,ناجح ف كل حاجه بجد I love you,"[""product_praise""]"
mixed_test_091,البيحب تامر حسني Like,"[""other""]"
mixed_test_092,عجيييييبة الاغنية جن فيها spanish vibes,"[""product_praise""]"
mixed_test_093,المتخلفين الي عاملين dis like 😒,"[""other""]"
mixed_test_094,Dis like علشان غزلان البضان,"[""other""]"
mixed_test_095,Mona zaki كرهتنا في الشخصية,"[""other""]"
mixed_test_096,فيها من تراك  (Lighters - Eminem - ft.-Bruno-mars),"[""product_praise""]"
mixed_test_097,"subscribe Please
Bitte ‏ ‏اقسم بالله أحب المصريين كثيرا إذا تحبون أيضا اشترك بقناة ‏أخوكم من العراق
https://www.youtube.com/watch?v=OqzbkpFqIJw&feature=share","[""other""]"
mixed_test_098,حاول تعمل حاجه توصل ل usa,"[""delivery""]"
mixed_test_099,يعني مش مقلد smooth criminal ?,"[""quality""]"
mixed_test_100,Lyrics : Ahmed El Malki  !!انت ايه ياعم برنس؟!! ايه الكلمات دي لو معملتش اغاني تاني كفاية دي الكلمات عظمة بس,"[""quality"", ""product_praise""]"
